; generated by PrusaSlicer 2.9.6 on 2026-09-28 at 10:27:53 UTC

; 

; external perimeters extrusion width = 0.45mm
; perimeters extrusion width = 0.45mm
; infill extrusion width = 0.45mm
; solid infill extrusion width = 0.45mm
; top infill extrusion width = 0.40mm
; first layer extrusion width = 0.40mm

;TYPE:Custom
G90
M83
M107
G28
M190 S60
M109 S205
G1 Z5 F300
G1 X40 Y10 F3000
G1 Z0.3 F300
G1 X120 Y10 E6 F900
G1 Z1 F300
G21 ; set units to millimeters
G90 ; use absolute coordinates
M83 ; use relative distances for extrusion
; Filament gcode
M107
;LAYER_CHANGE
;Z:0.2
;HEIGHT:0.2
G1 E-1 F1800
G1 Z.2 F300
G1 X65.849 Y64.865 F3000
G1 Z.2 F300
G1 E1 F1800
;TYPE:Skirt/Brim
;WIDTH:0.4
G1 F900
G1 X67.55 Y64.371 E.05259
G1 X92.45 Y64.371 E.73931
G1 X93.982 Y64.765 E.04697
G1 X95.135 Y65.849 E.04699
G1 X95.629 Y67.55 E.05259
G1 X95.629 Y92.45 E.73931
G1 X95.235 Y93.982 E.04697
G1 X94.151 Y95.135 E.04699
G1 X92.45 Y95.629 E.05259
G1 X67.55 Y95.629 E.73931
G1 X66.018 Y95.235 E.04697
G1 X64.865 Y94.151 E.04699
G1 X64.371 Y92.45 E.05259
G1 X64.371 Y67.55 E.73931
G1 X64.765 Y66.018 E.04697
G1 X65.808 Y64.909 E.0452
G1 E-1 F1800
G1 X91.893 Y91.893 F3000
G1 E1 F1800
;TYPE:Perimeter
;WIDTH:0.399999
G1 F900
G1 X68.107 Y91.893 E.70624
G1 X68.107 Y68.107 E.70624
G1 X91.893 Y68.107 E.70624
G1 X91.893 Y91.833 E.70445
G1 X92.25 Y92.25 F3000
;TYPE:External perimeter
G1 F900
G1 X67.75 Y92.25 E.72744
G1 X67.75 Y67.75 E.72744
G1 X92.25 Y67.75 E.72744
G1 X92.25 Y92.19 E.72565
G1 X91.854 Y92.249 F3000
G1 E-1 F1800
G1 X91.786 Y68.94 F3000
G1 E1 F1800
;TYPE:Solid infill
;WIDTH:0.401906
G1 F900
G1 X91.221 Y68.375 E.02385
G1 X90.713 Y68.375 E.01516
G1 X91.625 Y69.287 E.0385
G1 X91.625 Y69.795 E.01516
G1 X90.205 Y68.375 E.05994
G1 X89.698 Y68.375 E.01513
G1 X91.625 Y70.302 E.08135
G1 X91.625 Y70.81 E.01516
G1 X89.19 Y68.375 E.10279
G1 X88.682 Y68.375 E.01516
G1 X91.625 Y71.318 E.12424
G1 X91.625 Y71.826 E.01516
G1 X88.175 Y68.375 E.14566
G1 X87.667 Y68.375 E.01516
G1 X91.625 Y72.333 E.16708
G1 X91.625 Y72.841 E.01516
G1 X87.159 Y68.375 E.18853
G1 X86.651 Y68.375 E.01516
G1 X91.625 Y73.349 E.20997
G1 X91.625 Y73.856 E.01513
G1 X86.144 Y68.375 E.23137
G1 X85.636 Y68.375 E.01516
G1 X91.625 Y74.364 E.25282
G1 X91.625 Y74.872 E.01516
G1 X85.128 Y68.375 E.27426
G1 X84.621 Y68.375 E.01513
G1 X91.625 Y75.379 E.29567
G1 X91.625 Y75.887 E.01516
G1 X84.113 Y68.375 E.31711
G1 X83.605 Y68.375 E.01516
G1 X91.625 Y76.395 E.33856
G1 X91.625 Y76.902 E.01513
G1 X83.098 Y68.375 E.35996
G1 X82.59 Y68.375 E.01516
G1 X91.625 Y77.41 E.3814
G1 X91.625 Y77.918 E.01516
G1 X82.082 Y68.375 E.40285
G1 X81.575 Y68.375 E.01513
G1 X91.625 Y78.425 E.42425
G1 X91.625 Y78.933 E.01516
G1 X81.067 Y68.375 E.4457
G1 X80.559 Y68.375 E.01516
G1 X91.625 Y79.441 E.46714
G1 X91.625 Y79.948 E.01513
G1 X80.052 Y68.375 E.48854
G1 X79.544 Y68.375 E.01516
G1 X91.625 Y80.456 E.50999
G1 X91.625 Y80.964 E.01516
G1 X79.036 Y68.375 E.53143
G1 X78.529 Y68.375 E.01513
G1 X91.625 Y81.471 E.55283
G1 X91.625 Y81.979 E.01516
G1 X78.021 Y68.375 E.57428
G1 X77.513 Y68.375 E.01516
G1 X91.625 Y82.487 E.59572
G1 X91.625 Y82.995 E.01516
G1 X77.005 Y68.375 E.61717
G1 X76.498 Y68.375 E.01513
G1 X91.625 Y83.502 E.63857
G1 X91.625 Y84.01 E.01516
G1 X75.99 Y68.375 E.66002
G1 X75.482 Y68.375 E.01516
G1 X91.625 Y84.518 E.68146
G1 X91.625 Y85.025 E.01513
G1 X74.975 Y68.375 E.70286
G1 X74.467 Y68.375 E.01516
G1 X91.625 Y85.533 E.72431
G1 X91.625 Y86.041 E.01516
G1 X73.959 Y68.375 E.74575
G1 X73.452 Y68.375 E.01513
G1 X91.625 Y86.548 E.76716
G1 X91.625 Y87.056 E.01516
G1 X72.944 Y68.375 E.7886
G1 X72.436 Y68.375 E.01516
G1 X91.625 Y87.564 E.81004
G1 X91.625 Y88.071 E.01513
G1 X71.929 Y68.375 E.83145
G1 X71.421 Y68.375 E.01516
G1 X91.625 Y88.579 E.85289
G1 X91.625 Y89.087 E.01516
G1 X70.913 Y68.375 E.87434
G1 X70.406 Y68.375 E.01513
G1 X91.625 Y89.594 E.89574
G1 X91.625 Y90.102 E.01516
G1 X69.898 Y68.375 E.91718
G1 X69.39 Y68.375 E.01516
G1 X91.625 Y90.61 E.93863
G1 X91.625 Y91.117 E.01513
G1 X68.883 Y68.375 E.96003
G1 X68.375 Y68.375 E.01516
G1 X91.625 Y91.625 E.98148
G1 X91.117 Y91.625 E.01516
G1 X68.375 Y68.883 E.96003
G1 X68.375 Y69.39 E.01513
G1 X90.61 Y91.625 E.93863
G1 X90.102 Y91.625 E.01516
G1 X68.375 Y69.898 E.91718
G1 X68.375 Y70.406 E.01516
G1 X89.594 Y91.625 E.89574
G1 X89.087 Y91.625 E.01513
G1 X68.375 Y70.913 E.87434
G1 X68.375 Y71.421 E.01516
G1 X88.579 Y91.625 E.85289
G1 X88.071 Y91.625 E.01516
G1 X68.375 Y71.929 E.83145
G1 X68.375 Y72.436 E.01513
G1 X87.564 Y91.625 E.81004
G1 X87.056 Y91.625 E.01516
G1 X68.375 Y72.944 E.7886
G1 X68.375 Y73.452 E.01516
G1 X86.548 Y91.625 E.76716
G1 X86.041 Y91.625 E.01513
G1 X68.375 Y73.959 E.74575
G1 X68.375 Y74.467 E.01516
G1 X85.533 Y91.625 E.72431
G1 X85.025 Y91.625 E.01516
G1 X68.375 Y74.975 E.70286
G1 X68.375 Y75.482 E.01513
G1 X84.518 Y91.625 E.68146
G1 X84.01 Y91.625 E.01516
G1 X68.375 Y75.99 E.66002
G1 X68.375 Y76.498 E.01516
G1 X83.502 Y91.625 E.63857
G1 X82.994 Y91.625 E.01516
G1 X68.375 Y77.006 E.61713
G1 X68.375 Y77.513 E.01513
G1 X82.487 Y91.625 E.59572
G1 X81.979 Y91.625 E.01516
G1 X68.375 Y78.021 E.57428
G1 X68.375 Y78.529 E.01516
G1 X81.471 Y91.625 E.55283
G1 X80.964 Y91.625 E.01513
G1 X68.375 Y79.036 E.53143
G1 X68.375 Y79.544 E.01516
G1 X80.456 Y91.625 E.50999
G1 X79.948 Y91.625 E.01516
G1 X68.375 Y80.052 E.48854
G1 X68.375 Y80.559 E.01513
G1 X79.441 Y91.625 E.46714
G1 X78.933 Y91.625 E.01516
G1 X68.375 Y81.067 E.4457
G1 X68.375 Y81.575 E.01516
G1 X78.425 Y91.625 E.42425
G1 X77.918 Y91.625 E.01513
G1 X68.375 Y82.082 E.40285
G1 X68.375 Y82.59 E.01516
G1 X77.41 Y91.625 E.3814
G1 X76.902 Y91.625 E.01516
G1 X68.375 Y83.098 E.35996
G1 X68.375 Y83.605 E.01513
G1 X76.395 Y91.625 E.33856
G1 X75.887 Y91.625 E.01516
G1 X68.375 Y84.113 E.31711
G1 X68.375 Y84.621 E.01516
G1 X75.379 Y91.625 E.29567
G1 X74.872 Y91.625 E.01513
G1 X68.375 Y85.128 E.27426
G1 X68.375 Y85.636 E.01516
G1 X74.364 Y91.625 E.25282
G1 X73.856 Y91.625 E.01516
G1 X68.375 Y86.144 E.23137
G1 X68.375 Y86.651 E.01513
G1 X73.349 Y91.625 E.20997
G1 X72.841 Y91.625 E.01516
G1 X68.375 Y87.159 E.18853
G1 X68.375 Y87.667 E.01516
G1 X72.333 Y91.625 E.16708
G1 X71.825 Y91.625 E.01516
G1 X68.375 Y88.175 E.14564
G1 X68.375 Y88.682 E.01513
G1 X71.318 Y91.625 E.12424
G1 X70.81 Y91.625 E.01516
G1 X68.375 Y89.19 E.10279
G1 X68.375 Y89.698 E.01516
G1 X70.302 Y91.625 E.08135
G1 X69.795 Y91.625 E.01513
G1 X68.375 Y90.205 E.05994
G1 X68.375 Y90.713 E.01516
G1 X69.287 Y91.625 E.0385
G1 X68.779 Y91.625 E.01516
G1 X68.214 Y91.06 E.02385
M106 S89.25
;LAYER_CHANGE
;Z:0.4
;HEIGHT:0.2
G1 E-1 F1800
G1 Z.4 F300
G92 E0
M104 S200 ; set temperature
G1 X91.718 Y91.718 F3000
G1 E1 F1800
;TYPE:Perimeter
;WIDTH:0.449999
G1 F1500
G1 X68.282 Y91.718 E.79328
G1 X68.282 Y68.282 E.79328
G1 X91.718 Y68.282 E.79328
G1 X91.718 Y91.658 E.79125
G1 X92.125 Y92.125 F3000
;TYPE:External perimeter
G1 F1200
G1 X67.875 Y92.125 E.82083
G1 X67.875 Y67.875 E.82083
G1 X92.125 Y67.875 E.82083
G1 X92.125 Y92.065 E.8188
G1 X91.729 Y92.124 F3000
G1 E-1 F1800
G1 X68.698 Y68.62 F3000
G1 E1 F1800
;TYPE:Solid infill
;WIDTH:0.548766
G1 F1500
G1 X68.653 Y68.576 E.00265
G1 X68.592 Y68.592 E.00265
G1 X68.576 Y68.653 E.00265
G1 X68.62 Y68.698 E.00265
G1 X68.681 Y68.681 E.00266
G1 X68.455 Y69.477 F3000
;WIDTH:0.38292
G1 F1500
G1 X68.384 Y69.458 E.00208
G1 X68.403 Y69.529 E.00208
G1 X68.444 Y69.518 E.0012
;WIDTH:0.41646
G1 X68.516 Y69.425 E.00365
;WIDTH:0.449999
G1 X68.587 Y69.332 E.00396
G1 X69.332 Y68.587 E.03566
G1 X69.425 Y68.516 E.00396
;WIDTH:0.41646
G1 X69.518 Y68.444 E.00365
;WIDTH:0.38292
G1 X69.477 Y68.455 E.0012
G1 X69.458 Y68.384 E.00208
G1 X69.529 Y68.403 E.00208
;WIDTH:0.449999
G1 X69.907 Y68.587 E.01423
G1 X68.587 Y69.907 E.06319
G1 X68.587 Y70.483 E.0195
G1 X70.483 Y68.587 E.09076
G1 X71.059 Y68.587 E.0195
G1 X68.587 Y71.059 E.11833
G1 X68.587 Y71.634 E.01946
G1 X71.634 Y68.587 E.14586
G1 X72.21 Y68.587 E.0195
G1 X68.587 Y72.21 E.17343
G1 X68.587 Y72.786 E.0195
G1 X72.786 Y68.587 E.201
G1 X73.362 Y68.587 E.0195
G1 X68.587 Y73.362 E.22858
G1 X68.587 Y73.937 E.01946
G1 X73.937 Y68.587 E.2561
G1 X74.513 Y68.587 E.0195
G1 X68.587 Y74.513 E.28367
G1 X68.587 Y75.089 E.0195
G1 X75.089 Y68.587 E.31125
G1 X75.664 Y68.587 E.01946
G1 X68.587 Y75.664 E.33877
G1 X68.587 Y76.24 E.0195
G1 X76.24 Y68.587 E.36634
G1 X76.816 Y68.587 E.0195
G1 X68.587 Y76.816 E.39392
G1 X68.587 Y77.391 E.01946
G1 X77.391 Y68.587 E.42144
G1 X77.967 Y68.587 E.0195
G1 X68.587 Y77.967 E.44901
G1 X68.587 Y78.543 E.0195
G1 X78.543 Y68.587 E.47659
G1 X79.119 Y68.587 E.0195
G1 X68.587 Y79.119 E.50416
G1 X68.587 Y79.694 E.01946
G1 X79.694 Y68.587 E.53169
G1 X80.27 Y68.587 E.0195
G1 X68.587 Y80.27 E.55926
G1 X68.587 Y80.846 E.0195
G1 X80.846 Y68.587 E.58683
G1 X81.421 Y68.587 E.01946
G1 X68.587 Y81.421 E.61436
G1 X68.587 Y81.997 E.0195
G1 X81.997 Y68.587 E.64193
G1 X82.573 Y68.587 E.0195
G1 X68.587 Y82.573 E.6695
G1 X68.587 Y83.148 E.01946
G1 X83.148 Y68.587 E.69703
G1 X83.724 Y68.587 E.0195
G1 X68.587 Y83.724 E.7246
G1 X68.587 Y84.3 E.0195
G1 X84.3 Y68.587 E.75217
G1 X84.876 Y68.587 E.0195
G1 X68.587 Y84.876 E.77974
G1 X68.587 Y85.451 E.01946
G1 X85.451 Y68.587 E.80727
G1 X86.027 Y68.587 E.0195
G1 X68.587 Y86.027 E.83484
G1 X68.587 Y86.603 E.0195
G1 X86.603 Y68.587 E.86241
G1 X87.178 Y68.587 E.01946
G1 X68.587 Y87.178 E.88994
G1 X68.587 Y87.754 E.0195
G1 X87.754 Y68.587 E.91751
G1 X88.33 Y68.587 E.0195
G1 X68.587 Y88.33 E.94509
G1 X68.587 Y88.905 E.01946
G1 X88.905 Y68.587 E.97261
G1 X89.481 Y68.587 E.0195
G1 X68.587 Y89.481 E1.00018
G1 X68.587 Y90.057 E.0195
G1 X90.057 Y68.587 E1.02776
G1 X90.632 Y68.587 E.01946
G1 X68.587 Y90.632 E1.05528
G1 X68.524 Y91.536 F3000
;WIDTH:0.38292
G1 F1500
G1 X68.483 Y91.547 E.0012
G1 X68.464 Y91.476 E.00208
G1 X68.535 Y91.495 E.00208
;WIDTH:0.41646
G1 X68.561 Y91.352 E.00451
;WIDTH:0.449999
G1 X68.587 Y91.208 E.00495
G1 X91.208 Y68.587 E1.08285
G1 X91.372 Y68.556 E.00565
;WIDTH:0.41646
G1 X91.536 Y68.524 E.00519
;WIDTH:0.38292
G1 X91.495 Y68.535 E.0012
G1 X91.476 Y68.464 E.00208
G1 X91.547 Y68.483 E.00208
;WIDTH:0.449999
G1 X91.413 Y68.959 E.01674
G1 X68.959 Y91.413 E1.07486
G1 X69.534 Y91.413 E.01946
G1 X91.413 Y69.534 E1.04733
G1 X91.413 Y70.11 E.0195
G1 X70.11 Y91.413 E1.01976
G1 X70.686 Y91.413 E.0195
G1 X91.413 Y70.686 E.99219
G1 X91.413 Y71.261 E.01946
G1 X71.261 Y91.413 E.96466
G1 X71.837 Y91.413 E.0195
G1 X91.413 Y71.837 E.93709
G1 X91.413 Y72.413 E.0195
G1 X72.413 Y91.413 E.90952
G1 X72.989 Y91.413 E.0195
G1 X91.413 Y72.989 E.88195
G1 X91.413 Y73.564 E.01946
G1 X73.564 Y91.413 E.85442
G1 X74.14 Y91.413 E.0195
G1 X91.413 Y74.14 E.82685
G1 X91.413 Y74.716 E.0195
G1 X74.716 Y91.413 E.79927
G1 X75.291 Y91.413 E.01946
G1 X91.413 Y75.291 E.77175
G1 X91.413 Y75.867 E.0195
G1 X75.867 Y91.413 E.74418
G1 X76.443 Y91.413 E.0195
G1 X91.413 Y76.443 E.7166
G1 X91.413 Y77.018 E.01946
G1 X77.018 Y91.413 E.68908
G1 X77.594 Y91.413 E.0195
G1 X91.413 Y77.594 E.66151
G1 X91.413 Y78.17 E.0195
G1 X78.17 Y91.413 E.63393
G1 X78.745 Y91.413 E.01946
G1 X91.413 Y78.746 E.60639
G1 X91.413 Y79.321 E.01946
G1 X79.321 Y91.413 E.57884
G1 X79.897 Y91.413 E.0195
G1 X91.413 Y79.897 E.55126
G1 X91.413 Y80.473 E.0195
G1 X80.473 Y91.413 E.52369
G1 X81.048 Y91.413 E.01946
G1 X91.413 Y81.048 E.49617
G1 X91.413 Y81.624 E.0195
G1 X81.624 Y91.413 E.46859
G1 X82.2 Y91.413 E.0195
G1 X91.413 Y82.2 E.44102
G1 X91.413 Y82.775 E.01946
G1 X82.775 Y91.413 E.4135
G1 X83.351 Y91.413 E.0195
G1 X91.413 Y83.351 E.38592
G1 X91.413 Y83.927 E.0195
G1 X83.927 Y91.413 E.35835
G1 X84.502 Y91.413 E.01946
G1 X91.413 Y84.502 E.33083
G1 X91.413 Y85.078 E.0195
G1 X85.078 Y91.413 E.30325
G1 X85.654 Y91.413 E.0195
G1 X91.413 Y85.654 E.27568
G1 X91.413 Y86.23 E.0195
G1 X86.23 Y91.413 E.24811
G1 X86.805 Y91.413 E.01946
G1 X91.413 Y86.805 E.22058
G1 X91.413 Y87.381 E.0195
G1 X87.381 Y91.413 E.19301
G1 X87.957 Y91.413 E.0195
G1 X91.413 Y87.957 E.16544
G1 X91.413 Y88.532 E.01946
G1 X88.532 Y91.413 E.13791
G1 X89.108 Y91.413 E.0195
G1 X91.413 Y89.108 E.11034
G1 X91.413 Y89.684 E.0195
G1 X89.684 Y91.413 E.08277
G1 X91.202 Y90.565 F3000
;WIDTH:0.584215
G1 F1500
G1 X90.421 Y91.346 E.04971
G1 X91.346 Y91.346 E.04163
G1 X91.346 Y90.421 E.04163
;LAYER_CHANGE
;Z:0.6
;HEIGHT:0.2
G1 E-1 F1800
G1 Z.6 F300
G92 E0
G1 X91.618 Y91.618 F3000
G1 E1 F1800
;TYPE:Perimeter
;WIDTH:0.449999
G1 F1500
G1 X68.382 Y91.618 E.78651
G1 X68.382 Y68.382 E.78651
G1 X91.618 Y68.382 E.78651
G1 X91.618 Y91.558 E.78448
G1 X92.025 Y92.025 F3000
;TYPE:External perimeter
G1 F1200
G1 X67.975 Y92.025 E.81406
G1 X67.975 Y67.975 E.81406
G1 X92.025 Y67.975 E.81406
G1 X92.025 Y91.965 E.81203
G1 X91.629 Y92.024 F3000
G1 E-1 F1800
G1 X68.72 Y91.202 F3000
G1 E1 F1800
;TYPE:Solid infill
;WIDTH:0.548766
G1 F1500
G1 X68.676 Y91.247 E.00265
G1 X68.692 Y91.308 E.00265
G1 X68.753 Y91.324 E.00265
G1 X68.798 Y91.28 E.00265
G1 X68.781 Y91.219 E.00266
;WIDTH:0.449999
G1 X68.687 Y90.568 E.02226
G1 X69.432 Y91.313 E.03566
G1 X70.007 Y91.313 E.01946
G1 X68.687 Y89.993 E.06319
G1 X68.687 Y89.417 E.0195
G1 X70.583 Y91.313 E.09076
G1 X71.159 Y91.313 E.0195
G1 X68.687 Y88.841 E.11833
G1 X68.687 Y88.266 E.01946
G1 X71.734 Y91.313 E.14586
G1 X72.31 Y91.313 E.0195
G1 X68.687 Y87.69 E.17343
G1 X68.687 Y87.114 E.0195
G1 X72.886 Y91.313 E.201
G1 X73.462 Y91.313 E.0195
G1 X68.687 Y86.538 E.22858
G1 X68.687 Y85.963 E.01946
G1 X74.037 Y91.313 E.2561
G1 X74.613 Y91.313 E.0195
G1 X68.687 Y85.387 E.28367
G1 X68.687 Y84.811 E.0195
G1 X75.189 Y91.313 E.31125
G1 X75.764 Y91.313 E.01946
G1 X68.687 Y84.236 E.33877
G1 X68.687 Y83.66 E.0195
G1 X76.34 Y91.313 E.36634
G1 X76.916 Y91.313 E.0195
G1 X68.687 Y83.084 E.39392
G1 X68.687 Y82.509 E.01946
G1 X77.491 Y91.313 E.42144
G1 X78.067 Y91.313 E.0195
G1 X68.687 Y81.933 E.44901
G1 X68.687 Y81.357 E.0195
G1 X78.643 Y91.313 E.47659
G1 X79.219 Y91.313 E.0195
G1 X68.687 Y80.781 E.50416
G1 X68.687 Y80.206 E.01946
G1 X79.794 Y91.313 E.53169
G1 X80.37 Y91.313 E.0195
G1 X68.687 Y79.63 E.55926
G1 X68.687 Y79.054 E.0195
G1 X80.946 Y91.313 E.58683
G1 X81.521 Y91.313 E.01946
G1 X68.687 Y78.479 E.61436
G1 X68.687 Y77.903 E.0195
G1 X82.097 Y91.313 E.64193
G1 X82.673 Y91.313 E.0195
G1 X68.687 Y77.327 E.6695
G1 X68.687 Y76.752 E.01946
G1 X83.248 Y91.313 E.69703
G1 X83.824 Y91.313 E.0195
G1 X68.687 Y76.176 E.7246
G1 X68.687 Y75.6 E.0195
G1 X84.4 Y91.313 E.75217
G1 X84.976 Y91.313 E.0195
G1 X68.687 Y75.024 E.77974
G1 X68.687 Y74.449 E.01946
G1 X85.551 Y91.313 E.80727
G1 X86.127 Y91.313 E.0195
G1 X68.687 Y73.873 E.83484
G1 X68.687 Y73.297 E.0195
G1 X86.703 Y91.313 E.86241
G1 X87.278 Y91.313 E.01946
G1 X68.687 Y72.722 E.88994
G1 X68.687 Y72.146 E.0195
G1 X87.854 Y91.313 E.91751
G1 X88.43 Y91.313 E.0195
G1 X68.687 Y71.57 E.94509
G1 X68.687 Y70.995 E.01946
G1 X89.005 Y91.313 E.97261
G1 X89.581 Y91.313 E.0195
G1 X68.687 Y70.419 E1.00018
G1 X68.687 Y69.843 E.0195
G1 X90.157 Y91.313 E1.02776
G1 X90.732 Y91.313 E.01946
G1 X68.687 Y69.268 E1.05528
G1 X68.687 Y68.692 E.0195
G1 X91.308 Y91.313 E1.08285
G1 X91.313 Y90.741 E.01936
G1 X69.259 Y68.687 E1.05571
G1 X69.834 Y68.687 E.01946
G1 X91.313 Y90.166 E1.02819
G1 X91.313 Y89.59 E.0195
G1 X70.41 Y68.687 E1.00061
G1 X70.986 Y68.687 E.0195
G1 X91.313 Y89.014 E.97304
G1 X91.313 Y88.439 E.01946
G1 X71.561 Y68.687 E.94552
G1 X72.137 Y68.687 E.0195
G1 X91.313 Y87.863 E.91794
G1 X91.313 Y87.287 E.0195
G1 X72.713 Y68.687 E.89037
G1 X73.289 Y68.687 E.0195
G1 X91.313 Y86.711 E.8628
G1 X91.313 Y86.136 E.01946
G1 X73.864 Y68.687 E.83527
G1 X74.44 Y68.687 E.0195
G1 X91.313 Y85.56 E.8077
G1 X91.313 Y84.984 E.0195
G1 X75.016 Y68.687 E.78013
G1 X75.591 Y68.687 E.01946
G1 X91.313 Y84.409 E.7526
G1 X91.313 Y83.833 E.0195
G1 X76.167 Y68.687 E.72503
G1 X76.743 Y68.687 E.0195
G1 X91.313 Y83.257 E.69746
G1 X91.313 Y82.682 E.01946
G1 X77.318 Y68.687 E.66993
G1 X77.894 Y68.687 E.0195
G1 X91.313 Y82.106 E.64236
G1 X91.313 Y81.53 E.0195
G1 X78.47 Y68.687 E.61479
G1 X79.045 Y68.687 E.01946
G1 X91.313 Y80.955 E.58726
G1 X91.313 Y80.379 E.0195
G1 X79.621 Y68.687 E.55969
G1 X80.197 Y68.687 E.0195
G1 X91.313 Y79.803 E.53212
G1 X91.313 Y79.227 E.0195
G1 X80.773 Y68.687 E.50454
G1 X81.348 Y68.687 E.01946
G1 X91.313 Y78.652 E.47702
G1 X91.313 Y78.076 E.0195
G1 X81.924 Y68.687 E.44945
G1 X82.5 Y68.687 E.0195
G1 X91.313 Y77.5 E.42187
G1 X91.313 Y76.925 E.01946
G1 X83.075 Y68.687 E.39435
G1 X83.651 Y68.687 E.0195
G1 X91.313 Y76.349 E.36678
G1 X91.313 Y75.773 E.0195
G1 X84.227 Y68.687 E.3392
G1 X84.802 Y68.687 E.01946
G1 X91.313 Y75.198 E.31168
G1 X91.313 Y74.622 E.0195
G1 X85.378 Y68.687 E.2841
G1 X85.954 Y68.687 E.0195
G1 X91.313 Y74.046 E.25653
G1 X91.313 Y73.47 E.0195
G1 X86.53 Y68.687 E.22896
G1 X87.105 Y68.687 E.01946
G1 X91.313 Y72.895 E.20143
G1 X91.313 Y72.319 E.0195
G1 X87.681 Y68.687 E.17386
G1 X88.257 Y68.687 E.0195
G1 X91.313 Y71.743 E.14629
G1 X91.313 Y71.168 E.01946
G1 X88.832 Y68.687 E.11876
G1 X89.408 Y68.687 E.0195
G1 X91.313 Y70.592 E.09119
G1 E-1 F1800
G1 X90.128 Y68.831 F3000
G1 E1 F1800
G1 F1500
G1 X91.313 Y70.016 E.05673
G1 X91.313 Y68.687 E.04499
G1 X89.984 Y68.687 E.04499
M106 S160.65
;LAYER_CHANGE
;Z:0.8
;HEIGHT:0.2
G1 E-1 F1800
G1 Z.8 F300
G92 E0
G1 X91.518 Y91.518 F3000
G1 E1 F1800
;TYPE:Perimeter
G1 F1500
G1 X68.482 Y91.518 E.77974
G1 X68.482 Y68.482 E.77974
G1 X91.518 Y68.482 E.77974
G1 X91.518 Y91.458 E.77771
G1 X91.925 Y91.925 F3000
;TYPE:External perimeter
G1 F1200
G1 X68.075 Y91.925 E.80729
G1 X68.075 Y68.075 E.80729
G1 X91.925 Y68.075 E.80729
G1 X91.925 Y91.865 E.80526
G1 X91.529 Y91.924 F3000
G1 E-1 F1800
G1 X90.827 Y75.327 F3000
G1 E1 F1800
;TYPE:Internal infill
;WIDTH:0.45
G1 X90.827 Y72.884 E.08269
G1 X69.173 Y78.687 E.75883
G1 X69.173 Y80.687 E.0677
G1 X79.313 Y90.827 E.4854
G1 X77.099 Y90.827 E.07494
G1 X82.901 Y69.173 E.75882
G1 X80.687 Y69.173 E.07494
G1 X90.827 Y79.313 E.4854
G1 X90.827 Y81.313 E.0677
G1 X69.173 Y87.116 E.75883
G1 X69.173 Y84.673 E.08269
G1 E-1
G1 X69.739 Y90.827 F3000
G1 E1 F1800
G1 X69.173 Y90.827 E.01916
G1 X69.173 Y88.951 E.0635
G1 X74.472 Y69.173 E.69307
G1 X73.222 Y69.173 E.04231
G1 X69.173 Y70.258 E.14189
G1 X69.173 Y69.173 E.03673
G1 X90.827 Y90.827 E1.03656
G1 X90.827 Y89.742 E.03673
G1 X86.778 Y90.827 E.14189
G1 X85.528 Y90.827 E.04231
G1 X90.827 Y71.049 E.69307
G1 X90.827 Y69.173 E.0635
G1 X90.261 Y69.173 E.01916
G1 X90.931 Y68.777 F3000
;TYPE:Solid infill
;WIDTH:0.470008
G1 F1500
G1 X91.007 Y68.797 E.00279
;WIDTH:0.51161
G1 X91.084 Y68.818 E.00311
;WIDTH:0.553212
G1 X91.161 Y68.839 E.00339
G1 X91.182 Y68.916 E.00339
;WIDTH:0.51161
G1 X91.203 Y68.993 E.00311
;WIDTH:0.470008
G1 X91.223 Y69.069 E.00279
;WIDTH:0.428406
G1 X91.223 Y90.931 E.70075
;WIDTH:0.470009
G1 X91.203 Y91.007 E.00279
;WIDTH:0.511612
G1 X91.182 Y91.084 E.00311
;WIDTH:0.553214
G1 X91.161 Y91.161 E.00339
G1 X91.093 Y91.182 E.00302
;WIDTH:0.511612
G1 X91.026 Y91.203 E.00274
;WIDTH:0.470009
G1 X90.958 Y91.223 E.00252
;WIDTH:0.428406
G1 X69.069 Y91.223 E.70161
;WIDTH:0.470008
G1 X68.993 Y91.203 E.00279
;WIDTH:0.51161
G1 X68.916 Y91.182 E.00311
;WIDTH:0.553212
G1 X68.839 Y91.161 E.00339
G1 X68.818 Y91.084 E.00339
;WIDTH:0.51161
G1 X68.797 Y91.007 E.00311
;WIDTH:0.470008
G1 X68.777 Y90.931 E.00279
;WIDTH:0.428406
G1 X68.777 Y69.069 E.70075
;WIDTH:0.470009
G1 X68.797 Y68.993 E.00279
;WIDTH:0.511612
G1 X68.818 Y68.916 E.00311
;WIDTH:0.553214
G1 X68.839 Y68.839 E.00339
G1 X68.916 Y68.818 E.00339
;WIDTH:0.511612
G1 X68.993 Y68.797 E.00311
;WIDTH:0.470009
G1 X69.069 Y68.777 E.00279
;WIDTH:0.428406
G1 X90.727 Y68.777 E.69421
M106 S158.1
;LAYER_CHANGE
;Z:1
;HEIGHT:0.2
G1 E-1 F1800
G1 Z1 F300
G92 E0
G1 X91.418 Y91.418 F3000
G1 E1 F1800
;TYPE:Perimeter
;WIDTH:0.449999
G1 F1500
G1 X68.582 Y91.418 E.77297
G1 X68.582 Y68.582 E.77297
G1 X91.418 Y68.582 E.77297
G1 X91.418 Y91.358 E.77094
G1 X91.825 Y91.825 F3000
;TYPE:External perimeter
G1 F1200
G1 X68.175 Y91.825 E.80052
G1 X68.175 Y68.175 E.80052
G1 X91.825 Y68.175 E.80052
G1 X91.825 Y91.765 E.79849
G1 X91.429 Y91.824 F3000
G1 E-1 F1800
G1 X90.727 Y75.354 F3000
G1 E1 F1800
;TYPE:Internal infill
;WIDTH:0.45
G1 X90.727 Y72.911 E.08269
G1 X69.273 Y78.66 E.75181
G1 X69.273 Y80.787 E.072
G1 X79.213 Y90.727 E.47582
G1 X77.126 Y90.727 E.07064
G1 X82.874 Y69.273 E.7518
G1 X80.787 Y69.273 E.07064
G1 X90.727 Y79.213 E.47582
G1 X90.727 Y81.34 E.072
G1 X69.273 Y87.089 E.75181
G1 X69.273 Y84.646 E.08269
G1 E-1
G1 X69.566 Y90.727 F3000
G1 E1 F1800
G1 X69.273 Y90.727 E.00992
G1 X69.273 Y88.577 E.07277
G1 X74.446 Y69.273 E.67647
G1 X72.849 Y69.273 E.05406
G1 X69.273 Y70.231 E.12531
G1 X69.273 Y69.273 E.03243
G1 X90.727 Y90.727 E1.02699
G1 X90.727 Y89.769 E.03243
G1 X87.151 Y90.727 E.12531
G1 X85.554 Y90.727 E.05406
G1 X90.727 Y71.423 E.67647
G1 X90.727 Y69.273 E.07277
G1 X90.434 Y69.273 E.00992
G1 E-1
G1 X68.877 Y69.169 F3000
G1 E1 F1800
;TYPE:Solid infill
;WIDTH:0.470011
G1 F1500
G1 X68.897 Y69.093 E.00279
;WIDTH:0.511614
G1 X68.918 Y69.016 E.00311
;WIDTH:0.553216
G1 X68.939 Y68.939 E.00339
G1 X69.016 Y68.918 E.00339
;WIDTH:0.511614
G1 X69.093 Y68.897 E.00311
;WIDTH:0.470012
G1 X69.169 Y68.877 E.00279
;WIDTH:0.42841
G1 X90.831 Y68.877 E.69435
;WIDTH:0.47001
G1 X90.907 Y68.897 E.00279
;WIDTH:0.511613
G1 X90.984 Y68.918 E.00311
;WIDTH:0.553216
G1 X91.061 Y68.939 E.00339
G1 X91.082 Y69.007 E.00302
;WIDTH:0.511613
G1 X91.103 Y69.074 E.00274
;WIDTH:0.47001
G1 X91.123 Y69.142 E.00252
;WIDTH:0.428406
G1 X91.123 Y90.831 E.6952
;WIDTH:0.470008
G1 X91.103 Y90.907 E.00279
;WIDTH:0.51161
G1 X91.082 Y90.984 E.00311
;WIDTH:0.553212
G1 X91.061 Y91.061 E.00339
G1 X90.984 Y91.082 E.00339
;WIDTH:0.51161
G1 X90.907 Y91.103 E.00311
;WIDTH:0.470008
G1 X90.831 Y91.123 E.00279
;WIDTH:0.428406
G1 X69.169 Y91.123 E.69434
;WIDTH:0.47001
G1 X69.093 Y91.103 E.00279
;WIDTH:0.511613
G1 X69.016 Y91.082 E.00311
;WIDTH:0.553216
G1 X68.939 Y91.061 E.00339
G1 X68.918 Y90.984 E.00339
;WIDTH:0.511614
G1 X68.897 Y90.907 E.00311
;WIDTH:0.470011
G1 X68.877 Y90.831 E.00279
;WIDTH:0.428408
G1 X68.877 Y69.373 E.6878
M106 S160.65
;LAYER_CHANGE
;Z:1.2
;HEIGHT:0.2
G1 E-1 F1800
G1 Z1.2 F300
G92 E0
G1 X91.318 Y91.318 F3000
G1 E1 F1800
;TYPE:Perimeter
;WIDTH:0.449999
G1 F1500
G1 X68.682 Y91.318 E.7662
G1 X68.682 Y68.682 E.7662
G1 X91.318 Y68.682 E.7662
G1 X91.318 Y91.258 E.76417
G1 X91.725 Y91.725 F3000
;TYPE:External perimeter
G1 F1200
G1 X68.275 Y91.725 E.79375
G1 X68.275 Y68.275 E.79375
G1 X91.725 Y68.275 E.79375
G1 X91.725 Y91.665 E.79172
G1 X91.329 Y91.724 F3000
G1 E-1 F1800
G1 X90.627 Y72.938 F3000
G1 E1 F1800
;TYPE:Internal infill
;WIDTH:0.45
G1 X69.373 Y78.633 E.7448
G1 X69.373 Y80.887 E.0763
G1 X79.113 Y90.627 E.46625
G1 X77.152 Y90.627 E.06638
G1 X82.848 Y69.373 E.74481
G1 X80.887 Y69.373 E.06638
G1 X90.627 Y79.113 E.46625
G1 X90.627 Y81.367 E.0763
G1 X69.373 Y87.062 E.7448
G1 E-1
G1 X69.392 Y90.627 F3000
G1 E1 F1800
G1 X69.373 Y88.204 E.08202
G1 X74.419 Y69.373 E.65989
G1 X72.476 Y69.373 E.06577
G1 X69.373 Y70.204 E.10873
G1 X69.373 Y69.373 E.02813
G1 X90.627 Y90.627 E1.01742
G1 X90.627 Y89.796 E.02813
G1 X87.524 Y90.627 E.10873
G1 X85.581 Y90.627 E.06577
G1 X90.627 Y71.796 E.65989
G1 X90.608 Y69.373 E.08202
G1 X90.731 Y68.977 F3000
;TYPE:Solid infill
;WIDTH:0.470008
G1 F1500
G1 X90.807 Y68.997 E.00279
;WIDTH:0.51161
G1 X90.884 Y69.018 E.00311
;WIDTH:0.553212
G1 X90.961 Y69.039 E.00339
G1 X90.982 Y69.116 E.00339
;WIDTH:0.51161
G1 X91.003 Y69.193 E.00311
;WIDTH:0.470008
G1 X91.023 Y69.269 E.00279
;WIDTH:0.428406
G1 X91.023 Y90.731 E.68793
;WIDTH:0.470009
G1 X91.003 Y90.807 E.00279
;WIDTH:0.511612
G1 X90.982 Y90.884 E.00311
;WIDTH:0.553214
G1 X90.961 Y90.961 E.00339
G1 X90.893 Y90.982 E.00302
;WIDTH:0.511612
G1 X90.826 Y91.003 E.00274
;WIDTH:0.470009
G1 X90.758 Y91.023 E.00252
;WIDTH:0.428406
G1 X69.269 Y91.023 E.68879
;WIDTH:0.470008
G1 X69.193 Y91.003 E.00279
;WIDTH:0.51161
G1 X69.116 Y90.982 E.00311
;WIDTH:0.553212
G1 X69.039 Y90.961 E.00339
G1 X69.018 Y90.884 E.00339
;WIDTH:0.51161
G1 X68.997 Y90.807 E.00311
;WIDTH:0.470008
G1 X68.977 Y90.731 E.00279
;WIDTH:0.428406
G1 X68.977 Y69.269 E.68793
;WIDTH:0.470009
G1 X68.997 Y69.193 E.00279
;WIDTH:0.511612
G1 X69.018 Y69.116 E.00311
;WIDTH:0.553214
G1 X69.039 Y69.039 E.00339
G1 X69.116 Y69.018 E.00339
;WIDTH:0.511612
G1 X69.193 Y68.997 E.00311
;WIDTH:0.470009
G1 X69.269 Y68.977 E.00279
;WIDTH:0.428406
G1 X90.527 Y68.977 E.68139
;LAYER_CHANGE
;Z:1.4
;HEIGHT:0.2
G1 E-1 F1800
G1 Z1.4 F300
G92 E0
G1 X91.218 Y91.218 F3000
G1 E1 F1800
;TYPE:Perimeter
;WIDTH:0.449999
G1 F1500
G1 X68.782 Y91.218 E.75943
G1 X68.782 Y68.782 E.75943
G1 X91.218 Y68.782 E.75943
G1 X91.218 Y91.158 E.7574
G1 X91.625 Y91.625 F3000
;TYPE:External perimeter
G1 F1200
G1 X68.375 Y91.625 E.78698
G1 X68.375 Y68.375 E.78698
G1 X91.625 Y68.375 E.78698
G1 X91.625 Y91.565 E.78495
G1 X91.229 Y91.624 F3000
G1 E-1 F1800
G1 X90.527 Y72.965 F3000
G1 E1 F1800
;TYPE:Internal infill
;WIDTH:0.45
G1 X69.473 Y78.606 E.73779
G1 X69.473 Y80.987 E.08059
G1 X79.013 Y90.527 E.45667
G1 X77.179 Y90.527 E.06208
G1 X82.821 Y69.473 E.7378
G1 X80.987 Y69.473 E.06208
G1 X90.527 Y79.013 E.45667
G1 X90.527 Y81.394 E.08059
G1 X69.473 Y87.035 E.73779
G1 E-1
G1 X69.473 Y90.274 F3000
G1 E1 F1800
G1 X69.473 Y87.831 E.08269
G1 X74.392 Y69.473 E.64332
G1 X72.103 Y69.473 E.07748
G1 X69.473 Y70.178 E.09217
G1 X69.473 Y69.473 E.02386
G1 X90.527 Y90.527 E1.00784
G1 X90.527 Y89.822 E.02386
G1 X87.897 Y90.527 E.09217
G1 X85.608 Y90.527 E.07748
G1 X90.527 Y72.169 E.64332
G1 X90.527 Y69.726 E.08269
G1 E-1
G1 X69.077 Y90.631 F3000
G1 E1 F1800
;TYPE:Solid infill
;WIDTH:0.428406
G1 F1500
G1 X69.077 Y69.369 E.68152
;WIDTH:0.470008
G1 X69.097 Y69.293 E.00279
;WIDTH:0.51161
G1 X69.118 Y69.216 E.00311
;WIDTH:0.553212
G1 X69.139 Y69.139 E.00339
G1 X69.216 Y69.118 E.00339
;WIDTH:0.51161
G1 X69.293 Y69.097 E.00311
;WIDTH:0.470008
G1 X69.369 Y69.077 E.00279
;WIDTH:0.428406
G1 X90.631 Y69.077 E.68152
;WIDTH:0.470009
G1 X90.707 Y69.097 E.00279
;WIDTH:0.511612
G1 X90.784 Y69.118 E.00311
;WIDTH:0.553214
G1 X90.861 Y69.139 E.00339
G1 X90.882 Y69.207 E.00302
;WIDTH:0.511612
G1 X90.903 Y69.274 E.00274
;WIDTH:0.470009
G1 X90.923 Y69.342 E.00252
;WIDTH:0.428406
G1 X90.923 Y90.631 E.68238
;WIDTH:0.470008
G1 X90.903 Y90.707 E.00279
;WIDTH:0.51161
G1 X90.882 Y90.784 E.00311
;WIDTH:0.553212
G1 X90.861 Y90.861 E.00339
G1 X90.784 Y90.882 E.00339
;WIDTH:0.51161
G1 X90.707 Y90.903 E.00311
;WIDTH:0.470008
G1 X90.631 Y90.923 E.00279
;WIDTH:0.428406
G1 X69.369 Y90.923 E.68152
;WIDTH:0.470009
G1 X69.293 Y90.903 E.00279
;WIDTH:0.511612
G1 X69.216 Y90.882 E.00311
;WIDTH:0.553214
G1 X69.139 Y90.861 E.00339
G1 X69.13 Y90.827 E.00149
;LAYER_CHANGE
;Z:1.6
;HEIGHT:0.2
G1 E-1 F1800
G1 Z1.6 F300
G92 E0
G1 X91.118 Y91.118 F3000
G1 E1 F1800
;TYPE:Perimeter
;WIDTH:0.449999
G1 F1500
G1 X68.882 Y91.118 E.75266
G1 X68.882 Y68.882 E.75266
G1 X91.118 Y68.882 E.75266
G1 X91.118 Y91.058 E.75063
G1 X91.525 Y91.525 F3000
;TYPE:External perimeter
G1 F1200
G1 X68.475 Y91.525 E.78021
G1 X68.475 Y68.475 E.78021
G1 X91.525 Y68.475 E.78021
G1 X91.525 Y91.465 E.77818
G1 X91.129 Y91.524 F3000
G1 E-1 F1800
G1 X90.427 Y72.992 F3000
G1 E1 F1800
;TYPE:Internal infill
;WIDTH:0.45
G1 X69.573 Y78.58 E.73079
G1 X69.573 Y81.087 E.08486
G1 X78.913 Y90.427 E.4471
G1 X77.206 Y90.427 E.05778
G1 X82.794 Y69.573 E.73079
G1 X81.087 Y69.573 E.05778
G1 X90.427 Y78.913 E.4471
G1 X90.427 Y81.42 E.08486
G1 X69.573 Y87.008 E.73079
G1 E-1
G1 X69.573 Y89.9 F3000
G1 E1 F1800
G1 X69.573 Y87.458 E.08266
G1 X74.365 Y69.573 E.62674
G1 X71.729 Y69.573 E.08923
G1 X69.573 Y70.151 E.07556
G1 X69.573 Y69.573 E.01956
G1 X90.427 Y90.427 E.99827
G1 X90.427 Y89.849 E.01956
G1 X88.271 Y90.427 E.07556
G1 X85.635 Y90.427 E.08923
G1 X90.427 Y72.542 E.62674
G1 X90.427 Y70.1 E.08266
G1 X90.531 Y69.177 F3000
;TYPE:Solid infill
;WIDTH:0.470008
G1 F1500
G1 X90.607 Y69.197 E.00279
;WIDTH:0.51161
G1 X90.684 Y69.218 E.00311
;WIDTH:0.553212
G1 X90.761 Y69.239 E.00339
G1 X90.782 Y69.316 E.00339
;WIDTH:0.51161
G1 X90.803 Y69.393 E.00311
;WIDTH:0.470008
G1 X90.823 Y69.469 E.00279
;WIDTH:0.428406
G1 X90.823 Y90.531 E.67511
;WIDTH:0.470009
G1 X90.803 Y90.607 E.00279
;WIDTH:0.511612
G1 X90.782 Y90.684 E.00311
;WIDTH:0.553214
G1 X90.761 Y90.761 E.00339
G1 X90.693 Y90.782 E.00302
;WIDTH:0.511612
G1 X90.626 Y90.803 E.00274
;WIDTH:0.470009
G1 X90.558 Y90.823 E.00252
;WIDTH:0.428406
G1 X69.469 Y90.823 E.67597
;WIDTH:0.470008
G1 X69.393 Y90.803 E.00279
;WIDTH:0.51161
G1 X69.316 Y90.782 E.00311
;WIDTH:0.553212
G1 X69.239 Y90.761 E.00339
G1 X69.218 Y90.684 E.00339
;WIDTH:0.51161
G1 X69.197 Y90.607 E.00311
;WIDTH:0.470008
G1 X69.177 Y90.531 E.00279
;WIDTH:0.428406
G1 X69.177 Y69.469 E.67511
;WIDTH:0.470008
G1 X69.197 Y69.393 E.00279
;WIDTH:0.51161
G1 X69.218 Y69.316 E.00311
;WIDTH:0.553212
G1 X69.239 Y69.239 E.00339
G1 X69.316 Y69.218 E.00339
;WIDTH:0.51161
G1 X69.393 Y69.197 E.00311
;WIDTH:0.470008
G1 X69.469 Y69.177 E.00279
;WIDTH:0.428406
G1 X90.327 Y69.177 E.66857
;LAYER_CHANGE
;Z:1.8
;HEIGHT:0.2
G1 E-1 F1800
G1 Z1.8 F300
G92 E0
G1 X91.018 Y91.018 F3000
G1 E1 F1800
;TYPE:Perimeter
;WIDTH:0.449999
G1 F1500
G1 X68.982 Y91.018 E.74589
G1 X68.982 Y68.982 E.74589
G1 X91.018 Y68.982 E.74589
G1 X91.018 Y90.958 E.74386
G1 X91.425 Y91.425 F3000
;TYPE:External perimeter
G1 F1200
G1 X68.575 Y91.425 E.77344
G1 X68.575 Y68.575 E.77344
G1 X91.425 Y68.575 E.77344
G1 X91.425 Y91.365 E.77141
G1 X91.029 Y91.424 F3000
G1 E-1 F1800
G1 X69.277 Y90.431 F3000
G1 E1 F1800
;TYPE:Solid infill
;WIDTH:0.428406
G1 F1500
G1 X69.277 Y69.569 E.6687
;WIDTH:0.470008
G1 X69.297 Y69.493 E.00279
;WIDTH:0.51161
G1 X69.318 Y69.416 E.00311
;WIDTH:0.553212
G1 X69.339 Y69.339 E.00339
G1 X69.416 Y69.318 E.00339
;WIDTH:0.51161
G1 X69.493 Y69.297 E.00311
;WIDTH:0.470008
G1 X69.569 Y69.277 E.00279
;WIDTH:0.428406
G1 X90.431 Y69.277 E.6687
;WIDTH:0.470009
G1 X90.507 Y69.297 E.00279
;WIDTH:0.511612
G1 X90.584 Y69.318 E.00311
;WIDTH:0.553214
G1 X90.661 Y69.339 E.00339
G1 X90.682 Y69.407 E.00302
;WIDTH:0.511612
G1 X90.703 Y69.474 E.00274
;WIDTH:0.470009
G1 X90.723 Y69.542 E.00252
;WIDTH:0.428406
G1 X90.723 Y90.431 E.66956
;WIDTH:0.470008
G1 X90.703 Y90.507 E.00279
;WIDTH:0.51161
G1 X90.682 Y90.584 E.00311
;WIDTH:0.553212
G1 X90.661 Y90.661 E.00339
G1 X90.584 Y90.682 E.00339
;WIDTH:0.51161
G1 X90.507 Y90.703 E.00311
;WIDTH:0.470008
G1 X90.431 Y90.723 E.00279
;WIDTH:0.428406
G1 X69.569 Y90.723 E.6687
;WIDTH:0.470009
G1 X69.493 Y90.703 E.00279
;WIDTH:0.511612
G1 X69.416 Y90.682 E.00311
;WIDTH:0.553214
G1 X69.339 Y90.661 E.00339
G1 X69.33 Y90.627 E.00149
G1 E-1 F1800
G1 X73.799 Y69.673 F3000
G1 E1 F1800
;TYPE:Internal infill
;WIDTH:0.45
G1 X71.356 Y69.673 E.08269
G1 X69.673 Y70.124 E.05898
G1 X69.673 Y69.673 E.01527
G1 X90.327 Y90.327 E.9887
G1 X90.327 Y89.876 E.01527
G1 X88.644 Y90.327 E.05898
G1 X85.662 Y90.327 E.10094
G1 X90.327 Y72.915 E.61016
G1 X90.327 Y73.018 E.00349
G1 X69.673 Y78.553 E.72378
G1 X69.673 Y81.187 E.08916
G1 X78.813 Y90.327 E.43753
G1 X77.233 Y90.327 E.05348
G1 X82.767 Y69.673 E.72377
G1 X81.187 Y69.673 E.05348
G1 X90.327 Y78.813 E.43753
G1 X90.327 Y81.447 E.08916
G1 X69.673 Y86.982 E.72378
G1 X69.673 Y87.085 E.00349
G1 X74.338 Y69.673 E.61016
G1 X76.781 Y69.673 E.08269
;LAYER_CHANGE
;Z:2
;HEIGHT:0.2
G1 E-1 F1800
G1 Z2 F300
G92 E0
G1 X90.918 Y90.918 F3000
G1 E1 F1800
;TYPE:Perimeter
;WIDTH:0.449999
G1 F1500
G1 X69.082 Y90.918 E.73912
G1 X69.082 Y69.082 E.73912
G1 X90.918 Y69.082 E.73912
G1 X90.918 Y90.858 E.73709
G1 X91.325 Y91.325 F3000
;TYPE:External perimeter
G1 F1200
G1 X68.675 Y91.325 E.76667
G1 X68.675 Y68.675 E.76667
G1 X91.325 Y68.675 E.76667
G1 X91.325 Y91.265 E.76464
G1 X90.929 Y91.324 F3000
G1 E-1 F1800
G1 X90.331 Y69.377 F3000
G1 E1 F1800
;TYPE:Solid infill
;WIDTH:0.47001
G1 F1500
G1 X90.407 Y69.397 E.00279
;WIDTH:0.511612
G1 X90.484 Y69.418 E.00311
;WIDTH:0.553214
G1 X90.561 Y69.439 E.00339
G1 X90.582 Y69.516 E.00339
;WIDTH:0.511612
G1 X90.603 Y69.593 E.00311
;WIDTH:0.470009
G1 X90.623 Y69.669 E.00279
;WIDTH:0.428406
G1 X90.623 Y90.331 E.66229
;WIDTH:0.470009
G1 X90.603 Y90.407 E.00279
;WIDTH:0.511612
G1 X90.582 Y90.484 E.00311
;WIDTH:0.553214
G1 X90.561 Y90.561 E.00339
G1 X90.493 Y90.582 E.00302
;WIDTH:0.511612
G1 X90.426 Y90.603 E.00274
;WIDTH:0.470009
G1 X90.358 Y90.623 E.00252
;WIDTH:0.428406
G1 X69.669 Y90.623 E.66315
;WIDTH:0.470008
G1 X69.593 Y90.603 E.00279
;WIDTH:0.51161
G1 X69.516 Y90.582 E.00311
;WIDTH:0.553212
G1 X69.439 Y90.561 E.00339
G1 X69.418 Y90.484 E.00339
;WIDTH:0.511611
G1 X69.397 Y90.407 E.00311
;WIDTH:0.47001
G1 X69.377 Y90.331 E.00279
;WIDTH:0.42841
G1 X69.377 Y69.669 E.66229
;WIDTH:0.470013
G1 X69.397 Y69.593 E.00279
;WIDTH:0.511616
G1 X69.418 Y69.516 E.00311
;WIDTH:0.553218
G1 X69.439 Y69.439 E.00339
G1 X69.516 Y69.418 E.00339
;WIDTH:0.511615
G1 X69.593 Y69.397 E.00311
;WIDTH:0.470012
G1 X69.669 Y69.377 E.00279
;WIDTH:0.428408
G1 X90.127 Y69.377 E.65575
G1 E-1 F1800
G1 X76.754 Y69.773 F3000
G1 E1 F1800
;TYPE:Internal infill
;WIDTH:0.45
G1 X74.312 Y69.773 E.08266
G1 X69.773 Y86.711 E.59356
G1 X69.773 Y86.955 E.00826
G1 X90.227 Y81.474 E.71677
G1 X90.227 Y78.713 E.09346
G1 X81.287 Y69.773 E.42795
G1 X82.74 Y69.773 E.04918
G1 X77.26 Y90.227 E.71676
G1 X78.713 Y90.227 E.04918
G1 X69.773 Y81.287 E.42795
G1 X69.773 Y78.526 E.09346
G1 X90.227 Y73.045 E.71677
G1 X90.227 Y73.289 E.00826
G1 X85.688 Y90.227 E.59356
G1 X89.017 Y90.227 E.11268
G1 X90.227 Y89.903 E.0424
G1 X90.227 Y90.227 E.01097
G1 X69.773 Y69.773 E.97912
G1 X69.773 Y70.097 E.01097
G1 X70.983 Y69.773 E.0424
G1 X73.426 Y69.773 E.08269
M106 S163.2
;LAYER_CHANGE
;Z:2.2
;HEIGHT:0.2
G1 E-1 F1800
G1 Z2.2 F300
G92 E0
G1 X90.818 Y90.818 F3000
G1 E1 F1800
;TYPE:Perimeter
;WIDTH:0.449999
G1 F1500
G1 X69.182 Y90.818 E.73235
G1 X69.182 Y69.182 E.73235
G1 X90.818 Y69.182 E.73235
G1 X90.818 Y90.758 E.73032
G1 X91.225 Y91.225 F3000
;TYPE:External perimeter
G1 F1200
G1 X68.775 Y91.225 E.7599
G1 X68.775 Y68.775 E.7599
G1 X91.225 Y68.775 E.7599
G1 X91.225 Y91.165 E.75787
G1 X90.829 Y91.224 F3000
G1 E-1 F1800
G1 X76.727 Y69.873 F3000
G1 E1 F1800
;TYPE:Internal infill
;WIDTH:0.45
G1 X74.285 Y69.873 E.08266
G1 X69.873 Y86.338 E.57698
G1 X69.873 Y86.928 E.01997
G1 X90.127 Y81.501 E.70976
G1 X90.127 Y78.613 E.09776
G1 X81.387 Y69.873 E.41838
G1 X82.714 Y69.873 E.04492
G1 X77.286 Y90.127 E.70977
G1 X78.613 Y90.127 E.04492
G1 X69.873 Y81.387 E.41838
G1 X69.873 Y78.499 E.09776
G1 X90.127 Y73.072 E.70976
G1 X90.127 Y73.662 E.01997
G1 X85.715 Y90.127 E.57698
G1 X89.39 Y90.127 E.12439
G1 X90.127 Y89.93 E.02582
G1 X90.127 Y90.127 E.00667
G1 X69.873 Y69.873 E.96955
G1 X69.873 Y70.07 E.00667
G1 X70.61 Y69.873 E.02582
G1 X73.052 Y69.873 E.08266
G1 E-1
G1 X69.477 Y69.769 F3000
G1 E1 F1800
;TYPE:Solid infill
;WIDTH:0.470009
G1 F1500
G1 X69.497 Y69.693 E.00279
;WIDTH:0.511612
G1 X69.518 Y69.616 E.00311
;WIDTH:0.553214
G1 X69.539 Y69.539 E.00339
G1 X69.616 Y69.518 E.00339
;WIDTH:0.511613
G1 X69.693 Y69.497 E.00311
;WIDTH:0.470012
G1 X69.769 Y69.477 E.00279
;WIDTH:0.42841
G1 X90.231 Y69.477 E.65588
;WIDTH:0.47001
G1 X90.307 Y69.497 E.00279
;WIDTH:0.511613
G1 X90.384 Y69.518 E.00311
;WIDTH:0.553216
G1 X90.461 Y69.539 E.00339
G1 X90.482 Y69.607 E.00302
;WIDTH:0.511613
G1 X90.503 Y69.674 E.00274
;WIDTH:0.47001
G1 X90.523 Y69.742 E.00252
;WIDTH:0.428406
G1 X90.523 Y90.231 E.65674
;WIDTH:0.470008
G1 X90.503 Y90.307 E.00279
;WIDTH:0.51161
G1 X90.482 Y90.384 E.00311
;WIDTH:0.553212
G1 X90.461 Y90.461 E.00339
G1 X90.384 Y90.482 E.00339
;WIDTH:0.511611
G1 X90.307 Y90.503 E.00311
;WIDTH:0.47001
G1 X90.231 Y90.523 E.00279
;WIDTH:0.428408
G1 X69.769 Y90.523 E.65588
;WIDTH:0.470011
G1 X69.693 Y90.503 E.00279
;WIDTH:0.511614
G1 X69.616 Y90.482 E.00311
;WIDTH:0.553216
G1 X69.539 Y90.461 E.00339
G1 X69.518 Y90.384 E.00339
;WIDTH:0.511613
G1 X69.497 Y90.307 E.00311
;WIDTH:0.47001
G1 X69.477 Y90.231 E.00279
;WIDTH:0.428406
G1 X69.477 Y69.973 E.64934
;LAYER_CHANGE
;Z:2.4
;HEIGHT:0.2
G1 E-1 F1800
G1 Z2.4 F300
G92 E0
G1 X90.718 Y90.718 F3000
G1 E1 F1800
;TYPE:Perimeter
;WIDTH:0.449999
G1 F1500
G1 X69.282 Y90.718 E.72558
G1 X69.282 Y69.282 E.72558
G1 X90.718 Y69.282 E.72558
G1 X90.718 Y90.658 E.72355
G1 X91.125 Y91.125 F3000
;TYPE:External perimeter
G1 F1200
G1 X68.875 Y91.125 E.75313
G1 X68.875 Y68.875 E.75313
G1 X91.125 Y68.875 E.75313
G1 X91.125 Y91.065 E.7511
G1 X90.729 Y91.124 F3000
G1 E-1 F1800
G1 X90.027 Y87.585 F3000
G1 E1 F1800
;TYPE:Internal infill
;WIDTH:0.45
G1 X90.027 Y90.027 E.08266
G1 X69.973 Y69.973 E.95997
G1 X74.258 Y69.973 E.14504
G1 X69.973 Y85.965 E.56041
G1 X69.973 Y86.901 E.03168
G1 X90.027 Y81.528 E.70275
G1 X90.027 Y78.513 E.10205
G1 X81.487 Y69.973 E.40881
G1 X82.687 Y69.973 E.04062
G1 X77.313 Y90.027 E.70275
G1 X78.513 Y90.027 E.04062
G1 X69.973 Y81.487 E.40881
G1 X69.973 Y78.472 E.10205
G1 X90.027 Y73.099 E.70275
G1 X90.027 Y74.035 E.03168
G1 X85.742 Y90.027 E.56041
G1 X83.3 Y90.027 E.08266
G1 E-1
G1 X90.131 Y69.577 F3000
G1 E1 F1800
;TYPE:Solid infill
;WIDTH:0.470008
G1 F1500
G1 X90.207 Y69.597 E.00279
;WIDTH:0.51161
G1 X90.284 Y69.618 E.00311
;WIDTH:0.553212
G1 X90.361 Y69.639 E.00339
G1 X90.382 Y69.716 E.00339
;WIDTH:0.51161
G1 X90.403 Y69.793 E.00311
;WIDTH:0.470008
G1 X90.423 Y69.869 E.00279
;WIDTH:0.428408
G1 X90.423 Y90.131 E.64947
;WIDTH:0.470011
G1 X90.403 Y90.207 E.00279
;WIDTH:0.511614
G1 X90.382 Y90.284 E.00311
;WIDTH:0.553216
G1 X90.361 Y90.361 E.00339
G1 X90.293 Y90.382 E.00302
;WIDTH:0.511614
G1 X90.226 Y90.403 E.00274
;WIDTH:0.470011
G1 X90.158 Y90.423 E.00252
;WIDTH:0.428408
G1 X69.869 Y90.423 E.65033
;WIDTH:0.470008
G1 X69.793 Y90.403 E.00279
;WIDTH:0.51161
G1 X69.716 Y90.382 E.00311
;WIDTH:0.553212
G1 X69.639 Y90.361 E.00339
G1 X69.618 Y90.284 E.00339
;WIDTH:0.511611
G1 X69.597 Y90.207 E.00311
;WIDTH:0.47001
G1 X69.577 Y90.131 E.00279
;WIDTH:0.428408
G1 X69.577 Y69.869 E.64947
;WIDTH:0.47001
G1 X69.597 Y69.793 E.00279
;WIDTH:0.511613
G1 X69.618 Y69.716 E.00311
;WIDTH:0.553216
G1 X69.639 Y69.639 E.00339
G1 X69.716 Y69.618 E.00339
;WIDTH:0.511613
G1 X69.793 Y69.597 E.00311
;WIDTH:0.47001
G1 X69.869 Y69.577 E.00279
;WIDTH:0.428406
G1 X89.927 Y69.577 E.64292
;LAYER_CHANGE
;Z:2.6
;HEIGHT:0.2
G1 E-1 F1800
G1 Z2.6 F300
G92 E0
G1 X90.618 Y90.618 F3000
G1 E1 F1800
;TYPE:Perimeter
;WIDTH:0.449999
G1 F1500
G1 X69.382 Y90.618 E.71881
G1 X69.382 Y69.382 E.71881
G1 X90.618 Y69.382 E.71881
G1 X90.618 Y90.558 E.71678
G1 X91.025 Y91.025 F3000
;TYPE:External perimeter
G1 F1200
G1 X68.975 Y91.025 E.74637
G1 X68.975 Y68.975 E.74637
G1 X91.025 Y68.975 E.74637
G1 X91.025 Y90.965 E.74433
G1 X90.629 Y91.024 F3000
G1 E-1 F1800
G1 X89.927 Y87.485 F3000
G1 E1 F1800
;TYPE:Internal infill
;WIDTH:0.45
G1 X89.927 Y89.927 E.08266
G1 X70.073 Y70.073 E.9504
G1 X74.231 Y70.073 E.14074
G1 X70.073 Y85.592 E.54383
G1 X70.073 Y86.874 E.04339
G1 X89.927 Y81.554 E.69574
G1 X89.927 Y78.413 E.10632
G1 X81.587 Y70.073 E.39923
G1 X82.66 Y70.073 E.03632
G1 X77.34 Y89.927 E.69574
G1 X78.413 Y89.927 E.03632
G1 X70.073 Y81.587 E.39923
G1 X70.073 Y78.446 E.10632
G1 X89.927 Y73.126 E.69574
G1 X89.927 Y74.408 E.04339
G1 X85.769 Y89.927 E.54383
G1 X83.326 Y89.927 E.08269
G1 E-1
G1 X69.677 Y90.031 F3000
G1 E1 F1800
;TYPE:Solid infill
;WIDTH:0.428402
G1 F1500
G1 X69.677 Y69.969 E.64305
;WIDTH:0.470005
G1 X69.697 Y69.893 E.00279
;WIDTH:0.511608
G1 X69.718 Y69.816 E.00311
;WIDTH:0.55321
G1 X69.739 Y69.739 E.00339
G1 X69.816 Y69.718 E.00339
;WIDTH:0.511609
G1 X69.893 Y69.697 E.00311
;WIDTH:0.470008
G1 X69.969 Y69.677 E.00279
;WIDTH:0.428406
G1 X90.031 Y69.677 E.64305
;WIDTH:0.470006
G1 X90.107 Y69.697 E.00279
;WIDTH:0.511609
G1 X90.184 Y69.718 E.00311
;WIDTH:0.553212
G1 X90.261 Y69.739 E.00339
G1 X90.282 Y69.807 E.00302
;WIDTH:0.51161
G1 X90.303 Y69.874 E.00274
;WIDTH:0.470008
G1 X90.323 Y69.942 E.00252
;WIDTH:0.428406
G1 X90.323 Y90.031 E.64392
;WIDTH:0.470008
G1 X90.303 Y90.107 E.00279
;WIDTH:0.51161
G1 X90.282 Y90.184 E.00311
;WIDTH:0.553212
G1 X90.261 Y90.261 E.00339
G1 X90.184 Y90.282 E.00339
;WIDTH:0.51161
G1 X90.107 Y90.303 E.00311
;WIDTH:0.470008
G1 X90.031 Y90.323 E.00279
;WIDTH:0.428406
G1 X69.969 Y90.323 E.64305
;WIDTH:0.470008
G1 X69.893 Y90.303 E.00279
;WIDTH:0.51161
G1 X69.816 Y90.282 E.00311
;WIDTH:0.553212
G1 X69.739 Y90.261 E.00339
G1 X69.73 Y90.227 E.00149
;LAYER_CHANGE
;Z:2.8
;HEIGHT:0.2
G1 E-1 F1800
G1 Z2.8 F300
G92 E0
G1 X90.518 Y90.518 F3000
G1 E1 F1800
;TYPE:Perimeter
;WIDTH:0.449999
G1 F1500
G1 X69.482 Y90.518 E.71204
G1 X69.482 Y69.482 E.71204
G1 X90.518 Y69.482 E.71204
G1 X90.518 Y90.458 E.71001
G1 X90.925 Y90.925 F3000
;TYPE:External perimeter
G1 F1200
G1 X69.075 Y90.925 E.7396
G1 X69.075 Y69.075 E.7396
G1 X90.925 Y69.075 E.7396
G1 X90.925 Y90.865 E.73756
G1 X90.529 Y90.924 F3000
G1 E-1 F1800
G1 X89.827 Y87.385 F3000
G1 E1 F1800
;TYPE:Internal infill
;WIDTH:0.45
G1 X89.827 Y89.827 E.08266
G1 X70.173 Y70.173 E.94083
G1 X74.204 Y70.173 E.13644
G1 X70.173 Y85.219 E.52725
G1 X70.173 Y86.848 E.05514
G1 X89.827 Y81.581 E.68874
G1 X89.827 Y78.313 E.11062
G1 X81.687 Y70.173 E.38966
G1 X82.633 Y70.173 E.03202
G1 X77.367 Y89.827 E.68873
G1 X78.313 Y89.827 E.03202
G1 X70.173 Y81.687 E.38966
G1 X70.173 Y78.419 E.11062
G1 X89.827 Y73.152 E.68874
G1 X89.827 Y74.781 E.05514
G1 X85.796 Y89.827 E.52725
G1 X83.353 Y89.827 E.08269
G1 E-1
G1 X89.931 Y69.777 F3000
G1 E1 F1800
;TYPE:Solid infill
;WIDTH:0.470008
G1 F1500
G1 X90.007 Y69.797 E.00279
;WIDTH:0.51161
G1 X90.084 Y69.818 E.00311
;WIDTH:0.553212
G1 X90.161 Y69.839 E.00339
G1 X90.182 Y69.916 E.00339
;WIDTH:0.51161
G1 X90.203 Y69.993 E.00311
;WIDTH:0.470008
G1 X90.223 Y70.069 E.00279
;WIDTH:0.428406
G1 X90.223 Y89.931 E.63664
;WIDTH:0.470009
G1 X90.203 Y90.007 E.00279
;WIDTH:0.511612
G1 X90.182 Y90.084 E.00311
;WIDTH:0.553214
G1 X90.161 Y90.161 E.00339
G1 X90.093 Y90.182 E.00302
;WIDTH:0.511612
G1 X90.026 Y90.203 E.00274
;WIDTH:0.470009
G1 X89.958 Y90.223 E.00252
;WIDTH:0.428406
G1 X70.069 Y90.223 E.63751
;WIDTH:0.470008
G1 X69.993 Y90.203 E.00279
;WIDTH:0.511609
G1 X69.916 Y90.182 E.00311
;WIDTH:0.55321
G1 X69.839 Y90.161 E.00339
G1 X69.818 Y90.084 E.00339
;WIDTH:0.511609
G1 X69.797 Y90.007 E.00311
;WIDTH:0.470008
G1 X69.777 Y89.931 E.00279
;WIDTH:0.428406
G1 X69.777 Y70.069 E.63664
;WIDTH:0.470009
G1 X69.797 Y69.993 E.00279
;WIDTH:0.511612
G1 X69.818 Y69.916 E.00311
;WIDTH:0.553214
G1 X69.839 Y69.839 E.00339
G1 X69.916 Y69.818 E.00339
;WIDTH:0.511612
G1 X69.993 Y69.797 E.00311
;WIDTH:0.470009
G1 X70.069 Y69.777 E.00279
;WIDTH:0.428406
G1 X89.727 Y69.777 E.6301
;LAYER_CHANGE
;Z:3
;HEIGHT:0.2
G1 E-1 F1800
G1 Z3 F300
G92 E0
G1 X90.418 Y90.418 F3000
G1 E1 F1800
;TYPE:Perimeter
;WIDTH:0.449999
G1 F1500
G1 X69.582 Y90.418 E.70527
G1 X69.582 Y69.582 E.70527
G1 X90.418 Y69.582 E.70527
G1 X90.418 Y90.358 E.70324
G1 X90.825 Y90.825 F3000
;TYPE:External perimeter
G1 F1200
G1 X69.175 Y90.825 E.73283
G1 X69.175 Y69.175 E.73283
G1 X90.825 Y69.175 E.73283
G1 X90.825 Y90.765 E.73079
G1 X90.429 Y90.824 F3000
G1 E-1 F1800
G1 X89.727 Y87.285 F3000
G1 E1 F1800
;TYPE:Internal infill
;WIDTH:0.45
G1 X89.727 Y89.727 E.08266
G1 X70.273 Y70.273 E.93125
G1 X74.178 Y70.273 E.13218
G1 X70.273 Y84.845 E.51065
G1 X70.273 Y86.821 E.06689
G1 X89.727 Y81.608 E.68173
G1 X89.727 Y78.213 E.11492
G1 X81.787 Y70.273 E.38008
G1 X82.606 Y70.273 E.02772
G1 X77.394 Y89.727 E.68172
G1 X78.213 Y89.727 E.02772
G1 X70.273 Y81.787 E.38008
G1 X70.273 Y78.392 E.11492
G1 X89.727 Y73.179 E.68173
G1 X89.727 Y75.155 E.06689
G1 X85.822 Y89.727 E.51065
G1 X83.38 Y89.727 E.08266
G1 E-1
G1 X69.877 Y70.169 F3000
G1 E1 F1800
;TYPE:Solid infill
;WIDTH:0.470011
G1 F1500
G1 X69.897 Y70.093 E.00279
;WIDTH:0.511614
G1 X69.918 Y70.016 E.00311
;WIDTH:0.553216
G1 X69.939 Y69.939 E.00339
G1 X70.016 Y69.918 E.00339
;WIDTH:0.511614
G1 X70.093 Y69.897 E.00311
;WIDTH:0.470012
G1 X70.169 Y69.877 E.00279
;WIDTH:0.42841
G1 X89.831 Y69.877 E.63024
;WIDTH:0.470009
G1 X89.907 Y69.897 E.00279
;WIDTH:0.511612
G1 X89.984 Y69.918 E.00311
;WIDTH:0.553214
G1 X90.061 Y69.939 E.00339
G1 X90.082 Y70.007 E.00302
;WIDTH:0.511612
G1 X90.103 Y70.074 E.00274
;WIDTH:0.470009
G1 X90.123 Y70.142 E.00252
;WIDTH:0.428406
G1 X90.123 Y89.831 E.6311
;WIDTH:0.470008
G1 X90.103 Y89.907 E.00279
;WIDTH:0.51161
G1 X90.082 Y89.984 E.00311
;WIDTH:0.553212
G1 X90.061 Y90.061 E.00339
G1 X89.984 Y90.082 E.00339
;WIDTH:0.51161
G1 X89.907 Y90.103 E.00311
;WIDTH:0.470008
G1 X89.831 Y90.123 E.00279
;WIDTH:0.428406
G1 X70.169 Y90.123 E.63023
;WIDTH:0.470009
G1 X70.093 Y90.103 E.00279
;WIDTH:0.511612
G1 X70.016 Y90.082 E.00311
;WIDTH:0.553214
G1 X69.939 Y90.061 E.00339
G1 X69.918 Y89.984 E.00339
;WIDTH:0.511612
G1 X69.897 Y89.907 E.00311
;WIDTH:0.47001
G1 X69.877 Y89.831 E.00279
;WIDTH:0.428408
G1 X69.877 Y70.373 E.6237
;LAYER_CHANGE
;Z:3.2
;HEIGHT:0.2
G1 E-1 F1800
G1 Z3.2 F300
G92 E0
G1 X90.318 Y90.318 F3000
G1 E1 F1800
;TYPE:Perimeter
;WIDTH:0.449999
G1 F1500
G1 X69.682 Y90.318 E.6985
G1 X69.682 Y69.682 E.6985
G1 X90.318 Y69.682 E.6985
G1 X90.318 Y90.258 E.69647
G1 X90.725 Y90.725 F3000
;TYPE:External perimeter
G1 F1200
G1 X69.275 Y90.725 E.72606
G1 X69.275 Y69.275 E.72606
G1 X90.725 Y69.275 E.72606
G1 X90.725 Y90.665 E.72402
G1 X90.329 Y90.724 F3000
G1 E-1 F1800
G1 X89.627 Y87.185 F3000
G1 E1 F1800
;TYPE:Internal infill
;WIDTH:0.45
G1 X89.627 Y89.627 E.08266
G1 X70.373 Y70.373 E.92168
G1 X74.151 Y70.373 E.12788
G1 X70.373 Y84.472 E.49407
G1 X70.373 Y86.794 E.0786
G1 X89.627 Y81.635 E.67471
G1 X89.627 Y78.113 E.11922
G1 X81.887 Y70.373 E.37051
G1 X82.58 Y70.373 E.02346
G1 X77.42 Y89.627 E.67472
G1 X78.113 Y89.627 E.02346
G1 X70.373 Y81.887 E.37051
G1 X70.373 Y78.365 E.11922
G1 X89.627 Y73.206 E.67471
G1 X89.627 Y75.528 E.0786
G1 X85.849 Y89.627 E.49407
G1 X83.407 Y89.627 E.08266
G1 E-1
G1 X89.731 Y69.977 F3000
G1 E1 F1800
;TYPE:Solid infill
;WIDTH:0.47001
G1 F1500
G1 X89.807 Y69.997 E.00279
;WIDTH:0.511612
G1 X89.884 Y70.018 E.00311
;WIDTH:0.553214
G1 X89.961 Y70.039 E.00339
G1 X89.982 Y70.116 E.00339
;WIDTH:0.511613
G1 X90.003 Y70.193 E.00311
;WIDTH:0.470012
G1 X90.023 Y70.269 E.00279
;WIDTH:0.42841
G1 X90.023 Y89.731 E.62383
;WIDTH:0.47001
G1 X90.003 Y89.807 E.00279
;WIDTH:0.511613
G1 X89.982 Y89.884 E.00311
;WIDTH:0.553216
G1 X89.961 Y89.961 E.00339
G1 X89.893 Y89.982 E.00302
;WIDTH:0.511614
G1 X89.826 Y90.003 E.00274
;WIDTH:0.470011
G1 X89.758 Y90.023 E.00252
;WIDTH:0.428408
G1 X70.269 Y90.023 E.62469
;WIDTH:0.47001
G1 X70.193 Y90.003 E.00279
;WIDTH:0.511611
G1 X70.116 Y89.982 E.00311
;WIDTH:0.553212
G1 X70.039 Y89.961 E.00339
G1 X70.018 Y89.884 E.00339
;WIDTH:0.511611
G1 X69.997 Y89.807 E.00311
;WIDTH:0.47001
G1 X69.977 Y89.731 E.00279
;WIDTH:0.428408
G1 X69.977 Y70.269 E.62382
;WIDTH:0.470011
G1 X69.997 Y70.193 E.00279
;WIDTH:0.511614
G1 X70.018 Y70.116 E.00311
;WIDTH:0.553216
G1 X70.039 Y70.039 E.00339
G1 X70.116 Y70.018 E.00339
;WIDTH:0.511614
G1 X70.193 Y69.997 E.00311
;WIDTH:0.470012
G1 X70.269 Y69.977 E.00279
;WIDTH:0.42841
G1 X89.527 Y69.977 E.61729
M106 S165.75
;LAYER_CHANGE
;Z:3.4
;HEIGHT:0.2
G1 E-1 F1800
G1 Z3.4 F300
G92 E0
G1 X90.218 Y90.218 F3000
G1 E1 F1800
;TYPE:Perimeter
;WIDTH:0.449999
G1 F1500
G1 X69.782 Y90.218 E.69173
G1 X69.782 Y69.782 E.69173
G1 X90.218 Y69.782 E.69173
G1 X90.218 Y90.158 E.6897
G1 X90.625 Y90.625 F3000
;TYPE:External perimeter
G1 F1200
G1 X69.375 Y90.625 E.71929
G1 X69.375 Y69.375 E.71929
G1 X90.625 Y69.375 E.71929
G1 X90.625 Y90.565 E.71726
G1 X90.229 Y90.624 F3000
G1 E-1 F1800
G1 X89.527 Y87.085 F3000
G1 E1 F1800
;TYPE:Internal infill
;WIDTH:0.45
G1 X89.527 Y89.527 E.08266
G1 X70.473 Y70.473 E.9121
G1 X74.124 Y70.473 E.12358
G1 X70.473 Y84.099 E.47749
G1 X70.473 Y86.767 E.09031
G1 X89.527 Y81.662 E.6677
G1 X89.527 Y78.013 E.12351
G1 X81.987 Y70.473 E.36094
G1 X82.553 Y70.473 E.01916
G1 X77.447 Y89.527 E.66771
G1 X78.013 Y89.527 E.01916
G1 X70.473 Y81.987 E.36094
G1 X70.473 Y78.338 E.12351
G1 X89.527 Y73.233 E.6677
G1 X89.527 Y75.901 E.09031
G1 X85.876 Y89.527 E.47749
G1 X83.434 Y89.527 E.08266
G1 E-1
G1 X70.077 Y70.369 F3000
G1 E1 F1800
;TYPE:Solid infill
;WIDTH:0.470009
G1 F1500
G1 X70.097 Y70.293 E.00279
;WIDTH:0.511612
G1 X70.118 Y70.216 E.00311
;WIDTH:0.553214
G1 X70.139 Y70.139 E.00339
G1 X70.216 Y70.118 E.00339
;WIDTH:0.511613
G1 X70.293 Y70.097 E.00311
;WIDTH:0.470012
G1 X70.369 Y70.077 E.00279
;WIDTH:0.42841
G1 X89.631 Y70.077 E.61742
;WIDTH:0.47001
G1 X89.707 Y70.097 E.00279
;WIDTH:0.511613
G1 X89.784 Y70.118 E.00311
;WIDTH:0.553216
G1 X89.861 Y70.139 E.00339
G1 X89.882 Y70.207 E.00302
;WIDTH:0.511613
G1 X89.903 Y70.274 E.00274
;WIDTH:0.47001
G1 X89.923 Y70.342 E.00252
;WIDTH:0.428406
G1 X89.923 Y89.631 E.61828
;WIDTH:0.470008
G1 X89.903 Y89.707 E.00279
;WIDTH:0.51161
G1 X89.882 Y89.784 E.00311
;WIDTH:0.553212
G1 X89.861 Y89.861 E.00339
G1 X89.784 Y89.882 E.00339
;WIDTH:0.51161
G1 X89.707 Y89.903 E.00311
;WIDTH:0.470008
G1 X89.631 Y89.923 E.00279
;WIDTH:0.428408
G1 X70.369 Y89.923 E.61741
;WIDTH:0.470011
G1 X70.293 Y89.903 E.00279
;WIDTH:0.511614
G1 X70.216 Y89.882 E.00311
;WIDTH:0.553216
G1 X70.139 Y89.861 E.00339
G1 X70.118 Y89.784 E.00339
;WIDTH:0.511613
G1 X70.097 Y89.707 E.00311
;WIDTH:0.47001
G1 X70.077 Y89.631 E.00279
;WIDTH:0.428406
G1 X70.077 Y70.573 E.61087
M106 S163.2
;LAYER_CHANGE
;Z:3.6
;HEIGHT:0.2
G1 E-1 F1800
G1 Z3.6 F300
G92 E0
G1 X90.118 Y90.118 F3000
G1 E1 F1800
;TYPE:Perimeter
;WIDTH:0.449999
G1 F1500
G1 X69.882 Y90.118 E.68496
G1 X69.882 Y69.882 E.68496
G1 X90.118 Y69.882 E.68496
G1 X90.118 Y90.058 E.68293
G1 X90.525 Y90.525 F3000
;TYPE:External perimeter
G1 F1200
G1 X69.475 Y90.525 E.71252
G1 X69.475 Y69.475 E.71252
G1 X90.525 Y69.475 E.71252
G1 X90.525 Y90.465 E.71049
G1 X90.129 Y90.524 F3000
G1 E-1 F1800
G1 X89.531 Y70.177 F3000
G1 E1 F1800
;TYPE:Solid infill
;WIDTH:0.470006
G1 F1500
G1 X89.607 Y70.197 E.00279
;WIDTH:0.511609
G1 X89.684 Y70.218 E.00311
;WIDTH:0.553212
G1 X89.761 Y70.239 E.00339
G1 X89.782 Y70.316 E.00339
;WIDTH:0.51161
G1 X89.803 Y70.393 E.00311
;WIDTH:0.470008
G1 X89.823 Y70.469 E.00279
;WIDTH:0.428406
G1 X89.823 Y89.531 E.611
;WIDTH:0.470009
G1 X89.803 Y89.607 E.00279
;WIDTH:0.511612
G1 X89.782 Y89.684 E.00311
;WIDTH:0.553214
G1 X89.761 Y89.761 E.00339
G1 X89.693 Y89.782 E.00302
;WIDTH:0.511612
G1 X89.626 Y89.803 E.00274
;WIDTH:0.470009
G1 X89.558 Y89.823 E.00252
;WIDTH:0.428406
G1 X70.469 Y89.823 E.61187
;WIDTH:0.470008
G1 X70.393 Y89.803 E.00279
;WIDTH:0.511609
G1 X70.316 Y89.782 E.00311
;WIDTH:0.55321
G1 X70.239 Y89.761 E.00339
G1 X70.218 Y89.684 E.00339
;WIDTH:0.511608
G1 X70.197 Y89.607 E.00311
;WIDTH:0.470006
G1 X70.177 Y89.531 E.00279
;WIDTH:0.428404
G1 X70.177 Y70.469 E.611
;WIDTH:0.470007
G1 X70.197 Y70.393 E.00279
;WIDTH:0.51161
G1 X70.218 Y70.316 E.00311
;WIDTH:0.553212
G1 X70.239 Y70.239 E.00339
G1 X70.316 Y70.218 E.00339
;WIDTH:0.51161
G1 X70.393 Y70.197 E.00311
;WIDTH:0.470008
G1 X70.469 Y70.177 E.00279
;WIDTH:0.428406
G1 X89.327 Y70.177 E.60446
G1 E-1 F1800
G1 X70.573 Y75.869 F3000
G1 E1 F1800
;TYPE:Internal infill
;WIDTH:0.45
G1 X70.573 Y78.312 E.08269
G1 X89.427 Y73.26 E.6607
G1 X89.427 Y76.274 E.10202
G1 X85.903 Y89.427 E.46092
G1 X89.427 Y89.427 E.11928
G1 X70.573 Y70.573 E.90253
G1 X74.097 Y70.573 E.11928
G1 X70.573 Y83.726 E.46092
G1 X70.573 Y86.74 E.10202
G1 X89.427 Y81.688 E.6607
G1 X89.427 Y77.913 E.12778
G1 X82.087 Y70.573 E.35136
G1 X82.526 Y70.573 E.01486
G1 X77.474 Y89.427 E.6607
G1 X77.913 Y89.427 E.01486
G1 X70.573 Y82.087 E.35136
G1 X70.573 Y79.644 E.08269
M106 S165.75
;LAYER_CHANGE
;Z:3.8
;HEIGHT:0.2
G1 E-1 F1800
G1 Z3.8 F300
G92 E0
G1 X90.018 Y90.018 F3000
G1 E1 F1800
;TYPE:Perimeter
;WIDTH:0.449999
G1 F1500
G1 X69.982 Y90.018 E.67819
G1 X69.982 Y69.982 E.67819
G1 X90.018 Y69.982 E.67819
G1 X90.018 Y89.958 E.67616
G1 X90.425 Y90.425 F3000
;TYPE:External perimeter
G1 F1200
G1 X69.575 Y90.425 E.70575
G1 X69.575 Y69.575 E.70575
G1 X90.425 Y69.575 E.70575
G1 X90.425 Y90.365 E.70372
G1 X90.029 Y90.424 F3000
G1 E-1 F1800
G1 X89.327 Y84.158 F3000
G1 E1 F1800
;TYPE:Internal infill
;WIDTH:0.45
G1 X89.327 Y81.715 E.08269
G1 X70.673 Y86.714 E.6537
G1 X70.673 Y83.353 E.11377
G1 X74.07 Y70.673 E.44434
G1 X70.673 Y70.673 E.11498
G1 X89.327 Y89.327 E.89296
G1 X85.93 Y89.327 E.11498
G1 X89.327 Y76.647 E.44434
G1 X89.327 Y73.286 E.11377
G1 X70.673 Y78.285 E.6537
G1 X70.673 Y75.842 E.08269
G1 E-1
G1 X70.673 Y82.187 F3000
G1 E1 F1800
G1 X77.813 Y89.327 E.34179
G1 X77.501 Y89.327 E.01056
G1 X82.499 Y70.673 E.65369
G1 X82.187 Y70.673 E.01056
G1 X89.327 Y77.813 E.34179
G1 E-1
G1 X70.277 Y89.431 F3000
G1 E1 F1800
;TYPE:Solid infill
;WIDTH:0.428406
G1 F1500
G1 X70.277 Y70.569 E.60459
;WIDTH:0.470008
G1 X70.297 Y70.493 E.00279
;WIDTH:0.51161
G1 X70.318 Y70.416 E.00311
;WIDTH:0.553212
G1 X70.339 Y70.339 E.00339
G1 X70.416 Y70.318 E.00339
;WIDTH:0.51161
G1 X70.493 Y70.297 E.00311
;WIDTH:0.470008
G1 X70.569 Y70.277 E.00279
;WIDTH:0.428406
G1 X89.431 Y70.277 E.60459
;WIDTH:0.470009
G1 X89.507 Y70.297 E.00279
;WIDTH:0.511612
G1 X89.584 Y70.318 E.00311
;WIDTH:0.553214
G1 X89.661 Y70.339 E.00339
G1 X89.682 Y70.407 E.00302
;WIDTH:0.511612
G1 X89.703 Y70.474 E.00274
;WIDTH:0.470009
G1 X89.723 Y70.542 E.00252
;WIDTH:0.428406
G1 X89.723 Y89.431 E.60545
;WIDTH:0.470008
G1 X89.703 Y89.507 E.00279
;WIDTH:0.51161
G1 X89.682 Y89.584 E.00311
;WIDTH:0.553212
G1 X89.661 Y89.661 E.00339
G1 X89.584 Y89.682 E.00339
;WIDTH:0.51161
G1 X89.507 Y89.703 E.00311
;WIDTH:0.470008
G1 X89.431 Y89.723 E.00279
;WIDTH:0.428406
G1 X70.569 Y89.723 E.60459
;WIDTH:0.470009
G1 X70.493 Y89.703 E.00279
;WIDTH:0.511612
G1 X70.416 Y89.682 E.00311
;WIDTH:0.553214
G1 X70.339 Y89.661 E.00339
G1 X70.33 Y89.627 E.00149
;LAYER_CHANGE
;Z:4
;HEIGHT:0.2
G1 E-1 F1800
G1 Z4 F300
G92 E0
G1 X89.918 Y89.918 F3000
G1 E1 F1800
;TYPE:Perimeter
;WIDTH:0.449999
G1 F1500
G1 X70.082 Y89.918 E.67142
G1 X70.082 Y70.082 E.67142
G1 X89.918 Y70.082 E.67142
G1 X89.918 Y89.858 E.66939
G1 X90.325 Y90.325 F3000
;TYPE:External perimeter
G1 F1200
G1 X69.675 Y90.325 E.69898
G1 X69.675 Y69.675 E.69898
G1 X90.325 Y69.675 E.69898
G1 X90.325 Y90.265 E.69695
G1 X89.929 Y90.324 F3000
G1 E-1 F1800
G1 X89.227 Y84.184 F3000
G1 E1 F1800
;TYPE:Internal infill
;WIDTH:0.45
G1 X89.227 Y81.742 E.08266
G1 X70.773 Y86.687 E.64668
G1 X70.773 Y82.979 E.12551
G1 X74.044 Y70.773 E.42774
G1 X70.773 Y70.773 E.11072
G1 X89.227 Y89.227 E.88338
G1 X85.956 Y89.227 E.11072
G1 X89.227 Y77.021 E.42774
G1 X89.227 Y73.313 E.12551
G1 X70.773 Y78.258 E.64668
G1 X70.773 Y75.816 E.08266
G1 E-1
G1 X70.773 Y82.287 F3000
G1 E1 F1800
G1 X77.713 Y89.227 E.33221
G1 X77.528 Y89.227 E.00626
G1 X82.472 Y70.773 E.64667
G1 X82.287 Y70.773 E.00626
G1 X89.227 Y77.713 E.33221
G1 E-1
G1 X89.331 Y70.377 F3000
G1 E1 F1800
;TYPE:Solid infill
;WIDTH:0.470008
G1 F1500
G1 X89.407 Y70.397 E.00279
;WIDTH:0.51161
G1 X89.484 Y70.418 E.00311
;WIDTH:0.553212
G1 X89.561 Y70.439 E.00339
G1 X89.582 Y70.516 E.00339
;WIDTH:0.51161
G1 X89.603 Y70.593 E.00311
;WIDTH:0.470008
G1 X89.623 Y70.669 E.00279
;WIDTH:0.428406
G1 X89.623 Y89.331 E.59818
;WIDTH:0.470009
G1 X89.603 Y89.407 E.00279
;WIDTH:0.511612
G1 X89.582 Y89.484 E.00311
;WIDTH:0.553214
G1 X89.561 Y89.561 E.00339
G1 X89.493 Y89.582 E.00302
;WIDTH:0.511612
G1 X89.426 Y89.603 E.00274
;WIDTH:0.470009
G1 X89.358 Y89.623 E.00252
;WIDTH:0.428406
G1 X70.669 Y89.623 E.59904
;WIDTH:0.470008
G1 X70.593 Y89.603 E.00279
;WIDTH:0.51161
G1 X70.516 Y89.582 E.00311
;WIDTH:0.553212
G1 X70.439 Y89.561 E.00339
G1 X70.418 Y89.484 E.00339
;WIDTH:0.51161
G1 X70.397 Y89.407 E.00311
;WIDTH:0.470008
G1 X70.377 Y89.331 E.00279
;WIDTH:0.428406
G1 X70.377 Y70.669 E.59818
;WIDTH:0.470009
G1 X70.397 Y70.593 E.00279
;WIDTH:0.511612
G1 X70.418 Y70.516 E.00311
;WIDTH:0.553214
G1 X70.439 Y70.439 E.00339
G1 X70.516 Y70.418 E.00339
;WIDTH:0.511612
G1 X70.593 Y70.397 E.00311
;WIDTH:0.470009
G1 X70.669 Y70.377 E.00279
;WIDTH:0.428406
G1 X89.127 Y70.377 E.59164
;LAYER_CHANGE
;Z:4.2
;HEIGHT:0.2
G1 E-1 F1800
G1 Z4.2 F300
G92 E0
G1 X89.818 Y89.818 F3000
G1 E1 F1800
;TYPE:Perimeter
;WIDTH:0.449999
G1 F1500
G1 X70.182 Y89.818 E.66465
G1 X70.182 Y70.182 E.66465
G1 X89.818 Y70.182 E.66465
G1 X89.818 Y89.758 E.66262
G1 X90.225 Y90.225 F3000
;TYPE:External perimeter
G1 F1200
G1 X69.775 Y90.225 E.69221
G1 X69.775 Y69.775 E.69221
G1 X90.225 Y69.775 E.69221
G1 X90.225 Y90.165 E.69018
G1 X89.829 Y90.224 F3000
G1 E-1 F1800
G1 X83.541 Y89.127 F3000
G1 E1 F1800
;TYPE:Internal infill
;WIDTH:0.45
G1 X85.983 Y89.127 E.08266
G1 X89.127 Y77.394 E.41116
G1 X89.127 Y77.613 E.00741
G1 X82.387 Y70.873 E.32264
G1 X82.446 Y70.873 E.002
G1 X77.554 Y89.127 E.63968
G1 X77.613 Y89.127 E.002
G1 X70.873 Y82.387 E.32264
G1 X70.873 Y82.606 E.00741
G1 X74.017 Y70.873 E.41116
G1 X70.873 Y70.873 E.10642
G1 X89.127 Y89.127 E.87381
G1 X89.127 Y81.769 E.24906
G1 X70.873 Y86.66 E.63967
G1 X70.873 Y89.102 E.08266
G1 X70.477 Y89.231 F3000
;TYPE:Solid infill
;WIDTH:0.428406
G1 F1500
G1 X70.477 Y70.769 E.59177
;WIDTH:0.470008
G1 X70.497 Y70.693 E.00279
;WIDTH:0.51161
G1 X70.518 Y70.616 E.00311
;WIDTH:0.553212
G1 X70.539 Y70.539 E.00339
G1 X70.616 Y70.518 E.00339
;WIDTH:0.51161
G1 X70.693 Y70.497 E.00311
;WIDTH:0.470008
G1 X70.769 Y70.477 E.00279
;WIDTH:0.428406
G1 X89.231 Y70.477 E.59177
;WIDTH:0.470009
G1 X89.307 Y70.497 E.00279
;WIDTH:0.511612
G1 X89.384 Y70.518 E.00311
;WIDTH:0.553214
G1 X89.461 Y70.539 E.00339
G1 X89.482 Y70.607 E.00302
;WIDTH:0.511612
G1 X89.503 Y70.674 E.00274
;WIDTH:0.470009
G1 X89.523 Y70.742 E.00252
;WIDTH:0.428406
G1 X89.523 Y89.231 E.59263
;WIDTH:0.470008
G1 X89.503 Y89.307 E.00279
;WIDTH:0.51161
G1 X89.482 Y89.384 E.00311
;WIDTH:0.553212
G1 X89.461 Y89.461 E.00339
G1 X89.384 Y89.482 E.00339
;WIDTH:0.51161
G1 X89.307 Y89.503 E.00311
;WIDTH:0.470008
G1 X89.231 Y89.523 E.00279
;WIDTH:0.428406
G1 X70.769 Y89.523 E.59177
;WIDTH:0.470009
G1 X70.693 Y89.503 E.00279
;WIDTH:0.511612
G1 X70.616 Y89.482 E.00311
;WIDTH:0.553214
G1 X70.539 Y89.461 E.00339
G1 X70.53 Y89.427 E.00149
G1 E-1 F1800
G1 X70.873 Y75.789 F3000
G1 E1 F1800
;TYPE:Internal infill
;WIDTH:0.45
G1 X70.873 Y78.231 E.08266
G1 X89.127 Y73.34 E.63967
G1 X89.127 Y70.898 E.08266
;LAYER_CHANGE
;Z:4.4
;HEIGHT:0.2
G1 E-1 F1800
G1 Z4.4 F300
G92 E0
G1 X89.718 Y89.718 F3000
G1 E1 F1800
;TYPE:Perimeter
;WIDTH:0.449999
G1 F1500
G1 X70.282 Y89.718 E.65788
G1 X70.282 Y70.282 E.65788
G1 X89.718 Y70.282 E.65788
G1 X89.718 Y89.658 E.65585
G1 X90.125 Y90.125 F3000
;TYPE:External perimeter
G1 F1200
G1 X69.875 Y90.125 E.68544
G1 X69.875 Y69.875 E.68544
G1 X90.125 Y69.875 E.68544
G1 X90.125 Y90.065 E.68341
G1 X89.729 Y90.124 F3000
G1 E-1 F1800
G1 X83.568 Y89.027 F3000
G1 E1 F1800
;TYPE:Internal infill
;WIDTH:0.45
G1 X86.01 Y89.027 E.08266
G1 X89.027 Y77.767 E.39458
G1 X89.027 Y77.513 E.0086
G1 X82.487 Y70.973 E.31307
G1 X82.419 Y70.973 E.0023
G1 X77.581 Y89.027 E.63267
G1 X77.513 Y89.027 E.0023
G1 X70.973 Y82.487 E.31307
G1 X70.973 Y82.233 E.0086
G1 X73.99 Y70.973 E.39458
G1 X70.973 Y70.973 E.10212
G1 X89.027 Y89.027 E.86423
G1 X89.027 Y81.796 E.24476
G1 X70.973 Y86.633 E.63266
G1 X70.973 Y89.027 E.08103
G1 X71.021 Y89.027 E.00162
G1 E-1
G1 X70.973 Y75.762 F3000
G1 E1 F1800
G1 X70.973 Y78.204 E.08266
G1 X89.027 Y73.367 E.63266
G1 X89.027 Y70.973 E.08103
G1 X88.979 Y70.973 E.00162
G1 X89.131 Y70.577 F3000
;TYPE:Solid infill
;WIDTH:0.470008
G1 F1500
G1 X89.207 Y70.597 E.00279
;WIDTH:0.51161
G1 X89.284 Y70.618 E.00311
;WIDTH:0.553212
G1 X89.361 Y70.639 E.00339
G1 X89.382 Y70.716 E.00339
;WIDTH:0.51161
G1 X89.403 Y70.793 E.00311
;WIDTH:0.470008
G1 X89.423 Y70.869 E.00279
;WIDTH:0.428406
G1 X89.423 Y89.131 E.58536
;WIDTH:0.470009
G1 X89.403 Y89.207 E.00279
;WIDTH:0.511612
G1 X89.382 Y89.284 E.00311
;WIDTH:0.553214
G1 X89.361 Y89.361 E.00339
G1 X89.293 Y89.382 E.00302
;WIDTH:0.511612
G1 X89.226 Y89.403 E.00274
;WIDTH:0.470009
G1 X89.158 Y89.423 E.00252
;WIDTH:0.428406
G1 X70.869 Y89.423 E.58622
;WIDTH:0.470008
G1 X70.793 Y89.403 E.00279
;WIDTH:0.51161
G1 X70.716 Y89.382 E.00311
;WIDTH:0.553212
G1 X70.639 Y89.361 E.00339
G1 X70.618 Y89.284 E.00339
;WIDTH:0.51161
G1 X70.597 Y89.207 E.00311
;WIDTH:0.470008
G1 X70.577 Y89.131 E.00279
;WIDTH:0.428406
G1 X70.577 Y70.869 E.58536
;WIDTH:0.470009
G1 X70.597 Y70.793 E.00279
;WIDTH:0.511612
G1 X70.618 Y70.716 E.00311
;WIDTH:0.553214
G1 X70.639 Y70.639 E.00339
G1 X70.716 Y70.618 E.00339
;WIDTH:0.511612
G1 X70.793 Y70.597 E.00311
;WIDTH:0.470009
G1 X70.869 Y70.577 E.00279
;WIDTH:0.428406
G1 X88.927 Y70.577 E.57882
;LAYER_CHANGE
;Z:4.6
;HEIGHT:0.2
G1 E-1 F1800
G1 Z4.6 F300
G92 E0
G1 X89.618 Y89.618 F3000
G1 E1 F1800
;TYPE:Perimeter
;WIDTH:0.449999
G1 F1500
G1 X70.382 Y89.618 E.65111
G1 X70.382 Y70.382 E.65111
G1 X89.618 Y70.382 E.65111
G1 X89.618 Y89.558 E.64908
G1 X90.025 Y90.025 F3000
;TYPE:External perimeter
G1 F1200
G1 X69.975 Y90.025 E.67867
G1 X69.975 Y69.975 E.67867
G1 X90.025 Y69.975 E.67867
G1 X90.025 Y89.965 E.67664
G1 X89.629 Y90.024 F3000
G1 E-1 F1800
G1 X83.594 Y88.927 F3000
G1 E1 F1800
;TYPE:Internal infill
;WIDTH:0.45
G1 X86.037 Y88.927 E.08269
G1 X88.927 Y78.14 E.378
G1 X88.927 Y77.413 E.02461
G1 X82.587 Y71.073 E.30349
G1 X82.392 Y71.073 E.0066
G1 X77.608 Y88.927 E.62566
G1 X77.413 Y88.927 E.0066
G1 X71.073 Y82.587 E.30349
G1 X71.073 Y81.86 E.02461
G1 X73.963 Y71.073 E.378
G1 X71.073 Y71.073 E.09782
G1 X88.927 Y88.927 E.85466
G1 X88.927 Y81.822 E.2405
G1 X71.073 Y86.606 E.62566
G1 X71.073 Y88.927 E.07856
G1 X71.195 Y88.927 E.00413
G1 X70.677 Y89.031 F3000
;TYPE:Solid infill
;WIDTH:0.428406
G1 F1500
G1 X70.677 Y70.969 E.57895
;WIDTH:0.470008
G1 X70.697 Y70.893 E.00279
;WIDTH:0.51161
G1 X70.718 Y70.816 E.00311
;WIDTH:0.553212
G1 X70.739 Y70.739 E.00339
G1 X70.816 Y70.718 E.00339
;WIDTH:0.51161
G1 X70.893 Y70.697 E.00311
;WIDTH:0.470008
G1 X70.969 Y70.677 E.00279
;WIDTH:0.428406
G1 X89.031 Y70.677 E.57895
;WIDTH:0.470009
G1 X89.107 Y70.697 E.00279
;WIDTH:0.511612
G1 X89.184 Y70.718 E.00311
;WIDTH:0.553214
G1 X89.261 Y70.739 E.00339
G1 X89.282 Y70.807 E.00302
;WIDTH:0.511612
G1 X89.303 Y70.874 E.00274
;WIDTH:0.470009
G1 X89.323 Y70.942 E.00252
;WIDTH:0.428406
G1 X89.323 Y89.031 E.57981
;WIDTH:0.470008
G1 X89.303 Y89.107 E.00279
;WIDTH:0.51161
G1 X89.282 Y89.184 E.00311
;WIDTH:0.553212
G1 X89.261 Y89.261 E.00339
G1 X89.184 Y89.282 E.00339
;WIDTH:0.51161
G1 X89.107 Y89.303 E.00311
;WIDTH:0.470008
G1 X89.031 Y89.323 E.00279
;WIDTH:0.428406
G1 X70.969 Y89.323 E.57895
;WIDTH:0.470009
G1 X70.893 Y89.303 E.00279
;WIDTH:0.511612
G1 X70.816 Y89.282 E.00311
;WIDTH:0.553214
G1 X70.739 Y89.261 E.00339
G1 X70.73 Y89.227 E.00149
G1 E-1 F1800
G1 X71.073 Y75.735 F3000
G1 E1 F1800
;TYPE:Internal infill
;WIDTH:0.45
G1 X71.073 Y78.178 E.08269
G1 X88.927 Y73.394 E.62566
G1 X88.927 Y71.073 E.07856
G1 X88.805 Y71.073 E.00413
M106 S168.3
;LAYER_CHANGE
;Z:4.8
;HEIGHT:0.2
G1 E-1 F1800
G1 Z4.8 F300
G92 E0
G1 X89.518 Y89.518 F3000
G1 E1 F1800
;TYPE:Perimeter
;WIDTH:0.449999
G1 F1500
G1 X70.482 Y89.518 E.64435
G1 X70.482 Y70.482 E.64435
G1 X89.518 Y70.482 E.64435
G1 X89.518 Y89.458 E.64231
G1 X89.925 Y89.925 F3000
;TYPE:External perimeter
G1 F1200
G1 X70.075 Y89.925 E.6719
G1 X70.075 Y70.075 E.6719
G1 X89.925 Y70.075 E.6719
G1 X89.925 Y89.865 E.66987
G1 X89.529 Y89.924 F3000
G1 E-1 F1800
G1 X83.621 Y88.827 F3000
G1 E1 F1800
;TYPE:Internal infill
;WIDTH:0.45
G1 X86.064 Y88.827 E.08269
G1 X88.827 Y78.513 E.36143
G1 X88.827 Y77.313 E.04062
G1 X82.687 Y71.173 E.29392
G1 X82.365 Y71.173 E.0109
G1 X77.635 Y88.827 E.61864
G1 X77.313 Y88.827 E.0109
G1 X71.173 Y82.687 E.29392
G1 X71.173 Y81.487 E.04062
G1 X73.936 Y71.173 E.36143
G1 X71.173 Y71.173 E.09352
G1 X88.827 Y88.827 E.84509
G1 X88.827 Y81.849 E.2362
G1 X71.173 Y86.58 E.61865
G1 X71.173 Y88.827 E.07606
G1 X71.368 Y88.827 E.0066
G1 E-1
G1 X71.173 Y75.708 F3000
G1 E1 F1800
G1 X71.173 Y78.151 E.08269
G1 X88.827 Y73.42 E.61865
G1 X88.827 Y71.173 E.07606
G1 X88.632 Y71.173 E.0066
G1 X88.931 Y70.777 F3000
;TYPE:Solid infill
;WIDTH:0.470009
G1 F1500
G1 X89.007 Y70.797 E.00279
;WIDTH:0.511612
G1 X89.084 Y70.818 E.00311
;WIDTH:0.553214
G1 X89.161 Y70.839 E.00339
G1 X89.182 Y70.916 E.00339
;WIDTH:0.511613
G1 X89.203 Y70.993 E.00311
;WIDTH:0.470012
G1 X89.223 Y71.069 E.00279
;WIDTH:0.42841
G1 X89.223 Y88.931 E.57254
;WIDTH:0.47001
G1 X89.203 Y89.007 E.00279
;WIDTH:0.511613
G1 X89.182 Y89.084 E.00311
;WIDTH:0.553216
G1 X89.161 Y89.161 E.00339
G1 X89.093 Y89.182 E.00302
;WIDTH:0.511614
G1 X89.026 Y89.203 E.00274
;WIDTH:0.470011
G1 X88.958 Y89.223 E.00252
;WIDTH:0.428408
G1 X71.069 Y89.223 E.5734
;WIDTH:0.47001
G1 X70.993 Y89.203 E.00279
;WIDTH:0.511611
G1 X70.916 Y89.182 E.00311
;WIDTH:0.553212
G1 X70.839 Y89.161 E.00339
G1 X70.818 Y89.084 E.00339
;WIDTH:0.51161
G1 X70.797 Y89.007 E.00311
;WIDTH:0.470008
G1 X70.777 Y88.931 E.00279
;WIDTH:0.428406
G1 X70.777 Y71.069 E.57254
;WIDTH:0.47001
G1 X70.797 Y70.993 E.00279
;WIDTH:0.511613
G1 X70.818 Y70.916 E.00311
;WIDTH:0.553216
G1 X70.839 Y70.839 E.00339
G1 X70.916 Y70.818 E.00339
;WIDTH:0.511614
G1 X70.993 Y70.797 E.00311
;WIDTH:0.470012
G1 X71.069 Y70.777 E.00279
;WIDTH:0.42841
G1 X88.727 Y70.777 E.566
M106 S165.75
;LAYER_CHANGE
;Z:5
;HEIGHT:0.2
G1 E-1 F1800
G1 Z5 F300
G92 E0
G1 X89.418 Y89.418 F3000
G1 E1 F1800
;TYPE:Perimeter
;WIDTH:0.449999
G1 F1500
G1 X70.582 Y89.418 E.63758
G1 X70.582 Y70.582 E.63758
G1 X89.418 Y70.582 E.63758
G1 X89.418 Y89.358 E.63554
G1 X89.825 Y89.825 F3000
;TYPE:External perimeter
G1 F1200
G1 X70.175 Y89.825 E.66513
G1 X70.175 Y70.175 E.66513
G1 X89.825 Y70.175 E.66513
G1 X89.825 Y89.765 E.6631
G1 X89.429 Y89.824 F3000
G1 E-1 F1800
G1 X83.648 Y88.727 F3000
G1 E1 F1800
;TYPE:Internal infill
;WIDTH:0.45
G1 X86.09 Y88.727 E.08266
G1 X88.727 Y78.887 E.34483
G1 X88.727 Y77.213 E.05666
G1 X82.787 Y71.273 E.28434
G1 X82.338 Y71.273 E.0152
G1 X77.662 Y88.727 E.61163
G1 X77.213 Y88.727 E.0152
G1 X71.273 Y82.787 E.28434
G1 X71.273 Y81.113 E.05666
G1 X73.91 Y71.273 E.34483
G1 X71.273 Y71.273 E.08926
G1 X88.727 Y88.727 E.83551
G1 X88.727 Y81.876 E.2319
G1 X71.273 Y86.553 E.61164
G1 X71.273 Y88.727 E.07359
G1 X71.541 Y88.727 E.00907
G1 E-1
G1 X70.877 Y71.169 F3000
G1 E1 F1800
;TYPE:Solid infill
;WIDTH:0.470008
G1 F1500
G1 X70.897 Y71.093 E.00279
;WIDTH:0.51161
G1 X70.918 Y71.016 E.00311
;WIDTH:0.553212
G1 X70.939 Y70.939 E.00339
G1 X71.016 Y70.918 E.00339
;WIDTH:0.51161
G1 X71.093 Y70.897 E.00311
;WIDTH:0.470008
G1 X71.169 Y70.877 E.00279
;WIDTH:0.428406
G1 X88.831 Y70.877 E.56613
;WIDTH:0.470009
G1 X88.907 Y70.897 E.00279
;WIDTH:0.511612
G1 X88.984 Y70.918 E.00311
;WIDTH:0.553214
G1 X89.061 Y70.939 E.00339
G1 X89.082 Y71.007 E.00302
;WIDTH:0.511612
G1 X89.103 Y71.074 E.00274
;WIDTH:0.470009
G1 X89.123 Y71.142 E.00252
;WIDTH:0.428406
G1 X89.123 Y88.831 E.56699
;WIDTH:0.470008
G1 X89.103 Y88.907 E.00279
;WIDTH:0.51161
G1 X89.082 Y88.984 E.00311
;WIDTH:0.553212
G1 X89.061 Y89.061 E.00339
G1 X88.984 Y89.082 E.00339
;WIDTH:0.51161
G1 X88.907 Y89.103 E.00311
;WIDTH:0.470008
G1 X88.831 Y89.123 E.00279
;WIDTH:0.428406
G1 X71.169 Y89.123 E.56613
;WIDTH:0.470009
G1 X71.093 Y89.103 E.00279
;WIDTH:0.511612
G1 X71.016 Y89.082 E.00311
;WIDTH:0.553214
G1 X70.939 Y89.061 E.00339
G1 X70.918 Y88.984 E.00339
;WIDTH:0.511612
G1 X70.897 Y88.907 E.00311
;WIDTH:0.470009
G1 X70.877 Y88.831 E.00279
;WIDTH:0.428406
G1 X70.877 Y71.373 E.55959
G1 E-1 F1800
G1 X71.273 Y75.682 F3000
G1 E1 F1800
;TYPE:Internal infill
;WIDTH:0.45
G1 X71.273 Y78.124 E.08266
G1 X88.727 Y73.447 E.61164
G1 X88.727 Y71.273 E.07359
G1 X88.459 Y71.273 E.00907
M106 S168.3
;LAYER_CHANGE
;Z:5.2
;HEIGHT:0.2
G1 E-1 F1800
G1 Z5.2 F300
G92 E0
G1 X89.318 Y89.318 F3000
G1 E1 F1800
;TYPE:Perimeter
;WIDTH:0.449999
G1 F1500
G1 X70.682 Y89.318 E.63081
G1 X70.682 Y70.682 E.63081
G1 X89.318 Y70.682 E.63081
G1 X89.318 Y89.258 E.62877
G1 X89.725 Y89.725 F3000
;TYPE:External perimeter
G1 F1200
G1 X70.275 Y89.725 E.65836
G1 X70.275 Y70.275 E.65836
G1 X89.725 Y70.275 E.65836
G1 X89.725 Y89.665 E.65633
G1 X89.329 Y89.724 F3000
G1 E-1 F1800
G1 X83.675 Y88.627 F3000
G1 E1 F1800
;TYPE:Internal infill
;WIDTH:0.45
G1 X86.117 Y88.627 E.08266
G1 X88.627 Y79.26 E.32825
G1 X88.627 Y77.113 E.07267
G1 X82.887 Y71.373 E.27477
G1 X82.312 Y71.373 E.01946
G1 X77.688 Y88.627 E.60464
G1 X77.113 Y88.627 E.01946
G1 X71.373 Y82.887 E.27477
G1 X71.373 Y80.74 E.07267
G1 X73.883 Y71.373 E.32825
G1 X71.373 Y71.373 E.08496
G1 X88.627 Y88.627 E.82594
G1 X88.627 Y81.903 E.2276
G1 X71.373 Y86.526 E.60463
G1 X71.373 Y88.627 E.07112
G1 X71.714 Y88.627 E.01154
G1 E-1
G1 X71.373 Y75.655 F3000
G1 E1 F1800
G1 X71.373 Y78.097 E.08266
G1 X88.627 Y73.474 E.60463
G1 X88.627 Y71.373 E.07112
G1 X88.286 Y71.373 E.01154
G1 X88.731 Y70.977 F3000
;TYPE:Solid infill
;WIDTH:0.470008
G1 F1500
G1 X88.807 Y70.997 E.00279
;WIDTH:0.51161
G1 X88.884 Y71.018 E.00311
;WIDTH:0.553212
G1 X88.961 Y71.039 E.00339
G1 X88.982 Y71.116 E.00339
;WIDTH:0.51161
G1 X89.003 Y71.193 E.00311
;WIDTH:0.470008
G1 X89.023 Y71.269 E.00279
;WIDTH:0.428406
G1 X89.023 Y88.731 E.55971
;WIDTH:0.470009
G1 X89.003 Y88.807 E.00279
;WIDTH:0.511612
G1 X88.982 Y88.884 E.00311
;WIDTH:0.553214
G1 X88.961 Y88.961 E.00339
G1 X88.893 Y88.982 E.00302
;WIDTH:0.511612
G1 X88.826 Y89.003 E.00274
;WIDTH:0.470009
G1 X88.758 Y89.023 E.00252
;WIDTH:0.428406
G1 X71.269 Y89.023 E.56058
;WIDTH:0.470008
G1 X71.193 Y89.003 E.00279
;WIDTH:0.51161
G1 X71.116 Y88.982 E.00311
;WIDTH:0.553212
G1 X71.039 Y88.961 E.00339
G1 X71.018 Y88.884 E.00339
;WIDTH:0.51161
G1 X70.997 Y88.807 E.00311
;WIDTH:0.470008
G1 X70.977 Y88.731 E.00279
;WIDTH:0.428406
G1 X70.977 Y71.269 E.55971
;WIDTH:0.470009
G1 X70.997 Y71.193 E.00279
;WIDTH:0.511612
G1 X71.018 Y71.116 E.00311
;WIDTH:0.553214
G1 X71.039 Y71.039 E.00339
G1 X71.116 Y71.018 E.00339
;WIDTH:0.511612
G1 X71.193 Y70.997 E.00311
;WIDTH:0.470009
G1 X71.269 Y70.977 E.00279
;WIDTH:0.428406
G1 X88.527 Y70.977 E.55318
;LAYER_CHANGE
;Z:5.4
;HEIGHT:0.2
G1 E-1 F1800
G1 Z5.4 F300
G92 E0
G1 X89.218 Y89.218 F3000
G1 E1 F1800
;TYPE:Perimeter
;WIDTH:0.449999
G1 F1500
G1 X70.782 Y89.218 E.62404
G1 X70.782 Y70.782 E.62404
G1 X89.218 Y70.782 E.62404
G1 X89.218 Y89.158 E.622
G1 X89.625 Y89.625 F3000
;TYPE:External perimeter
G1 F1200
G1 X70.375 Y89.625 E.65159
G1 X70.375 Y70.375 E.65159
G1 X89.625 Y70.375 E.65159
G1 X89.625 Y89.565 E.64956
G1 X89.229 Y89.624 F3000
G1 E-1 F1800
G1 X88.527 Y84.372 F3000
G1 E1 F1800
;TYPE:Internal infill
;WIDTH:0.45
G1 X88.527 Y81.93 E.08266
G1 X71.473 Y86.499 E.59762
G1 X71.473 Y82.987 E.11888
G1 X77.013 Y88.527 E.2652
G1 X77.715 Y88.527 E.02376
G1 X82.285 Y71.473 E.59762
G1 X82.987 Y71.473 E.02376
G1 X88.527 Y77.013 E.2652
G1 X88.527 Y79.633 E.08868
G1 X86.144 Y88.527 E.31167
G1 X88.527 Y88.527 E.08066
G1 X71.473 Y71.473 E.81637
G1 X73.856 Y71.473 E.08066
G1 X71.473 Y80.367 E.31167
G1 X71.473 Y82.783 E.08178
G1 E-1
G1 X71.077 Y71.369 F3000
G1 E1 F1800
;TYPE:Solid infill
;WIDTH:0.470008
G1 F1500
G1 X71.097 Y71.293 E.00279
;WIDTH:0.51161
G1 X71.118 Y71.216 E.00311
;WIDTH:0.553212
G1 X71.139 Y71.139 E.00339
G1 X71.216 Y71.118 E.00339
;WIDTH:0.51161
G1 X71.293 Y71.097 E.00311
;WIDTH:0.470008
G1 X71.369 Y71.077 E.00279
;WIDTH:0.428406
G1 X88.631 Y71.077 E.5533
;WIDTH:0.470009
G1 X88.707 Y71.097 E.00279
;WIDTH:0.511612
G1 X88.784 Y71.118 E.00311
;WIDTH:0.553214
G1 X88.861 Y71.139 E.00339
G1 X88.882 Y71.207 E.00302
;WIDTH:0.511612
G1 X88.903 Y71.274 E.00274
;WIDTH:0.470009
G1 X88.923 Y71.342 E.00252
;WIDTH:0.428406
G1 X88.923 Y88.631 E.55417
;WIDTH:0.470008
G1 X88.903 Y88.707 E.00279
;WIDTH:0.51161
G1 X88.882 Y88.784 E.00311
;WIDTH:0.553212
G1 X88.861 Y88.861 E.00339
G1 X88.784 Y88.882 E.00339
;WIDTH:0.51161
G1 X88.707 Y88.903 E.00311
;WIDTH:0.470008
G1 X88.631 Y88.923 E.00279
;WIDTH:0.428406
G1 X71.369 Y88.923 E.5533
;WIDTH:0.470009
G1 X71.293 Y88.903 E.00279
;WIDTH:0.511612
G1 X71.216 Y88.882 E.00311
;WIDTH:0.553214
G1 X71.139 Y88.861 E.00339
G1 X71.118 Y88.784 E.00339
;WIDTH:0.511612
G1 X71.097 Y88.707 E.00311
;WIDTH:0.470009
G1 X71.077 Y88.631 E.00279
;WIDTH:0.428406
G1 X71.077 Y71.573 E.54677
G1 E-1 F1800
G1 X71.473 Y75.628 F3000
G1 E1 F1800
;TYPE:Internal infill
;WIDTH:0.45
G1 X71.473 Y78.07 E.08266
G1 X88.527 Y73.501 E.59762
G1 X88.527 Y71.473 E.06865
G1 X88.113 Y71.473 E.01401
;LAYER_CHANGE
;Z:5.6
;HEIGHT:0.2
G1 E-1 F1800
G1 Z5.6 F300
G92 E0
G1 X89.118 Y89.118 F3000
G1 E1 F1800
;TYPE:Perimeter
;WIDTH:0.449999
G1 F1500
G1 X70.882 Y89.118 E.61727
G1 X70.882 Y70.882 E.61727
G1 X89.118 Y70.882 E.61727
G1 X89.118 Y89.058 E.61524
G1 X89.525 Y89.525 F3000
;TYPE:External perimeter
G1 F1200
G1 X70.475 Y89.525 E.64482
G1 X70.475 Y70.475 E.64482
G1 X89.525 Y70.475 E.64482
G1 X89.525 Y89.465 E.64279
G1 X89.129 Y89.524 F3000
G1 E-1 F1800
G1 X88.427 Y84.399 F3000
G1 E1 F1800
;TYPE:Internal infill
;WIDTH:0.45
G1 X88.427 Y81.956 E.08269
G1 X71.573 Y86.472 E.59061
G1 X71.573 Y83.087 E.11458
G1 X76.913 Y88.427 E.25562
G1 X77.742 Y88.427 E.02806
G1 X82.258 Y71.573 E.59061
G1 X83.087 Y71.573 E.02806
G1 X88.427 Y76.913 E.25562
G1 X88.427 Y80.006 E.10469
G1 X86.171 Y88.427 E.29509
G1 X88.427 Y88.427 E.07636
G1 X71.573 Y71.573 E.80679
G1 X73.829 Y71.573 E.07636
G1 X71.573 Y79.994 E.29509
G1 X71.573 Y82.436 E.08266
G1 E-1
G1 X71.573 Y75.601 F3000
G1 E1 F1800
G1 X71.573 Y78.044 E.08269
G1 X88.427 Y73.528 E.59061
G1 X88.427 Y71.573 E.06617
G1 X87.939 Y71.573 E.01652
G1 X88.531 Y71.177 F3000
;TYPE:Solid infill
;WIDTH:0.470008
G1 F1500
G1 X88.607 Y71.197 E.00279
;WIDTH:0.51161
G1 X88.684 Y71.218 E.00311
;WIDTH:0.553212
G1 X88.761 Y71.239 E.00339
G1 X88.782 Y71.316 E.00339
;WIDTH:0.51161
G1 X88.803 Y71.393 E.00311
;WIDTH:0.470008
G1 X88.823 Y71.469 E.00279
;WIDTH:0.428406
G1 X88.823 Y88.531 E.54689
;WIDTH:0.470009
G1 X88.803 Y88.607 E.00279
;WIDTH:0.511612
G1 X88.782 Y88.684 E.00311
;WIDTH:0.553214
G1 X88.761 Y88.761 E.00339
G1 X88.693 Y88.782 E.00302
;WIDTH:0.511612
G1 X88.626 Y88.803 E.00274
;WIDTH:0.470009
G1 X88.558 Y88.823 E.00252
;WIDTH:0.428406
G1 X71.469 Y88.823 E.54776
;WIDTH:0.470008
G1 X71.393 Y88.803 E.00279
;WIDTH:0.51161
G1 X71.316 Y88.782 E.00311
;WIDTH:0.553212
G1 X71.239 Y88.761 E.00339
G1 X71.218 Y88.684 E.00339
;WIDTH:0.51161
G1 X71.197 Y88.607 E.00311
;WIDTH:0.470008
G1 X71.177 Y88.531 E.00279
;WIDTH:0.428406
G1 X71.177 Y71.469 E.54689
;WIDTH:0.470009
G1 X71.197 Y71.393 E.00279
;WIDTH:0.511612
G1 X71.218 Y71.316 E.00311
;WIDTH:0.553214
G1 X71.239 Y71.239 E.00339
G1 X71.316 Y71.218 E.00339
;WIDTH:0.511612
G1 X71.393 Y71.197 E.00311
;WIDTH:0.470009
G1 X71.469 Y71.177 E.00279
;WIDTH:0.428406
G1 X88.327 Y71.177 E.54035
;LAYER_CHANGE
;Z:5.8
;HEIGHT:0.2
G1 E-1 F1800
G1 Z5.8 F300
G92 E0
G1 X89.018 Y89.018 F3000
G1 E1 F1800
;TYPE:Perimeter
;WIDTH:0.449999
G1 F1500
G1 X70.982 Y89.018 E.6105
G1 X70.982 Y70.982 E.6105
G1 X89.018 Y70.982 E.6105
G1 X89.018 Y88.958 E.60847
G1 X89.425 Y89.425 F3000
;TYPE:External perimeter
G1 F1200
G1 X70.575 Y89.425 E.63805
G1 X70.575 Y70.575 E.63805
G1 X89.425 Y70.575 E.63805
G1 X89.425 Y89.365 E.63602
G1 X89.029 Y89.424 F3000
G1 E-1 F1800
G1 X88.327 Y84.426 F3000
G1 E1 F1800
;TYPE:Internal infill
;WIDTH:0.45
G1 X88.327 Y81.983 E.08269
G1 X71.673 Y86.446 E.58361
G1 X71.673 Y83.187 E.11031
G1 X76.813 Y88.327 E.24605
G1 X77.769 Y88.327 E.03236
G1 X82.231 Y71.673 E.5836
G1 X83.187 Y71.673 E.03236
G1 X88.327 Y76.813 E.24605
G1 X88.327 Y73.554 E.11031
G1 X71.673 Y78.017 E.58361
G1 X71.673 Y75.574 E.08269
G1 E-1
G1 X71.673 Y82.063 F3000
G1 E1 F1800
G1 X71.673 Y79.621 E.08266
G1 X73.802 Y71.673 E.27851
G1 X71.673 Y71.673 E.07206
G1 X88.327 Y88.327 E.79722
G1 X86.198 Y88.327 E.07206
G1 X88.327 Y80.379 E.27851
G1 X88.327 Y77.937 E.08266
G1 E-1
G1 X71.277 Y88.431 F3000
G1 E1 F1800
;TYPE:Solid infill
;WIDTH:0.428406
G1 F1500
G1 X71.277 Y71.569 E.54048
;WIDTH:0.470008
G1 X71.297 Y71.493 E.00279
;WIDTH:0.51161
G1 X71.318 Y71.416 E.00311
;WIDTH:0.553212
G1 X71.339 Y71.339 E.00339
G1 X71.416 Y71.318 E.00339
;WIDTH:0.51161
G1 X71.493 Y71.297 E.00311
;WIDTH:0.470008
G1 X71.569 Y71.277 E.00279
;WIDTH:0.428406
G1 X88.431 Y71.277 E.54048
;WIDTH:0.47001
G1 X88.507 Y71.297 E.00279
;WIDTH:0.511613
G1 X88.584 Y71.318 E.00311
;WIDTH:0.553216
G1 X88.661 Y71.339 E.00339
G1 X88.682 Y71.407 E.00302
;WIDTH:0.511614
G1 X88.703 Y71.474 E.00274
;WIDTH:0.470011
G1 X88.723 Y71.542 E.00252
;WIDTH:0.428408
G1 X88.723 Y88.431 E.54135
;WIDTH:0.470011
G1 X88.703 Y88.507 E.00279
;WIDTH:0.511614
G1 X88.682 Y88.584 E.00311
;WIDTH:0.553216
G1 X88.661 Y88.661 E.00339
G1 X88.584 Y88.682 E.00339
;WIDTH:0.511614
G1 X88.507 Y88.703 E.00311
;WIDTH:0.470011
G1 X88.431 Y88.723 E.00279
;WIDTH:0.428408
G1 X71.569 Y88.723 E.54049
;WIDTH:0.470011
G1 X71.493 Y88.703 E.00279
;WIDTH:0.511614
G1 X71.416 Y88.682 E.00311
;WIDTH:0.553216
G1 X71.339 Y88.661 E.00339
G1 X71.33 Y88.627 E.00149
;LAYER_CHANGE
;Z:6
;HEIGHT:0.2
G1 E-1 F1800
G1 Z6 F300
G92 E0
G1 X88.918 Y88.918 F3000
G1 E1 F1800
;TYPE:Perimeter
;WIDTH:0.449999
G1 F1500
G1 X71.082 Y88.918 E.60373
G1 X71.082 Y71.082 E.60373
G1 X88.918 Y71.082 E.60373
G1 X88.918 Y88.858 E.6017
G1 X89.325 Y89.325 F3000
;TYPE:External perimeter
G1 F1200
G1 X70.675 Y89.325 E.63128
G1 X70.675 Y70.675 E.63128
G1 X89.325 Y70.675 E.63128
G1 X89.325 Y89.265 E.62925
G1 X88.929 Y89.324 F3000
G1 E-1 F1800
G1 X88.227 Y82.01 F3000
G1 E1 F1800
;TYPE:Internal infill
;WIDTH:0.45
G1 X71.773 Y86.419 E.5766
G1 X71.773 Y83.287 E.10601
G1 X76.713 Y88.227 E.23648
G1 X77.796 Y88.227 E.03666
G1 X82.204 Y71.773 E.57659
G1 X83.287 Y71.773 E.03666
G1 X88.227 Y76.713 E.23648
G1 X88.227 Y73.581 E.10601
G1 X71.773 Y77.99 E.5766
G1 E-1
G1 X71.773 Y81.69 F3000
G1 E1 F1800
G1 X71.773 Y79.247 E.08269
G1 X73.776 Y71.773 E.26191
G1 X71.773 Y71.773 E.0678
G1 X88.227 Y88.227 E.78764
G1 X86.224 Y88.227 E.0678
G1 X88.227 Y80.753 E.26191
G1 X88.227 Y78.31 E.08269
G1 E-1
G1 X88.331 Y71.377 F3000
G1 E1 F1800
;TYPE:Solid infill
;WIDTH:0.470008
G1 F1500
G1 X88.407 Y71.397 E.00279
;WIDTH:0.51161
G1 X88.484 Y71.418 E.00311
;WIDTH:0.553212
G1 X88.561 Y71.439 E.00339
G1 X88.582 Y71.516 E.00339
;WIDTH:0.51161
G1 X88.603 Y71.593 E.00311
;WIDTH:0.470008
G1 X88.623 Y71.669 E.00279
;WIDTH:0.428406
G1 X88.623 Y88.331 E.53407
;WIDTH:0.470009
G1 X88.603 Y88.407 E.00279
;WIDTH:0.511612
G1 X88.582 Y88.484 E.00311
;WIDTH:0.553214
G1 X88.561 Y88.561 E.00339
G1 X88.493 Y88.582 E.00302
;WIDTH:0.511612
G1 X88.426 Y88.603 E.00274
;WIDTH:0.470009
G1 X88.358 Y88.623 E.00252
;WIDTH:0.428406
G1 X71.669 Y88.623 E.53494
;WIDTH:0.470008
G1 X71.593 Y88.603 E.00279
;WIDTH:0.51161
G1 X71.516 Y88.582 E.00311
;WIDTH:0.553212
G1 X71.439 Y88.561 E.00339
G1 X71.418 Y88.484 E.00339
;WIDTH:0.51161
G1 X71.397 Y88.407 E.00311
;WIDTH:0.470008
G1 X71.377 Y88.331 E.00279
;WIDTH:0.428406
G1 X71.377 Y71.669 E.53407
;WIDTH:0.47001
G1 X71.397 Y71.593 E.00279
;WIDTH:0.511613
G1 X71.418 Y71.516 E.00311
;WIDTH:0.553216
G1 X71.439 Y71.439 E.00339
G1 X71.516 Y71.418 E.00339
;WIDTH:0.511613
G1 X71.593 Y71.397 E.00311
;WIDTH:0.47001
G1 X71.669 Y71.377 E.00279
;WIDTH:0.428406
G1 X88.127 Y71.377 E.52753
;LAYER_CHANGE
;Z:6.2
;HEIGHT:0.2
G1 E-1 F1800
G1 Z6.2 F300
G92 E0
G1 X88.818 Y88.818 F3000
G1 E1 F1800
;TYPE:Perimeter
;WIDTH:0.449999
G1 F1500
G1 X71.182 Y88.818 E.59696
G1 X71.182 Y71.182 E.59696
G1 X88.818 Y71.182 E.59696
G1 X88.818 Y88.758 E.59493
G1 X89.225 Y89.225 F3000
;TYPE:External perimeter
G1 F1200
G1 X70.775 Y89.225 E.62451
G1 X70.775 Y70.775 E.62451
G1 X89.225 Y70.775 E.62451
G1 X89.225 Y89.165 E.62248
G1 X88.829 Y89.224 F3000
G1 E-1 F1800
G1 X88.127 Y82.037 F3000
G1 E1 F1800
;TYPE:Internal infill
;WIDTH:0.45
G1 X71.873 Y86.392 E.56958
G1 X71.873 Y83.387 E.10172
G1 X76.613 Y88.127 E.2269
G1 X77.822 Y88.127 E.04092
G1 X82.178 Y71.873 E.56959
G1 X83.387 Y71.873 E.04092
G1 X88.127 Y76.613 E.2269
G1 X88.127 Y73.608 E.10172
G1 X71.873 Y77.963 E.56958
G1 E-1
G1 X71.873 Y81.317 F3000
G1 E1 F1800
G1 X71.873 Y78.874 E.08269
G1 X73.749 Y71.873 E.24534
G1 X71.873 Y71.873 E.0635
G1 X88.127 Y88.127 E.77807
G1 X86.251 Y88.127 E.0635
G1 X88.127 Y81.126 E.24534
G1 X88.127 Y78.683 E.08269
G1 E-1
G1 X71.477 Y71.769 F3000
G1 E1 F1800
;TYPE:Solid infill
;WIDTH:0.470008
G1 F1500
G1 X71.497 Y71.693 E.00279
;WIDTH:0.51161
G1 X71.518 Y71.616 E.00311
;WIDTH:0.553212
G1 X71.539 Y71.539 E.00339
G1 X71.616 Y71.518 E.00339
;WIDTH:0.51161
G1 X71.693 Y71.497 E.00311
;WIDTH:0.470008
G1 X71.769 Y71.477 E.00279
;WIDTH:0.428406
G1 X88.231 Y71.477 E.52766
;WIDTH:0.470009
G1 X88.307 Y71.497 E.00279
;WIDTH:0.511612
G1 X88.384 Y71.518 E.00311
;WIDTH:0.553214
G1 X88.461 Y71.539 E.00339
G1 X88.482 Y71.607 E.00302
;WIDTH:0.511612
G1 X88.503 Y71.674 E.00274
;WIDTH:0.470009
G1 X88.523 Y71.742 E.00252
;WIDTH:0.428406
G1 X88.523 Y88.231 E.52853
;WIDTH:0.470008
G1 X88.503 Y88.307 E.00279
;WIDTH:0.51161
G1 X88.482 Y88.384 E.00311
;WIDTH:0.553212
G1 X88.461 Y88.461 E.00339
G1 X88.384 Y88.482 E.00339
;WIDTH:0.51161
G1 X88.307 Y88.503 E.00311
;WIDTH:0.470008
G1 X88.231 Y88.523 E.00279
;WIDTH:0.428406
G1 X71.769 Y88.523 E.52766
;WIDTH:0.470009
G1 X71.693 Y88.503 E.00279
;WIDTH:0.511612
G1 X71.616 Y88.482 E.00311
;WIDTH:0.553214
G1 X71.539 Y88.461 E.00339
G1 X71.518 Y88.384 E.00339
;WIDTH:0.511612
G1 X71.497 Y88.307 E.00311
;WIDTH:0.470009
G1 X71.477 Y88.231 E.00279
;WIDTH:0.428406
G1 X71.477 Y71.973 E.52112
M106 S170.85
;LAYER_CHANGE
;Z:6.4
;HEIGHT:0.2
G1 E-1 F1800
G1 Z6.4 F300
G92 E0
G1 X88.718 Y88.718 F3000
G1 E1 F1800
;TYPE:Perimeter
;WIDTH:0.449999
G1 F1500
G1 X71.282 Y88.718 E.59019
G1 X71.282 Y71.282 E.59019
G1 X88.718 Y71.282 E.59019
G1 X88.718 Y88.658 E.58816
G1 X89.125 Y89.125 F3000
;TYPE:External perimeter
G1 F1200
G1 X70.875 Y89.125 E.61774
G1 X70.875 Y70.875 E.61774
G1 X89.125 Y70.875 E.61774
G1 X89.125 Y89.065 E.61571
G1 X88.729 Y89.124 F3000
G1 E-1 F1800
G1 X88.027 Y82.064 F3000
G1 E1 F1800
;TYPE:Internal infill
;WIDTH:0.45
G1 X71.973 Y86.365 E.56257
G1 X71.973 Y83.487 E.09742
G1 X76.513 Y88.027 E.21733
G1 X77.849 Y88.027 E.04522
G1 X82.151 Y71.973 E.56258
G1 X83.487 Y71.973 E.04522
G1 X88.027 Y76.513 E.21733
G1 X88.027 Y73.635 E.09742
G1 X71.973 Y77.936 E.56257
G1 E-1
G1 X71.973 Y80.943 F3000
G1 E1 F1800
G1 X71.973 Y78.501 E.08266
G1 X73.722 Y71.973 E.22876
G1 X71.973 Y71.973 E.0592
G1 X88.027 Y88.027 E.7685
G1 X86.278 Y88.027 E.0592
G1 X88.027 Y81.499 E.22876
G1 X88.027 Y79.057 E.08266
G1 E-1
G1 X88.131 Y71.577 F3000
G1 E1 F1800
;TYPE:Solid infill
;WIDTH:0.470008
G1 F1500
G1 X88.207 Y71.597 E.00279
;WIDTH:0.51161
G1 X88.284 Y71.618 E.00311
;WIDTH:0.553212
G1 X88.361 Y71.639 E.00339
G1 X88.382 Y71.716 E.00339
;WIDTH:0.51161
G1 X88.403 Y71.793 E.00311
;WIDTH:0.470008
G1 X88.423 Y71.869 E.00279
;WIDTH:0.428406
G1 X88.423 Y88.131 E.52125
;WIDTH:0.470009
G1 X88.403 Y88.207 E.00279
;WIDTH:0.511612
G1 X88.382 Y88.284 E.00311
;WIDTH:0.553214
G1 X88.361 Y88.361 E.00339
G1 X88.293 Y88.382 E.00302
;WIDTH:0.511612
G1 X88.226 Y88.403 E.00274
;WIDTH:0.470009
G1 X88.158 Y88.423 E.00252
;WIDTH:0.428406
G1 X71.869 Y88.423 E.52212
;WIDTH:0.470008
G1 X71.793 Y88.403 E.00279
;WIDTH:0.51161
G1 X71.716 Y88.382 E.00311
;WIDTH:0.553212
G1 X71.639 Y88.361 E.00339
G1 X71.618 Y88.284 E.00339
;WIDTH:0.51161
G1 X71.597 Y88.207 E.00311
;WIDTH:0.470008
G1 X71.577 Y88.131 E.00279
;WIDTH:0.428406
G1 X71.577 Y71.869 E.52125
;WIDTH:0.470009
G1 X71.597 Y71.793 E.00279
;WIDTH:0.511612
G1 X71.618 Y71.716 E.00311
;WIDTH:0.553214
G1 X71.639 Y71.639 E.00339
G1 X71.716 Y71.618 E.00339
;WIDTH:0.511612
G1 X71.793 Y71.597 E.00311
;WIDTH:0.470009
G1 X71.869 Y71.577 E.00279
;WIDTH:0.428406
G1 X87.927 Y71.577 E.51471
;LAYER_CHANGE
;Z:6.6
;HEIGHT:0.2
G1 E-1 F1800
G1 Z6.6 F300
G92 E0
G1 X88.618 Y88.618 F3000
G1 E1 F1800
;TYPE:Perimeter
;WIDTH:0.449999
G1 F1500
G1 X71.382 Y88.618 E.58342
G1 X71.382 Y71.382 E.58342
G1 X88.618 Y71.382 E.58342
G1 X88.618 Y88.558 E.58139
G1 X89.025 Y89.025 F3000
;TYPE:External perimeter
G1 F1200
G1 X70.975 Y89.025 E.61097
G1 X70.975 Y70.975 E.61097
G1 X89.025 Y70.975 E.61097
G1 X89.025 Y88.965 E.60894
G1 X88.629 Y89.024 F3000
G1 E-1 F1800
G1 X87.927 Y78.856 F3000
G1 E1 F1800
;TYPE:Internal infill
;WIDTH:0.45
G1 X87.927 Y76.413 E.08269
G1 X83.587 Y72.073 E.20775
G1 X82.124 Y72.073 E.04952
G1 X77.876 Y87.927 E.55557
G1 X76.413 Y87.927 E.04952
G1 X72.073 Y83.587 E.20775
G1 X72.073 Y86.338 E.09312
G1 X87.927 Y82.09 E.55557
G1 X87.927 Y81.872 E.00738
G1 X86.305 Y87.927 E.21218
G1 X87.927 Y87.927 E.0549
G1 X72.073 Y72.073 E.75892
G1 X73.695 Y72.073 E.0549
G1 X72.073 Y78.128 E.21218
G1 X72.073 Y77.91 E.00738
G1 X87.927 Y73.662 E.55557
G1 X87.927 Y72.073 E.05379
G1 X87.073 Y72.073 E.02891
G1 E-1
G1 X71.677 Y88.031 F3000
G1 E1 F1800
;TYPE:Solid infill
;WIDTH:0.428402
G1 F1500
G1 X71.677 Y71.969 E.51483
;WIDTH:0.470005
G1 X71.697 Y71.893 E.00279
;WIDTH:0.511608
G1 X71.718 Y71.816 E.00311
;WIDTH:0.55321
G1 X71.739 Y71.739 E.00339
G1 X71.816 Y71.718 E.00339
;WIDTH:0.511608
G1 X71.893 Y71.697 E.00311
;WIDTH:0.470005
G1 X71.969 Y71.677 E.00279
;WIDTH:0.428402
G1 X88.031 Y71.677 E.51483
;WIDTH:0.470006
G1 X88.107 Y71.697 E.00279
;WIDTH:0.511609
G1 X88.184 Y71.718 E.00311
;WIDTH:0.553212
G1 X88.261 Y71.739 E.00339
G1 X88.282 Y71.807 E.00302
;WIDTH:0.51161
G1 X88.303 Y71.874 E.00274
;WIDTH:0.470008
G1 X88.323 Y71.942 E.00252
;WIDTH:0.428406
G1 X88.323 Y88.031 E.51571
;WIDTH:0.470008
G1 X88.303 Y88.107 E.00279
;WIDTH:0.51161
G1 X88.282 Y88.184 E.00311
;WIDTH:0.553212
G1 X88.261 Y88.261 E.00339
G1 X88.184 Y88.282 E.00339
;WIDTH:0.51161
G1 X88.107 Y88.303 E.00311
;WIDTH:0.470008
G1 X88.031 Y88.323 E.00279
;WIDTH:0.428406
G1 X71.969 Y88.323 E.51484
;WIDTH:0.470008
G1 X71.893 Y88.303 E.00279
;WIDTH:0.51161
G1 X71.816 Y88.282 E.00311
;WIDTH:0.553212
G1 X71.739 Y88.261 E.00339
G1 X71.73 Y88.227 E.00149
;LAYER_CHANGE
;Z:6.8
;HEIGHT:0.2
G1 E-1 F1800
G1 Z6.8 F300
G92 E0
G1 X88.518 Y88.518 F3000
G1 E1 F1800
;TYPE:Perimeter
;WIDTH:0.449999
G1 F1500
G1 X71.482 Y88.518 E.57665
G1 X71.482 Y71.482 E.57665
G1 X88.518 Y71.482 E.57665
G1 X88.518 Y88.458 E.57462
G1 X88.925 Y88.925 F3000
;TYPE:External perimeter
G1 F1200
G1 X71.075 Y88.925 E.6042
G1 X71.075 Y71.075 E.6042
G1 X88.925 Y71.075 E.6042
G1 X88.925 Y88.865 E.60217
G1 X88.529 Y88.924 F3000
G1 E-1 F1800
G1 X87.827 Y78.756 F3000
G1 E1 F1800
;TYPE:Internal infill
;WIDTH:0.45
G1 X87.827 Y76.313 E.08269
G1 X83.687 Y72.173 E.19818
G1 X82.097 Y72.173 E.05382
G1 X77.903 Y87.827 E.54856
G1 X76.313 Y87.827 E.05382
G1 X72.173 Y83.687 E.19818
G1 X72.173 Y86.312 E.08885
G1 X87.827 Y82.117 E.54857
G1 X86.332 Y87.827 E.19979
G1 X87.827 Y87.827 E.0506
G1 X72.173 Y72.173 E.74935
G1 X73.668 Y72.173 E.0506
G1 X72.173 Y77.883 E.19979
G1 X87.827 Y73.688 E.54857
G1 X87.827 Y72.173 E.05128
G1 X86.9 Y72.173 E.03138
G1 X87.931 Y71.777 F3000
;TYPE:Solid infill
;WIDTH:0.470008
G1 F1500
G1 X88.007 Y71.797 E.00279
;WIDTH:0.51161
G1 X88.084 Y71.818 E.00311
;WIDTH:0.553212
G1 X88.161 Y71.839 E.00339
G1 X88.182 Y71.916 E.00339
;WIDTH:0.511612
G1 X88.203 Y71.993 E.00311
;WIDTH:0.470011
G1 X88.223 Y72.069 E.00279
;WIDTH:0.42841
G1 X88.223 Y87.931 E.50843
;WIDTH:0.47001
G1 X88.203 Y88.007 E.00279
;WIDTH:0.511613
G1 X88.182 Y88.084 E.00311
;WIDTH:0.553216
G1 X88.161 Y88.161 E.00339
G1 X88.093 Y88.182 E.00302
;WIDTH:0.511613
G1 X88.026 Y88.203 E.00274
;WIDTH:0.47001
G1 X87.958 Y88.223 E.00252
;WIDTH:0.428406
G1 X72.069 Y88.223 E.50929
;WIDTH:0.470008
G1 X71.993 Y88.203 E.00279
;WIDTH:0.51161
G1 X71.916 Y88.182 E.00311
;WIDTH:0.553212
G1 X71.839 Y88.161 E.00339
G1 X71.818 Y88.084 E.00339
;WIDTH:0.51161
G1 X71.797 Y88.007 E.00311
;WIDTH:0.470008
G1 X71.777 Y87.931 E.00279
;WIDTH:0.428406
G1 X71.777 Y72.069 E.50843
;WIDTH:0.47001
G1 X71.797 Y71.993 E.00279
;WIDTH:0.511613
G1 X71.818 Y71.916 E.00311
;WIDTH:0.553216
G1 X71.839 Y71.839 E.00339
G1 X71.916 Y71.818 E.00339
;WIDTH:0.511613
G1 X71.993 Y71.797 E.00311
;WIDTH:0.47001
G1 X72.069 Y71.777 E.00279
;WIDTH:0.428406
G1 X87.727 Y71.777 E.50189
;LAYER_CHANGE
;Z:7
;HEIGHT:0.2
G1 E-1 F1800
G1 Z7 F300
G92 E0
G1 X88.418 Y88.418 F3000
G1 E1 F1800
;TYPE:Perimeter
;WIDTH:0.449999
G1 F1500
G1 X71.582 Y88.418 E.56988
G1 X71.582 Y71.582 E.56988
G1 X88.418 Y71.582 E.56988
G1 X88.418 Y88.358 E.56785
G1 X88.825 Y88.825 F3000
;TYPE:External perimeter
G1 F1200
G1 X71.175 Y88.825 E.59743
G1 X71.175 Y71.175 E.59743
G1 X88.825 Y71.175 E.59743
G1 X88.825 Y88.765 E.5954
G1 X88.429 Y88.824 F3000
G1 E-1 F1800
G1 X87.727 Y78.656 F3000
G1 E1 F1800
;TYPE:Internal infill
;WIDTH:0.45
G1 X87.727 Y76.213 E.08269
G1 X83.787 Y72.273 E.18861
G1 X82.07 Y72.273 E.05812
G1 X77.93 Y87.727 E.54154
G1 X76.213 Y87.727 E.05812
G1 X72.273 Y83.787 E.18861
G1 X72.273 Y86.285 E.08455
G1 X87.727 Y82.144 E.54155
G1 X87.727 Y82.619 E.01608
G1 X86.358 Y87.727 E.179
G1 X87.727 Y87.727 E.04634
G1 X72.273 Y72.273 E.73977
G1 X73.642 Y72.273 E.04634
G1 X72.273 Y77.381 E.179
G1 X72.273 Y77.856 E.01608
G1 X87.727 Y73.715 E.54155
G1 X87.727 Y72.273 E.04881
G1 X86.727 Y72.273 E.03385
G1 E-1
G1 X71.877 Y72.169 F3000
G1 E1 F1800
;TYPE:Solid infill
;WIDTH:0.47001
G1 F1500
G1 X71.897 Y72.093 E.00279
;WIDTH:0.511613
G1 X71.918 Y72.016 E.00311
;WIDTH:0.553216
G1 X71.939 Y71.939 E.00339
G1 X72.016 Y71.918 E.00339
;WIDTH:0.511614
G1 X72.093 Y71.897 E.00311
;WIDTH:0.470011
G1 X72.169 Y71.877 E.00279
;WIDTH:0.428408
G1 X87.831 Y71.877 E.50202
;WIDTH:0.470011
G1 X87.907 Y71.897 E.00279
;WIDTH:0.511614
G1 X87.984 Y71.918 E.00311
;WIDTH:0.553216
G1 X88.061 Y71.939 E.00339
G1 X88.082 Y72.007 E.00302
;WIDTH:0.511613
G1 X88.103 Y72.074 E.00274
;WIDTH:0.47001
G1 X88.123 Y72.142 E.00252
;WIDTH:0.428406
G1 X88.123 Y87.831 E.50288
;WIDTH:0.470008
G1 X88.103 Y87.907 E.00279
;WIDTH:0.51161
G1 X88.082 Y87.984 E.00311
;WIDTH:0.553212
G1 X88.061 Y88.061 E.00339
G1 X87.984 Y88.082 E.00339
;WIDTH:0.51161
G1 X87.907 Y88.103 E.00311
;WIDTH:0.470008
G1 X87.831 Y88.123 E.00279
;WIDTH:0.428406
G1 X72.169 Y88.123 E.50202
;WIDTH:0.47001
G1 X72.093 Y88.103 E.00279
;WIDTH:0.511613
G1 X72.016 Y88.082 E.00311
;WIDTH:0.553216
G1 X71.939 Y88.061 E.00339
G1 X71.918 Y87.984 E.00339
;WIDTH:0.511614
G1 X71.897 Y87.907 E.00311
;WIDTH:0.470012
G1 X71.877 Y87.831 E.00279
;WIDTH:0.42841
G1 X71.877 Y72.373 E.49548
;LAYER_CHANGE
;Z:7.2
;HEIGHT:0.2
G1 E-1 F1800
G1 Z7.2 F300
G92 E0
G1 X88.318 Y88.318 F3000
G1 E1 F1800
;TYPE:Perimeter
;WIDTH:0.449999
G1 F1500
G1 X71.682 Y88.318 E.56311
G1 X71.682 Y71.682 E.56311
G1 X88.318 Y71.682 E.56311
G1 X88.318 Y88.258 E.56108
G1 X88.725 Y88.725 F3000
;TYPE:External perimeter
G1 F1200
G1 X71.275 Y88.725 E.59066
G1 X71.275 Y71.275 E.59066
G1 X88.725 Y71.275 E.59066
G1 X88.725 Y88.665 E.58863
G1 X88.329 Y88.724 F3000
G1 E-1 F1800
G1 X87.627 Y78.556 F3000
G1 E1 F1800
;TYPE:Internal infill
;WIDTH:0.45
G1 X87.627 Y76.113 E.08269
G1 X83.887 Y72.373 E.17903
G1 X82.044 Y72.373 E.06238
G1 X77.956 Y87.627 E.53455
G1 X76.113 Y87.627 E.06238
G1 X72.373 Y83.887 E.17903
G1 X72.373 Y86.258 E.08026
G1 X87.627 Y82.171 E.53454
G1 X87.627 Y82.992 E.02779
G1 X86.385 Y87.627 E.16242
G1 X87.627 Y87.627 E.04204
G1 X72.373 Y72.373 E.7302
G1 X73.615 Y72.373 E.04204
G1 X72.373 Y77.008 E.16242
G1 X72.373 Y77.829 E.02779
G1 X87.627 Y73.742 E.53454
G1 X87.627 Y72.373 E.04634
G1 X86.554 Y72.373 E.03632
G1 X87.731 Y71.977 F3000
;TYPE:Solid infill
;WIDTH:0.470008
G1 F1500
G1 X87.807 Y71.997 E.00279
;WIDTH:0.51161
G1 X87.884 Y72.018 E.00311
;WIDTH:0.553212
G1 X87.961 Y72.039 E.00339
G1 X87.982 Y72.116 E.00339
;WIDTH:0.51161
G1 X88.003 Y72.193 E.00311
;WIDTH:0.470008
G1 X88.023 Y72.269 E.00279
;WIDTH:0.428406
G1 X88.023 Y87.731 E.49561
;WIDTH:0.470009
G1 X88.003 Y87.807 E.00279
;WIDTH:0.511612
G1 X87.982 Y87.884 E.00311
;WIDTH:0.553214
G1 X87.961 Y87.961 E.00339
G1 X87.893 Y87.982 E.00302
;WIDTH:0.511612
G1 X87.826 Y88.003 E.00274
;WIDTH:0.470009
G1 X87.758 Y88.023 E.00252
;WIDTH:0.428406
G1 X72.269 Y88.023 E.49647
;WIDTH:0.470008
G1 X72.193 Y88.003 E.00279
;WIDTH:0.51161
G1 X72.116 Y87.982 E.00311
;WIDTH:0.553212
G1 X72.039 Y87.961 E.00339
G1 X72.018 Y87.884 E.00339
;WIDTH:0.51161
G1 X71.997 Y87.807 E.00311
;WIDTH:0.470008
G1 X71.977 Y87.731 E.00279
;WIDTH:0.428406
G1 X71.977 Y72.269 E.49561
;WIDTH:0.470009
G1 X71.997 Y72.193 E.00279
;WIDTH:0.511612
G1 X72.018 Y72.116 E.00311
;WIDTH:0.553214
G1 X72.039 Y72.039 E.00339
G1 X72.116 Y72.018 E.00339
;WIDTH:0.511612
G1 X72.193 Y71.997 E.00311
;WIDTH:0.470009
G1 X72.269 Y71.977 E.00279
;WIDTH:0.428406
G1 X87.527 Y71.977 E.48907
;LAYER_CHANGE
;Z:7.4
;HEIGHT:0.2
G1 E-1 F1800
G1 Z7.4 F300
G92 E0
G1 X88.218 Y88.218 F3000
G1 E1 F1800
;TYPE:Perimeter
;WIDTH:0.449999
G1 F1500
G1 X71.782 Y88.218 E.55634
G1 X71.782 Y71.782 E.55634
G1 X88.218 Y71.782 E.55634
G1 X88.218 Y88.158 E.55431
G1 X88.625 Y88.625 F3000
;TYPE:External perimeter
G1 F1200
G1 X71.375 Y88.625 E.58389
G1 X71.375 Y71.375 E.58389
G1 X88.625 Y71.375 E.58389
G1 X88.625 Y88.565 E.58186
G1 X88.229 Y88.624 F3000
G1 E-1 F1800
G1 X87.527 Y78.456 F3000
G1 E1 F1800
;TYPE:Internal infill
;WIDTH:0.45
G1 X87.527 Y76.013 E.08269
G1 X83.987 Y72.473 E.16946
G1 X82.017 Y72.473 E.06668
G1 X77.983 Y87.527 E.52754
G1 X76.013 Y87.527 E.06668
G1 X72.473 Y83.987 E.16946
G1 X72.473 Y86.231 E.07596
G1 X87.527 Y82.198 E.52753
G1 X87.527 Y83.365 E.0395
G1 X86.412 Y87.527 E.14585
G1 X87.527 Y87.527 E.03774
G1 X72.473 Y72.473 E.72063
G1 X73.588 Y72.473 E.03774
G1 X72.473 Y76.635 E.14585
G1 X72.473 Y77.802 E.0395
G1 X87.527 Y73.769 E.52753
G1 X87.527 Y72.473 E.04387
G1 X86.38 Y72.473 E.03882
G1 E-1
G1 X72.077 Y87.631 F3000
G1 E1 F1800
;TYPE:Solid infill
;WIDTH:0.428406
G1 F1500
G1 X72.077 Y72.369 E.4892
;WIDTH:0.470008
G1 X72.097 Y72.293 E.00279
;WIDTH:0.51161
G1 X72.118 Y72.216 E.00311
;WIDTH:0.553212
G1 X72.139 Y72.139 E.00339
G1 X72.216 Y72.118 E.00339
;WIDTH:0.51161
G1 X72.293 Y72.097 E.00311
;WIDTH:0.470008
G1 X72.369 Y72.077 E.00279
;WIDTH:0.428406
G1 X87.631 Y72.077 E.4892
;WIDTH:0.470009
G1 X87.707 Y72.097 E.00279
;WIDTH:0.511612
G1 X87.784 Y72.118 E.00311
;WIDTH:0.553214
G1 X87.861 Y72.139 E.00339
G1 X87.882 Y72.207 E.00302
;WIDTH:0.511612
G1 X87.903 Y72.274 E.00274
;WIDTH:0.470009
G1 X87.923 Y72.342 E.00252
;WIDTH:0.428406
G1 X87.923 Y87.631 E.49006
;WIDTH:0.470008
G1 X87.903 Y87.707 E.00279
;WIDTH:0.51161
G1 X87.882 Y87.784 E.00311
;WIDTH:0.553212
G1 X87.861 Y87.861 E.00339
G1 X87.784 Y87.882 E.00339
;WIDTH:0.51161
G1 X87.707 Y87.903 E.00311
;WIDTH:0.470008
G1 X87.631 Y87.923 E.00279
;WIDTH:0.428406
G1 X72.369 Y87.923 E.4892
;WIDTH:0.470009
G1 X72.293 Y87.903 E.00279
;WIDTH:0.511612
G1 X72.216 Y87.882 E.00311
;WIDTH:0.553214
G1 X72.139 Y87.861 E.00339
G1 X72.13 Y87.827 E.00149
M106 S173.4
;LAYER_CHANGE
;Z:7.6
;HEIGHT:0.2
G1 E-1 F1800
G1 Z7.6 F300
G92 E0
G1 X88.118 Y88.118 F3000
G1 E1 F1800
;TYPE:Perimeter
;WIDTH:0.449999
G1 F1500
G1 X71.882 Y88.118 E.54957
G1 X71.882 Y71.882 E.54957
G1 X88.118 Y71.882 E.54957
G1 X88.118 Y88.058 E.54754
G1 X88.525 Y88.525 F3000
;TYPE:External perimeter
G1 F1200
G1 X71.475 Y88.525 E.57712
G1 X71.475 Y71.475 E.57712
G1 X88.525 Y71.475 E.57712
G1 X88.525 Y88.465 E.57509
G1 X88.129 Y88.524 F3000
G1 E-1 F1800
G1 X87.427 Y78.356 F3000
G1 E1 F1800
;TYPE:Internal infill
;WIDTH:0.45
G1 X87.427 Y75.913 E.08269
G1 X84.087 Y72.573 E.15988
G1 X81.99 Y72.573 E.07098
G1 X78.01 Y87.427 E.52053
G1 X75.913 Y87.427 E.07098
G1 X72.573 Y84.087 E.15988
G1 X72.573 Y86.204 E.07166
G1 X87.427 Y82.224 E.52053
G1 X87.427 Y83.738 E.05125
G1 X86.439 Y87.427 E.12927
G1 X87.427 Y87.427 E.03344
G1 X72.573 Y72.573 E.71105
G1 X73.561 Y72.573 E.03344
G1 X72.573 Y76.262 E.12927
G1 X72.573 Y77.776 E.05125
G1 X87.427 Y73.796 E.52053
G1 X87.427 Y72.573 E.0414
G1 X86.207 Y72.573 E.0413
G1 X87.531 Y72.177 F3000
;TYPE:Solid infill
;WIDTH:0.470008
G1 F1500
G1 X87.607 Y72.197 E.00279
;WIDTH:0.51161
G1 X87.684 Y72.218 E.00311
;WIDTH:0.553212
G1 X87.761 Y72.239 E.00339
G1 X87.782 Y72.316 E.00339
;WIDTH:0.51161
G1 X87.803 Y72.393 E.00311
;WIDTH:0.470008
G1 X87.823 Y72.469 E.00279
;WIDTH:0.428408
G1 X87.823 Y87.531 E.48279
;WIDTH:0.470011
G1 X87.803 Y87.607 E.00279
;WIDTH:0.511614
G1 X87.782 Y87.684 E.00311
;WIDTH:0.553216
G1 X87.761 Y87.761 E.00339
G1 X87.693 Y87.782 E.00302
;WIDTH:0.511614
G1 X87.626 Y87.803 E.00274
;WIDTH:0.470011
G1 X87.558 Y87.823 E.00252
;WIDTH:0.428408
G1 X72.469 Y87.823 E.48365
;WIDTH:0.470008
G1 X72.393 Y87.803 E.00279
;WIDTH:0.51161
G1 X72.316 Y87.782 E.00311
;WIDTH:0.553212
G1 X72.239 Y87.761 E.00339
G1 X72.218 Y87.684 E.00339
;WIDTH:0.51161
G1 X72.197 Y87.607 E.00311
;WIDTH:0.470008
G1 X72.177 Y87.531 E.00279
;WIDTH:0.428406
G1 X72.177 Y72.469 E.48279
;WIDTH:0.470008
G1 X72.197 Y72.393 E.00279
;WIDTH:0.51161
G1 X72.218 Y72.316 E.00311
;WIDTH:0.553212
G1 X72.239 Y72.239 E.00339
G1 X72.316 Y72.218 E.00339
;WIDTH:0.51161
G1 X72.393 Y72.197 E.00311
;WIDTH:0.470008
G1 X72.469 Y72.177 E.00279
;WIDTH:0.428406
G1 X87.327 Y72.177 E.47625
M106 S170.85
;LAYER_CHANGE
;Z:7.8
;HEIGHT:0.2
G1 E-1 F1800
G1 Z7.8 F300
G92 E0
G1 X88.018 Y88.018 F3000
G1 E1 F1800
;TYPE:Perimeter
;WIDTH:0.449999
G1 F1500
G1 X71.982 Y88.018 E.5428
G1 X71.982 Y71.982 E.5428
G1 X88.018 Y71.982 E.5428
G1 X88.018 Y87.958 E.54077
G1 X88.425 Y88.425 F3000
;TYPE:External perimeter
G1 F1200
G1 X71.575 Y88.425 E.57035
G1 X71.575 Y71.575 E.57035
G1 X88.425 Y71.575 E.57035
G1 X88.425 Y88.365 E.56832
G1 X88.029 Y88.424 F3000
G1 E-1 F1800
G1 X86.629 Y72.673 F3000
G1 E1 F1800
;TYPE:Internal infill
;WIDTH:0.45
G1 X84.187 Y72.673 E.08266
G1 X87.327 Y75.813 E.15031
G1 X87.327 Y73.822 E.06739
G1 X72.673 Y77.749 E.51352
G1 X72.673 Y75.888 E.06299
G1 X73.535 Y72.673 E.11267
G1 X72.673 Y72.673 E.02918
G1 X87.327 Y87.327 E.70148
G1 X86.466 Y87.327 E.02914
G1 X87.327 Y84.112 E.11266
G1 X87.327 Y82.251 E.06299
G1 X72.673 Y86.178 E.51352
G1 X72.673 Y84.187 E.06739
G1 X75.813 Y87.327 E.15031
G1 X78.037 Y87.327 E.07528
G1 X81.963 Y72.673 E.51351
G1 X79.521 Y72.673 E.08266
G1 E-1
G1 X72.277 Y87.431 F3000
G1 E1 F1800
;TYPE:Solid infill
;WIDTH:0.428408
G1 F1500
G1 X72.277 Y72.569 E.47638
;WIDTH:0.470011
G1 X72.297 Y72.493 E.00279
;WIDTH:0.511614
G1 X72.318 Y72.416 E.00311
;WIDTH:0.553216
G1 X72.339 Y72.339 E.00339
G1 X72.416 Y72.318 E.00339
;WIDTH:0.511614
G1 X72.493 Y72.297 E.00311
;WIDTH:0.470011
G1 X72.569 Y72.277 E.00279
;WIDTH:0.428408
G1 X87.431 Y72.277 E.47638
;WIDTH:0.470011
G1 X87.507 Y72.297 E.00279
;WIDTH:0.511614
G1 X87.584 Y72.318 E.00311
;WIDTH:0.553216
G1 X87.661 Y72.339 E.00339
G1 X87.682 Y72.407 E.00302
;WIDTH:0.511614
G1 X87.703 Y72.474 E.00274
;WIDTH:0.470011
G1 X87.723 Y72.542 E.00252
;WIDTH:0.428408
G1 X87.723 Y87.431 E.47724
;WIDTH:0.470008
G1 X87.703 Y87.507 E.00279
;WIDTH:0.51161
G1 X87.682 Y87.584 E.00311
;WIDTH:0.553212
G1 X87.661 Y87.661 E.00339
G1 X87.584 Y87.682 E.00339
;WIDTH:0.51161
G1 X87.507 Y87.703 E.00311
;WIDTH:0.470008
G1 X87.431 Y87.723 E.00279
;WIDTH:0.42841
G1 X72.569 Y87.723 E.47638
;WIDTH:0.470012
G1 X72.493 Y87.703 E.00279
;WIDTH:0.511614
G1 X72.416 Y87.682 E.00311
;WIDTH:0.553216
G1 X72.339 Y87.661 E.00339
G1 X72.33 Y87.627 E.00149
M106 S173.4
;LAYER_CHANGE
;Z:8
;HEIGHT:0.2
G1 E-1 F1800
G1 Z8 F300
G92 E0
G1 X87.918 Y87.918 F3000
G1 E1 F1800
;TYPE:Perimeter
;WIDTH:0.449999
G1 F1500
G1 X72.082 Y87.918 E.53603
G1 X72.082 Y72.082 E.53603
G1 X87.918 Y72.082 E.53603
G1 X87.918 Y87.858 E.534
G1 X88.325 Y88.325 F3000
;TYPE:External perimeter
G1 F1200
G1 X71.675 Y88.325 E.56358
G1 X71.675 Y71.675 E.56358
G1 X88.325 Y71.675 E.56358
G1 X88.325 Y88.265 E.56155
G1 X87.929 Y88.324 F3000
G1 E-1 F1800
G1 X86.729 Y72.773 F3000
G1 E1 F1800
;TYPE:Internal infill
;WIDTH:0.45
G1 X84.287 Y72.773 E.08266
G1 X87.227 Y75.713 E.14074
G1 X87.227 Y73.849 E.06309
G1 X72.773 Y77.722 E.50651
G1 X72.773 Y75.515 E.0747
G1 X73.508 Y72.773 E.09609
G1 X72.773 Y72.773 E.02488
G1 X87.227 Y87.227 E.6919
G1 X86.492 Y87.227 E.02488
G1 X87.227 Y84.485 E.09609
G1 X87.227 Y82.278 E.0747
G1 X72.773 Y86.151 E.50651
G1 X72.773 Y84.287 E.06309
G1 X75.713 Y87.227 E.14074
G1 X78.064 Y87.227 E.07958
G1 X81.937 Y72.773 E.50651
G1 X79.494 Y72.773 E.08269
G1 E-1
G1 X87.331 Y72.377 F3000
G1 E1 F1800
;TYPE:Solid infill
;WIDTH:0.470008
G1 F1500
G1 X87.407 Y72.397 E.00279
;WIDTH:0.51161
G1 X87.484 Y72.418 E.00311
;WIDTH:0.553212
G1 X87.561 Y72.439 E.00339
G1 X87.582 Y72.516 E.00339
;WIDTH:0.51161
G1 X87.603 Y72.593 E.00311
;WIDTH:0.470008
G1 X87.623 Y72.669 E.00279
;WIDTH:0.428406
G1 X87.623 Y87.331 E.46997
;WIDTH:0.470009
G1 X87.603 Y87.407 E.00279
;WIDTH:0.511612
G1 X87.582 Y87.484 E.00311
;WIDTH:0.553214
G1 X87.561 Y87.561 E.00339
G1 X87.493 Y87.582 E.00302
;WIDTH:0.511612
G1 X87.426 Y87.603 E.00274
;WIDTH:0.470009
G1 X87.358 Y87.623 E.00252
;WIDTH:0.428406
G1 X72.669 Y87.623 E.47083
;WIDTH:0.470008
G1 X72.593 Y87.603 E.00279
;WIDTH:0.51161
G1 X72.516 Y87.582 E.00311
;WIDTH:0.553212
G1 X72.439 Y87.561 E.00339
G1 X72.418 Y87.484 E.00339
;WIDTH:0.51161
G1 X72.397 Y87.407 E.00311
;WIDTH:0.470008
G1 X72.377 Y87.331 E.00279
;WIDTH:0.42841
G1 X72.377 Y72.669 E.46997
;WIDTH:0.470012
G1 X72.397 Y72.593 E.00279
;WIDTH:0.511614
G1 X72.418 Y72.516 E.00311
;WIDTH:0.553216
G1 X72.439 Y72.439 E.00339
G1 X72.516 Y72.418 E.00339
;WIDTH:0.511614
G1 X72.593 Y72.397 E.00311
;WIDTH:0.470012
G1 X72.669 Y72.377 E.00279
;WIDTH:0.42841
G1 X87.127 Y72.377 E.46343
;LAYER_CHANGE
;Z:8.2
;HEIGHT:0.2
G1 E-1 F1800
G1 Z8.2 F300
G92 E0
G1 X87.818 Y87.818 F3000
G1 E1 F1800
;TYPE:Perimeter
;WIDTH:0.449999
G1 F1500
G1 X72.182 Y87.818 E.52926
G1 X72.182 Y72.182 E.52926
G1 X87.818 Y72.182 E.52926
G1 X87.818 Y87.758 E.52723
G1 X88.225 Y88.225 F3000
;TYPE:External perimeter
G1 F1200
G1 X71.775 Y88.225 E.55681
G1 X71.775 Y71.775 E.55681
G1 X88.225 Y71.775 E.55681
G1 X88.225 Y88.165 E.55478
G1 X87.829 Y88.224 F3000
G1 E-1 F1800
G1 X72.873 Y80.138 F3000
G1 E1 F1800
;TYPE:Internal infill
;WIDTH:0.45
G1 X72.873 Y77.695 E.08269
G1 X87.127 Y73.876 E.4995
G1 X87.127 Y75.613 E.0588
G1 X84.387 Y72.873 E.13116
G1 X81.91 Y72.873 E.08384
G1 X78.09 Y87.127 E.49951
G1 X75.613 Y87.127 E.08384
G1 X72.873 Y84.387 E.13116
G1 X72.873 Y86.124 E.0588
G1 X87.127 Y82.305 E.4995
G1 X87.127 Y84.858 E.08642
G1 X86.519 Y87.127 E.07951
G1 X87.127 Y87.127 E.02058
G1 X72.873 Y72.873 E.68233
G1 X73.481 Y72.873 E.02058
G1 X72.873 Y75.142 E.07951
G1 X72.873 Y77.492 E.07954
G1 E-1
G1 X72.477 Y72.769 F3000
G1 E1 F1800
;TYPE:Solid infill
;WIDTH:0.470008
G1 F1500
G1 X72.497 Y72.693 E.00279
;WIDTH:0.511609
G1 X72.518 Y72.616 E.00311
;WIDTH:0.55321
G1 X72.539 Y72.539 E.00339
G1 X72.616 Y72.518 E.00339
;WIDTH:0.511609
G1 X72.693 Y72.497 E.00311
;WIDTH:0.470008
G1 X72.769 Y72.477 E.00279
;WIDTH:0.428406
G1 X87.231 Y72.477 E.46355
;WIDTH:0.470008
G1 X87.307 Y72.497 E.00279
;WIDTH:0.51161
G1 X87.384 Y72.518 E.00311
;WIDTH:0.553212
G1 X87.461 Y72.539 E.00339
G1 X87.482 Y72.607 E.00302
;WIDTH:0.51161
G1 X87.503 Y72.674 E.00274
;WIDTH:0.470008
G1 X87.523 Y72.742 E.00252
;WIDTH:0.428406
G1 X87.523 Y87.231 E.46442
;WIDTH:0.470008
G1 X87.503 Y87.307 E.00279
;WIDTH:0.51161
G1 X87.482 Y87.384 E.00311
;WIDTH:0.553212
G1 X87.461 Y87.461 E.00339
G1 X87.384 Y87.482 E.00339
;WIDTH:0.51161
G1 X87.307 Y87.503 E.00311
;WIDTH:0.470008
G1 X87.231 Y87.523 E.00279
;WIDTH:0.428406
G1 X72.769 Y87.523 E.46355
;WIDTH:0.470008
G1 X72.693 Y87.503 E.00279
;WIDTH:0.51161
G1 X72.616 Y87.482 E.00311
;WIDTH:0.553212
G1 X72.539 Y87.461 E.00339
G1 X72.518 Y87.384 E.00339
;WIDTH:0.51161
G1 X72.497 Y87.307 E.00311
;WIDTH:0.470008
G1 X72.477 Y87.231 E.00279
;WIDTH:0.428406
G1 X72.477 Y72.973 E.45702
;LAYER_CHANGE
;Z:8.4
;HEIGHT:0.2
G1 E-1 F1800
G1 Z8.4 F300
G92 E0
G1 X87.718 Y87.718 F3000
G1 E1 F1800
;TYPE:Perimeter
;WIDTH:0.449999
G1 F1500
G1 X72.282 Y87.718 E.52249
G1 X72.282 Y72.282 E.52249
G1 X87.718 Y72.282 E.52249
G1 X87.718 Y87.658 E.52046
G1 X88.125 Y88.125 F3000
;TYPE:External perimeter
G1 F1200
G1 X71.875 Y88.125 E.55004
G1 X71.875 Y71.875 E.55004
G1 X88.125 Y71.875 E.55004
G1 X88.125 Y88.065 E.54801
G1 X87.729 Y88.124 F3000
G1 E-1 F1800
G1 X87.131 Y72.577 F3000
G1 E1 F1800
;TYPE:Solid infill
;WIDTH:0.470008
G1 F1500
G1 X87.207 Y72.597 E.00279
;WIDTH:0.51161
G1 X87.284 Y72.618 E.00311
;WIDTH:0.553212
G1 X87.361 Y72.639 E.00339
G1 X87.382 Y72.716 E.00339
;WIDTH:0.51161
G1 X87.403 Y72.793 E.00311
;WIDTH:0.470008
G1 X87.423 Y72.869 E.00279
;WIDTH:0.428406
G1 X87.423 Y87.131 E.45714
;WIDTH:0.470009
G1 X87.403 Y87.207 E.00279
;WIDTH:0.511612
G1 X87.382 Y87.284 E.00311
;WIDTH:0.553214
G1 X87.361 Y87.361 E.00339
G1 X87.293 Y87.382 E.00302
;WIDTH:0.511612
G1 X87.226 Y87.403 E.00274
;WIDTH:0.470009
G1 X87.158 Y87.423 E.00252
;WIDTH:0.428406
G1 X72.869 Y87.423 E.45801
;WIDTH:0.470008
G1 X72.793 Y87.403 E.00279
;WIDTH:0.511609
G1 X72.716 Y87.382 E.00311
;WIDTH:0.55321
G1 X72.639 Y87.361 E.00339
G1 X72.618 Y87.284 E.00339
;WIDTH:0.511609
G1 X72.597 Y87.207 E.00311
;WIDTH:0.470008
G1 X72.577 Y87.131 E.00279
;WIDTH:0.428406
G1 X72.577 Y72.869 E.45714
;WIDTH:0.470008
G1 X72.597 Y72.793 E.00279
;WIDTH:0.51161
G1 X72.618 Y72.716 E.00311
;WIDTH:0.553212
G1 X72.639 Y72.639 E.00339
G1 X72.716 Y72.618 E.00339
;WIDTH:0.51161
G1 X72.793 Y72.597 E.00311
;WIDTH:0.470008
G1 X72.869 Y72.577 E.00279
;WIDTH:0.428406
G1 X86.927 Y72.577 E.45061
G1 E-1 F1800
G1 X72.973 Y77.211 F3000
G1 E1 F1800
;TYPE:Internal infill
;WIDTH:0.45
G1 X72.973 Y74.769 E.08266
G1 X73.454 Y72.973 E.06293
G1 X72.973 Y72.973 E.01628
G1 X87.027 Y87.027 E.67276
G1 X86.546 Y87.027 E.01628
G1 X87.027 Y85.231 E.06293
G1 X87.027 Y82.331 E.09816
G1 X72.973 Y86.097 E.49249
G1 X72.973 Y84.487 E.0545
G1 X75.513 Y87.027 E.12159
G1 X78.117 Y87.027 E.08814
G1 X81.883 Y72.973 E.49249
G1 X84.487 Y72.973 E.08814
G1 X87.027 Y75.513 E.12159
G1 X87.027 Y73.903 E.0545
G1 X72.973 Y77.669 E.49249
G1 X72.973 Y80.111 E.08266
;LAYER_CHANGE
;Z:8.6
;HEIGHT:0.200001
G1 E-1 F1800
G1 Z8.6 F300
G92 E0
G1 X87.618 Y87.618 F3000
G1 E1 F1800
;TYPE:Perimeter
;WIDTH:0.449999
G1 F1500
G1 X72.382 Y87.618 E.51572
G1 X72.382 Y72.382 E.51572
G1 X87.618 Y72.382 E.51572
G1 X87.618 Y87.558 E.51369
G1 X88.025 Y88.025 F3000
;TYPE:External perimeter
G1 F1200
G1 X71.975 Y88.025 E.54327
G1 X71.975 Y71.975 E.54327
G1 X88.025 Y71.975 E.54327
G1 X88.025 Y87.965 E.54124
G1 X87.629 Y88.024 F3000
G1 E-1 F1800
G1 X72.677 Y87.031 F3000
G1 E1 F1800
;TYPE:Solid infill
;WIDTH:0.428406
G1 F1500
G1 X72.677 Y72.969 E.45073
;WIDTH:0.470008
G1 X72.697 Y72.893 E.00279
;WIDTH:0.51161
G1 X72.718 Y72.816 E.00311
;WIDTH:0.553212
G1 X72.739 Y72.739 E.00339
G1 X72.816 Y72.718 E.00339
;WIDTH:0.51161
G1 X72.893 Y72.697 E.00311
;WIDTH:0.470008
G1 X72.969 Y72.677 E.00279
;WIDTH:0.428406
G1 X87.031 Y72.677 E.45073
;WIDTH:0.470009
G1 X87.107 Y72.697 E.00279
;WIDTH:0.511612
G1 X87.184 Y72.718 E.00311
;WIDTH:0.553214
G1 X87.261 Y72.739 E.00339
G1 X87.282 Y72.807 E.00302
;WIDTH:0.511612
G1 X87.303 Y72.874 E.00274
;WIDTH:0.470009
G1 X87.323 Y72.942 E.00252
;WIDTH:0.428408
G1 X87.323 Y87.031 E.4516
;WIDTH:0.470011
G1 X87.303 Y87.107 E.00279
;WIDTH:0.511614
G1 X87.282 Y87.184 E.00311
;WIDTH:0.553216
G1 X87.261 Y87.261 E.00339
G1 X87.184 Y87.282 E.00339
;WIDTH:0.511614
G1 X87.107 Y87.303 E.00311
;WIDTH:0.470011
G1 X87.031 Y87.323 E.00279
;WIDTH:0.428408
G1 X72.969 Y87.323 E.45074
;WIDTH:0.47001
G1 X72.893 Y87.303 E.00279
;WIDTH:0.511612
G1 X72.816 Y87.282 E.00311
;WIDTH:0.553214
G1 X72.739 Y87.261 E.00339
G1 X72.73 Y87.227 E.00149
G1 E-1 F1800
G1 X73.073 Y80.084 F3000
G1 E1 F1800
;TYPE:Internal infill
;WIDTH:0.45
G1 X73.073 Y77.642 E.08266
G1 X86.927 Y73.929 E.48549
G1 X86.927 Y75.413 E.05023
G1 X84.587 Y73.073 E.11201
G1 X81.856 Y73.073 E.09244
G1 X78.144 Y86.927 E.48548
G1 X75.413 Y86.927 E.09244
G1 X73.073 Y84.587 E.11201
G1 X73.073 Y86.071 E.05023
G1 X86.927 Y82.358 E.48549
G1 X86.927 Y85.604 E.10987
G1 X86.573 Y86.927 E.04636
G1 X86.927 Y86.927 E.01198
G1 X73.073 Y73.073 E.66318
G1 X73.427 Y73.073 E.01198
G1 X73.073 Y74.396 E.04636
G1 X73.073 Y76.838 E.08266
;LAYER_CHANGE
;Z:8.8
;HEIGHT:0.2
G1 E-1 F1800
G1 Z8.8 F300
G92 E0
G1 X87.518 Y87.518 F3000
G1 E1 F1800
;TYPE:Perimeter
;WIDTH:0.449999
G1 F1500
G1 X72.482 Y87.518 E.50895
G1 X72.482 Y72.482 E.50895
G1 X87.518 Y72.482 E.50895
G1 X87.518 Y87.458 E.50692
G1 X87.925 Y87.925 F3000
;TYPE:External perimeter
G1 F1200
G1 X72.075 Y87.925 E.5365
G1 X72.075 Y72.075 E.5365
G1 X87.925 Y72.075 E.5365
G1 X87.925 Y87.865 E.53447
G1 X87.529 Y87.924 F3000
G1 E-1 F1800
G1 X86.931 Y72.777 F3000
G1 E1 F1800
;TYPE:Solid infill
;WIDTH:0.47001
G1 F1500
G1 X87.007 Y72.797 E.00279
;WIDTH:0.511612
G1 X87.084 Y72.818 E.00311
;WIDTH:0.553214
G1 X87.161 Y72.839 E.00339
G1 X87.182 Y72.916 E.00339
;WIDTH:0.511613
G1 X87.203 Y72.993 E.00311
;WIDTH:0.470012
G1 X87.223 Y73.069 E.00279
;WIDTH:0.42841
G1 X87.223 Y86.931 E.44433
;WIDTH:0.470011
G1 X87.203 Y87.007 E.00279
;WIDTH:0.511614
G1 X87.182 Y87.084 E.00311
;WIDTH:0.553216
G1 X87.161 Y87.161 E.00339
G1 X87.093 Y87.182 E.00302
;WIDTH:0.511614
G1 X87.026 Y87.203 E.00274
;WIDTH:0.470011
G1 X86.958 Y87.223 E.00252
;WIDTH:0.42841
G1 X73.069 Y87.223 E.44519
;WIDTH:0.470011
G1 X72.993 Y87.203 E.00279
;WIDTH:0.511612
G1 X72.916 Y87.182 E.00311
;WIDTH:0.553212
G1 X72.839 Y87.161 E.00339
G1 X72.818 Y87.084 E.00339
;WIDTH:0.511611
G1 X72.797 Y87.007 E.00311
;WIDTH:0.47001
G1 X72.777 Y86.931 E.00279
;WIDTH:0.42841
G1 X72.777 Y73.069 E.44433
;WIDTH:0.470012
G1 X72.797 Y72.993 E.00279
;WIDTH:0.511614
G1 X72.818 Y72.916 E.00311
;WIDTH:0.553216
G1 X72.839 Y72.839 E.00339
G1 X72.916 Y72.818 E.00339
;WIDTH:0.511614
G1 X72.993 Y72.797 E.00311
;WIDTH:0.470012
G1 X73.069 Y72.777 E.00279
;WIDTH:0.42841
G1 X86.727 Y72.777 E.43779
G1 E-1 F1800
G1 X73.173 Y76.465 F3000
G1 E1 F1800
;TYPE:Internal infill
;WIDTH:0.45
G1 X73.173 Y74.022 E.08269
G1 X73.401 Y73.173 E.02976
G1 X73.173 Y73.173 E.00772
G1 X86.827 Y86.827 E.65361
G1 X86.599 Y86.827 E.00772
G1 X86.827 Y85.978 E.02976
G1 X86.827 Y82.385 E.12162
G1 X73.173 Y86.044 E.47848
G1 X73.173 Y84.687 E.04593
G1 X75.313 Y86.827 E.10244
G1 X78.171 Y86.827 E.09674
G1 X81.829 Y73.173 E.47847
G1 X84.687 Y73.173 E.09674
G1 X86.827 Y75.313 E.10244
G1 X86.827 Y73.956 E.04593
G1 X73.173 Y77.615 E.47848
G1 X73.173 Y80.057 E.08266
;LAYER_CHANGE
;Z:9
;HEIGHT:0.2
G1 E-1 F1800
G1 Z9 F300
G92 E0
G1 X87.418 Y87.418 F3000
G1 E1 F1800
;TYPE:Perimeter
;WIDTH:0.449999
G1 F1500
G1 X72.582 Y87.418 E.50218
G1 X72.582 Y72.582 E.50218
G1 X87.418 Y72.582 E.50218
G1 X87.418 Y87.358 E.50015
G1 X87.825 Y87.825 F3000
;TYPE:External perimeter
G1 F1200
G1 X72.175 Y87.825 E.52973
G1 X72.175 Y72.175 E.52973
G1 X87.825 Y72.175 E.52973
G1 X87.825 Y87.765 E.5277
G1 X87.429 Y87.824 F3000
G1 E-1 F1800
G1 X84.285 Y86.727 F3000
G1 E1 F1800
;TYPE:Internal infill
;WIDTH:0.45
G1 X86.727 Y86.727 E.08266
G1 X73.273 Y73.273 E.64404
G1 X73.273 Y77.588 E.14606
G1 X86.727 Y73.983 E.47147
G1 X86.727 Y75.213 E.04163
G1 X84.787 Y73.273 E.09287
G1 X81.803 Y73.273 E.101
G1 X78.197 Y86.727 E.47148
G1 X75.213 Y86.727 E.101
G1 X73.273 Y84.787 E.09287
G1 X73.273 Y86.017 E.04163
G1 X86.727 Y82.412 E.47147
G1 X86.727 Y79.969 E.08269
G1 E-1
G1 X72.877 Y73.169 F3000
G1 E1 F1800
;TYPE:Solid infill
;WIDTH:0.47001
G1 F1500
G1 X72.897 Y73.093 E.00279
;WIDTH:0.511612
G1 X72.918 Y73.016 E.00311
;WIDTH:0.553214
G1 X72.939 Y72.939 E.00339
G1 X73.016 Y72.918 E.00339
;WIDTH:0.511613
G1 X73.093 Y72.897 E.00311
;WIDTH:0.470012
G1 X73.169 Y72.877 E.00279
;WIDTH:0.42841
G1 X86.831 Y72.877 E.43792
;WIDTH:0.470011
G1 X86.907 Y72.897 E.00279
;WIDTH:0.511614
G1 X86.984 Y72.918 E.00311
;WIDTH:0.553216
G1 X87.061 Y72.939 E.00339
G1 X87.082 Y73.007 E.00302
;WIDTH:0.511613
G1 X87.103 Y73.074 E.00274
;WIDTH:0.47001
G1 X87.123 Y73.142 E.00252
;WIDTH:0.428406
G1 X87.123 Y86.831 E.43878
;WIDTH:0.470008
G1 X87.103 Y86.907 E.00279
;WIDTH:0.51161
G1 X87.082 Y86.984 E.00311
;WIDTH:0.553212
G1 X87.061 Y87.061 E.00339
G1 X86.984 Y87.082 E.00339
;WIDTH:0.51161
G1 X86.907 Y87.103 E.00311
;WIDTH:0.470008
G1 X86.831 Y87.123 E.00279
;WIDTH:0.428406
G1 X73.169 Y87.123 E.43791
;WIDTH:0.47001
G1 X73.093 Y87.103 E.00279
;WIDTH:0.511613
G1 X73.016 Y87.082 E.00311
;WIDTH:0.553216
G1 X72.939 Y87.061 E.00339
G1 X72.918 Y86.984 E.00339
;WIDTH:0.511614
G1 X72.897 Y86.907 E.00311
;WIDTH:0.470012
G1 X72.877 Y86.831 E.00279
;WIDTH:0.42841
G1 X72.877 Y73.373 E.43138
M106 S175.95
;LAYER_CHANGE
;Z:9.2
;HEIGHT:0.2
G1 E-1 F1800
G1 Z9.2 F300
G92 E0
G1 X87.318 Y87.318 F3000
G1 E1 F1800
;TYPE:Perimeter
;WIDTH:0.449999
G1 F1500
G1 X72.682 Y87.318 E.49541
G1 X72.682 Y72.682 E.49541
G1 X87.318 Y72.682 E.49541
G1 X87.318 Y87.258 E.49338
G1 X87.725 Y87.725 F3000
;TYPE:External perimeter
G1 F1200
G1 X72.275 Y87.725 E.52296
G1 X72.275 Y72.275 E.52296
G1 X87.725 Y72.275 E.52296
G1 X87.725 Y87.665 E.52093
G1 X87.329 Y87.724 F3000
G1 E-1 F1800
G1 X84.185 Y86.627 F3000
G1 E1 F1800
;TYPE:Internal infill
;WIDTH:0.45
G1 X86.627 Y86.627 E.08266
G1 X73.373 Y73.373 E.63446
G1 X73.373 Y77.561 E.14176
G1 X86.627 Y74.01 E.46445
G1 X86.627 Y75.113 E.03734
G1 X84.887 Y73.373 E.08329
G1 X81.776 Y73.373 E.1053
G1 X78.224 Y86.627 E.46446
G1 X75.113 Y86.627 E.1053
G1 X73.373 Y84.887 E.08329
G1 X73.373 Y85.99 E.03734
G1 X86.627 Y82.439 E.46445
G1 X86.627 Y79.996 E.08269
G1 E-1
G1 X86.731 Y72.977 F3000
G1 E1 F1800
;TYPE:Solid infill
;WIDTH:0.470008
G1 F1500
G1 X86.807 Y72.997 E.00279
;WIDTH:0.51161
G1 X86.884 Y73.018 E.00311
;WIDTH:0.553212
G1 X86.961 Y73.039 E.00339
G1 X86.982 Y73.116 E.00339
;WIDTH:0.51161
G1 X87.003 Y73.193 E.00311
;WIDTH:0.470008
G1 X87.023 Y73.269 E.00279
;WIDTH:0.428406
G1 X87.023 Y86.731 E.4315
;WIDTH:0.470008
G1 X87.003 Y86.807 E.00279
;WIDTH:0.51161
G1 X86.982 Y86.884 E.00311
;WIDTH:0.553212
G1 X86.961 Y86.961 E.00339
G1 X86.893 Y86.982 E.00302
;WIDTH:0.51161
G1 X86.826 Y87.003 E.00274
;WIDTH:0.470008
G1 X86.758 Y87.023 E.00252
;WIDTH:0.428406
G1 X73.269 Y87.023 E.43237
;WIDTH:0.470008
G1 X73.193 Y87.003 E.00279
;WIDTH:0.511609
G1 X73.116 Y86.982 E.00311
;WIDTH:0.55321
G1 X73.039 Y86.961 E.00339
G1 X73.018 Y86.884 E.00339
;WIDTH:0.511609
G1 X72.997 Y86.807 E.00311
;WIDTH:0.470008
G1 X72.977 Y86.731 E.00279
;WIDTH:0.428406
G1 X72.977 Y73.269 E.4315
;WIDTH:0.470009
G1 X72.997 Y73.193 E.00279
;WIDTH:0.511612
G1 X73.018 Y73.116 E.00311
;WIDTH:0.553214
G1 X73.039 Y73.039 E.00339
G1 X73.116 Y73.018 E.00339
;WIDTH:0.511612
G1 X73.193 Y72.997 E.00311
;WIDTH:0.470009
G1 X73.269 Y72.977 E.00279
;WIDTH:0.428406
G1 X86.527 Y72.977 E.42496
;LAYER_CHANGE
;Z:9.4
;HEIGHT:0.2
G1 E-1 F1800
G1 Z9.4 F300
G92 E0
G1 X87.218 Y87.218 F3000
G1 E1 F1800
;TYPE:Perimeter
;WIDTH:0.449999
G1 F1500
G1 X72.782 Y87.218 E.48864
G1 X72.782 Y72.782 E.48864
G1 X87.218 Y72.782 E.48864
G1 X87.218 Y87.158 E.48661
G1 X87.625 Y87.625 F3000
;TYPE:External perimeter
G1 F1200
G1 X72.375 Y87.625 E.51619
G1 X72.375 Y72.375 E.51619
G1 X87.625 Y72.375 E.51619
G1 X87.625 Y87.565 E.51416
G1 X87.229 Y87.624 F3000
G1 E-1 F1800
G1 X84.085 Y86.527 F3000
G1 E1 F1800
;TYPE:Internal infill
;WIDTH:0.45
G1 X86.527 Y86.527 E.08266
G1 X73.473 Y73.473 E.62489
G1 X73.473 Y77.535 E.13749
G1 X86.527 Y74.037 E.45745
G1 X86.527 Y75.013 E.03304
G1 X84.987 Y73.473 E.07372
G1 X81.749 Y73.473 E.1096
G1 X78.251 Y86.527 E.45745
G1 X75.013 Y86.527 E.1096
G1 X73.473 Y84.987 E.07372
G1 X73.473 Y85.963 E.03304
G1 X86.527 Y82.465 E.45745
G1 X86.527 Y80.023 E.08266
G1 E-1
G1 X73.077 Y86.631 F3000
G1 E1 F1800
;TYPE:Solid infill
;WIDTH:0.428406
G1 F1500
G1 X73.077 Y73.369 E.42509
;WIDTH:0.470008
G1 X73.097 Y73.293 E.00279
;WIDTH:0.51161
G1 X73.118 Y73.216 E.00311
;WIDTH:0.553212
G1 X73.139 Y73.139 E.00339
G1 X73.216 Y73.118 E.00339
;WIDTH:0.51161
G1 X73.293 Y73.097 E.00311
;WIDTH:0.470008
G1 X73.369 Y73.077 E.00279
;WIDTH:0.428406
G1 X86.631 Y73.077 E.42509
;WIDTH:0.470008
G1 X86.707 Y73.097 E.00279
;WIDTH:0.51161
G1 X86.784 Y73.118 E.00311
;WIDTH:0.553212
G1 X86.861 Y73.139 E.00339
G1 X86.882 Y73.207 E.00302
;WIDTH:0.51161
G1 X86.903 Y73.274 E.00274
;WIDTH:0.470008
G1 X86.923 Y73.342 E.00252
;WIDTH:0.428406
G1 X86.923 Y86.631 E.42596
;WIDTH:0.470008
G1 X86.903 Y86.707 E.00279
;WIDTH:0.51161
G1 X86.882 Y86.784 E.00311
;WIDTH:0.553212
G1 X86.861 Y86.861 E.00339
G1 X86.784 Y86.882 E.00339
;WIDTH:0.51161
G1 X86.707 Y86.903 E.00311
;WIDTH:0.470008
G1 X86.631 Y86.923 E.00279
;WIDTH:0.428406
G1 X73.369 Y86.923 E.42509
;WIDTH:0.470008
G1 X73.293 Y86.903 E.00279
;WIDTH:0.51161
G1 X73.216 Y86.882 E.00311
;WIDTH:0.553212
G1 X73.139 Y86.861 E.00339
G1 X73.13 Y86.827 E.00149
;LAYER_CHANGE
;Z:9.6
;HEIGHT:0.200001
G1 E-1 F1800
G1 Z9.6 F300
G92 E0
G1 X87.118 Y87.118 F3000
G1 E1 F1800
;TYPE:Perimeter
;WIDTH:0.449999
G1 F1500
G1 X72.882 Y87.118 E.48187
G1 X72.882 Y72.882 E.48187
G1 X87.118 Y72.882 E.48187
G1 X87.118 Y87.058 E.47984
G1 X87.525 Y87.525 F3000
;TYPE:External perimeter
G1 F1200
G1 X72.475 Y87.525 E.50942
G1 X72.475 Y72.475 E.50942
G1 X87.525 Y72.475 E.50942
G1 X87.525 Y87.465 E.50739
G1 X87.129 Y87.524 F3000
G1 E-1 F1800
G1 X83.985 Y86.427 F3000
G1 E1 F1800
;TYPE:Internal infill
;WIDTH:0.45
G1 X86.427 Y86.427 E.08266
G1 X73.573 Y73.573 E.61531
G1 X73.573 Y77.508 E.1332
G1 X86.427 Y74.063 E.45045
G1 X86.427 Y74.913 E.02877
G1 X85.087 Y73.573 E.06415
G1 X81.722 Y73.573 E.1139
G1 X78.278 Y86.427 E.45044
G1 X74.913 Y86.427 E.1139
G1 X73.573 Y85.087 E.06415
G1 X73.573 Y85.937 E.02877
G1 X86.427 Y82.492 E.45045
G1 X86.427 Y80.05 E.08266
G1 E-1
G1 X86.531 Y73.177 F3000
G1 E1 F1800
;TYPE:Solid infill
;WIDTH:0.470008
G1 F1500
G1 X86.607 Y73.197 E.00279
;WIDTH:0.51161
G1 X86.684 Y73.218 E.00311
;WIDTH:0.553212
G1 X86.761 Y73.239 E.00339
G1 X86.782 Y73.316 E.00339
;WIDTH:0.511612
G1 X86.803 Y73.393 E.00311
;WIDTH:0.470011
G1 X86.823 Y73.469 E.00279
;WIDTH:0.42841
G1 X86.823 Y86.531 E.41868
;WIDTH:0.47001
G1 X86.803 Y86.607 E.00279
;WIDTH:0.511613
G1 X86.782 Y86.684 E.00311
;WIDTH:0.553216
G1 X86.761 Y86.761 E.00339
G1 X86.693 Y86.782 E.00302
;WIDTH:0.511613
G1 X86.626 Y86.803 E.00274
;WIDTH:0.47001
G1 X86.558 Y86.823 E.00252
;WIDTH:0.428406
G1 X73.469 Y86.823 E.41955
;WIDTH:0.470008
G1 X73.393 Y86.803 E.00279
;WIDTH:0.51161
G1 X73.316 Y86.782 E.00311
;WIDTH:0.553212
G1 X73.239 Y86.761 E.00339
G1 X73.218 Y86.684 E.00339
;WIDTH:0.51161
G1 X73.197 Y86.607 E.00311
;WIDTH:0.470008
G1 X73.177 Y86.531 E.00279
;WIDTH:0.428406
G1 X73.177 Y73.469 E.41868
;WIDTH:0.470009
G1 X73.197 Y73.393 E.00279
;WIDTH:0.511612
G1 X73.218 Y73.316 E.00311
;WIDTH:0.553214
G1 X73.239 Y73.239 E.00339
G1 X73.316 Y73.218 E.00339
;WIDTH:0.511612
G1 X73.393 Y73.197 E.00311
;WIDTH:0.470009
G1 X73.469 Y73.177 E.00279
;WIDTH:0.428406
G1 X86.327 Y73.177 E.41214
;LAYER_CHANGE
;Z:9.8
;HEIGHT:0.2
G1 E-1 F1800
G1 Z9.8 F300
G92 E0
G1 X87.018 Y87.018 F3000
G1 E1 F1800
;TYPE:Perimeter
;WIDTH:0.449999
G1 F1500
G1 X72.982 Y87.018 E.4751
G1 X72.982 Y72.982 E.4751
G1 X87.018 Y72.982 E.4751
G1 X87.018 Y86.958 E.47307
G1 X87.425 Y87.425 F3000
;TYPE:External perimeter
G1 F1200
G1 X72.575 Y87.425 E.50265
G1 X72.575 Y72.575 E.50265
G1 X87.425 Y72.575 E.50265
G1 X87.425 Y87.365 E.50062
G1 X87.029 Y87.424 F3000
G1 E-1 F1800
G1 X83.885 Y86.327 F3000
G1 E1 F1800
;TYPE:Internal infill
;WIDTH:0.45
G1 X86.327 Y86.327 E.08266
G1 X73.673 Y73.673 E.60574
G1 X73.673 Y77.481 E.1289
G1 X86.327 Y74.09 E.44344
G1 X86.327 Y74.813 E.02447
G1 X85.187 Y73.673 E.05457
G1 X81.695 Y73.673 E.1182
G1 X78.305 Y86.327 E.44343
G1 X74.813 Y86.327 E.1182
G1 X73.673 Y85.187 E.05457
G1 X73.673 Y85.91 E.02447
G1 X86.327 Y82.519 E.44344
G1 X86.327 Y80.077 E.08266
G1 E-1
G1 X73.277 Y86.431 F3000
G1 E1 F1800
;TYPE:Solid infill
;WIDTH:0.428408
G1 F1500
G1 X73.277 Y73.569 E.41227
;WIDTH:0.470008
G1 X73.297 Y73.493 E.00279
;WIDTH:0.51161
G1 X73.318 Y73.416 E.00311
;WIDTH:0.553212
G1 X73.339 Y73.339 E.00339
G1 X73.416 Y73.318 E.00339
;WIDTH:0.51161
G1 X73.493 Y73.297 E.00311
;WIDTH:0.470008
G1 X73.569 Y73.277 E.00279
;WIDTH:0.428406
G1 X86.431 Y73.277 E.41227
;WIDTH:0.47001
G1 X86.507 Y73.297 E.00279
;WIDTH:0.511613
G1 X86.584 Y73.318 E.00311
;WIDTH:0.553216
G1 X86.661 Y73.339 E.00339
G1 X86.682 Y73.407 E.00302
;WIDTH:0.511614
G1 X86.703 Y73.474 E.00274
;WIDTH:0.470011
G1 X86.723 Y73.542 E.00252
;WIDTH:0.428408
G1 X86.723 Y86.431 E.41314
;WIDTH:0.470011
G1 X86.703 Y86.507 E.00279
;WIDTH:0.511614
G1 X86.682 Y86.584 E.00311
;WIDTH:0.553216
G1 X86.661 Y86.661 E.00339
G1 X86.584 Y86.682 E.00339
;WIDTH:0.511614
G1 X86.507 Y86.703 E.00311
;WIDTH:0.470011
G1 X86.431 Y86.723 E.00279
;WIDTH:0.42841
G1 X73.569 Y86.723 E.41227
;WIDTH:0.470012
G1 X73.493 Y86.703 E.00279
;WIDTH:0.511614
G1 X73.416 Y86.682 E.00311
;WIDTH:0.553216
G1 X73.339 Y86.661 E.00339
G1 X73.33 Y86.627 E.00149
;LAYER_CHANGE
;Z:10
;HEIGHT:0.2
G1 E-1 F1800
G1 Z10 F300
G92 E0
G1 X86.918 Y86.918 F3000
G1 E1 F1800
;TYPE:Perimeter
;WIDTH:0.449999
G1 F1500
G1 X73.082 Y86.918 E.46833
G1 X73.082 Y73.082 E.46833
G1 X86.918 Y73.082 E.46833
G1 X86.918 Y86.858 E.4663
G1 X87.325 Y87.325 F3000
;TYPE:External perimeter
G1 F1200
G1 X72.675 Y87.325 E.49588
G1 X72.675 Y72.675 E.49588
G1 X87.325 Y72.675 E.49588
G1 X87.325 Y87.265 E.49385
G1 X86.929 Y87.324 F3000
G1 E-1 F1800
G1 X83.785 Y86.227 F3000
G1 E1 F1800
;TYPE:Internal infill
;WIDTH:0.45
G1 X86.227 Y86.227 E.08266
G1 X73.773 Y73.773 E.59617
G1 X73.773 Y77.454 E.1246
G1 X86.227 Y74.117 E.43642
G1 X86.227 Y74.713 E.02017
G1 X85.287 Y73.773 E.045
G1 X81.669 Y73.773 E.12246
G1 X78.331 Y86.227 E.43643
G1 X74.713 Y86.227 E.12246
G1 X73.773 Y85.287 E.045
G1 X73.773 Y85.883 E.02017
G1 X86.227 Y82.546 E.43642
G1 X86.227 Y80.103 E.08269
G1 E-1
G1 X86.331 Y73.377 F3000
G1 E1 F1800
;TYPE:Solid infill
;WIDTH:0.47001
G1 F1500
G1 X86.407 Y73.397 E.00279
;WIDTH:0.511612
G1 X86.484 Y73.418 E.00311
;WIDTH:0.553214
G1 X86.561 Y73.439 E.00339
G1 X86.582 Y73.516 E.00339
;WIDTH:0.511613
G1 X86.603 Y73.593 E.00311
;WIDTH:0.470012
G1 X86.623 Y73.669 E.00279
;WIDTH:0.42841
G1 X86.623 Y86.331 E.40586
;WIDTH:0.47001
G1 X86.603 Y86.407 E.00279
;WIDTH:0.511613
G1 X86.582 Y86.484 E.00311
;WIDTH:0.553216
G1 X86.561 Y86.561 E.00339
G1 X86.493 Y86.582 E.00302
;WIDTH:0.511613
G1 X86.426 Y86.603 E.00274
;WIDTH:0.47001
G1 X86.358 Y86.623 E.00252
;WIDTH:0.428406
G1 X73.669 Y86.623 E.40672
;WIDTH:0.470008
G1 X73.593 Y86.603 E.00279
;WIDTH:0.51161
G1 X73.516 Y86.582 E.00311
;WIDTH:0.553212
G1 X73.439 Y86.561 E.00339
G1 X73.418 Y86.484 E.00339
;WIDTH:0.511611
G1 X73.397 Y86.407 E.00311
;WIDTH:0.47001
G1 X73.377 Y86.331 E.00279
;WIDTH:0.42841
G1 X73.377 Y73.669 E.40586
;WIDTH:0.470012
G1 X73.397 Y73.593 E.00279
;WIDTH:0.511614
G1 X73.418 Y73.516 E.00311
;WIDTH:0.553216
G1 X73.439 Y73.439 E.00339
G1 X73.516 Y73.418 E.00339
;WIDTH:0.511614
G1 X73.593 Y73.397 E.00311
;WIDTH:0.470012
G1 X73.669 Y73.377 E.00279
;WIDTH:0.42841
G1 X86.127 Y73.377 E.39932
;LAYER_CHANGE
;Z:10.2
;HEIGHT:0.2
G1 E-1 F1800
G1 Z10.2 F300
G92 E0
G1 X86.818 Y86.818 F3000
G1 E1 F1800
;TYPE:Perimeter
;WIDTH:0.449999
G1 F1500
G1 X73.182 Y86.818 E.46156
G1 X73.182 Y73.182 E.46156
G1 X86.818 Y73.182 E.46156
G1 X86.818 Y86.758 E.45953
G1 X87.225 Y87.225 F3000
;TYPE:External perimeter
G1 F1200
G1 X72.775 Y87.225 E.48911
G1 X72.775 Y72.775 E.48911
G1 X87.225 Y72.775 E.48911
G1 X87.225 Y87.165 E.48708
G1 X86.829 Y87.224 F3000
G1 E-1 F1800
G1 X73.477 Y86.231 F3000
G1 E1 F1800
;TYPE:Solid infill
;WIDTH:0.428406
G1 F1500
G1 X73.477 Y73.769 E.39945
;WIDTH:0.470008
G1 X73.497 Y73.693 E.00279
;WIDTH:0.51161
G1 X73.518 Y73.616 E.00311
;WIDTH:0.553212
G1 X73.539 Y73.539 E.00339
G1 X73.616 Y73.518 E.00339
;WIDTH:0.51161
G1 X73.693 Y73.497 E.00311
;WIDTH:0.470008
G1 X73.769 Y73.477 E.00279
;WIDTH:0.428406
G1 X86.231 Y73.477 E.39945
;WIDTH:0.470009
G1 X86.307 Y73.497 E.00279
;WIDTH:0.511612
G1 X86.384 Y73.518 E.00311
;WIDTH:0.553214
G1 X86.461 Y73.539 E.00339
G1 X86.482 Y73.607 E.00302
;WIDTH:0.511612
G1 X86.503 Y73.674 E.00274
;WIDTH:0.470009
G1 X86.523 Y73.742 E.00252
;WIDTH:0.428406
G1 X86.523 Y86.231 E.40031
;WIDTH:0.470008
G1 X86.503 Y86.307 E.00279
;WIDTH:0.51161
G1 X86.482 Y86.384 E.00311
;WIDTH:0.553212
G1 X86.461 Y86.461 E.00339
G1 X86.384 Y86.482 E.00339
;WIDTH:0.51161
G1 X86.307 Y86.503 E.00311
;WIDTH:0.470008
G1 X86.231 Y86.523 E.00279
;WIDTH:0.428406
G1 X73.769 Y86.523 E.39945
;WIDTH:0.470009
G1 X73.693 Y86.503 E.00279
;WIDTH:0.511612
G1 X73.616 Y86.482 E.00311
;WIDTH:0.553214
G1 X73.539 Y86.461 E.00339
G1 X73.53 Y86.427 E.00149
G1 E-1 F1800
G1 X79.199 Y73.873 F3000
G1 E1 F1800
;TYPE:Internal infill
;WIDTH:0.45
G1 X81.642 Y73.873 E.08269
G1 X78.358 Y86.127 E.42942
G1 X74.613 Y86.127 E.12676
G1 X73.873 Y85.387 E.03542
G1 X73.873 Y85.856 E.01588
G1 X86.127 Y82.573 E.42941
G1 X86.127 Y86.127 E.1203
G1 X73.873 Y73.873 E.58659
G1 X73.873 Y77.427 E.1203
G1 X86.127 Y74.144 E.42941
G1 X86.127 Y74.613 E.01588
G1 X85.387 Y73.873 E.03542
G1 X82.944 Y73.873 E.08269
;LAYER_CHANGE
;Z:10.4
;HEIGHT:0.2
G1 E-1 F1800
G1 Z10.4 F300
G92 E0
G1 X86.718 Y86.718 F3000
G1 E1 F1800
;TYPE:Perimeter
;WIDTH:0.449999
G1 F1500
G1 X73.282 Y86.718 E.45479
G1 X73.282 Y73.282 E.45479
G1 X86.718 Y73.282 E.45479
G1 X86.718 Y86.658 E.45276
G1 X87.125 Y87.125 F3000
;TYPE:External perimeter
G1 F1200
G1 X72.875 Y87.125 E.48234
G1 X72.875 Y72.875 E.48234
G1 X87.125 Y72.875 E.48234
G1 X87.125 Y87.065 E.48031
G1 X86.729 Y87.124 F3000
G1 E-1 F1800
G1 X86.131 Y73.577 F3000
G1 E1 F1800
;TYPE:Solid infill
;WIDTH:0.470008
G1 F1500
G1 X86.207 Y73.597 E.00279
;WIDTH:0.51161
G1 X86.284 Y73.618 E.00311
;WIDTH:0.553212
G1 X86.361 Y73.639 E.00339
G1 X86.382 Y73.716 E.00339
;WIDTH:0.51161
G1 X86.403 Y73.793 E.00311
;WIDTH:0.470008
G1 X86.423 Y73.869 E.00279
;WIDTH:0.428406
G1 X86.423 Y86.131 E.39304
;WIDTH:0.470008
G1 X86.403 Y86.207 E.00279
;WIDTH:0.51161
G1 X86.382 Y86.284 E.00311
;WIDTH:0.553212
G1 X86.361 Y86.361 E.00339
G1 X86.293 Y86.382 E.00302
;WIDTH:0.51161
G1 X86.226 Y86.403 E.00274
;WIDTH:0.470008
G1 X86.158 Y86.423 E.00252
;WIDTH:0.428406
G1 X73.869 Y86.423 E.3939
;WIDTH:0.470006
G1 X73.793 Y86.403 E.00279
;WIDTH:0.511608
G1 X73.716 Y86.382 E.00311
;WIDTH:0.55321
G1 X73.639 Y86.361 E.00339
G1 X73.618 Y86.284 E.00339
;WIDTH:0.511609
G1 X73.597 Y86.207 E.00311
;WIDTH:0.470008
G1 X73.577 Y86.131 E.00279
;WIDTH:0.428406
G1 X73.577 Y73.869 E.39304
;WIDTH:0.470009
G1 X73.597 Y73.793 E.00279
;WIDTH:0.511612
G1 X73.618 Y73.716 E.00311
;WIDTH:0.553214
G1 X73.639 Y73.639 E.00339
G1 X73.716 Y73.618 E.00339
;WIDTH:0.511612
G1 X73.793 Y73.597 E.00311
;WIDTH:0.470009
G1 X73.869 Y73.577 E.00279
;WIDTH:0.428406
G1 X85.927 Y73.577 E.3865
G1 E-1 F1800
G1 X83.044 Y73.973 F3000
G1 E1 F1800
;TYPE:Internal infill
;WIDTH:0.45
G1 X85.487 Y73.973 E.08269
G1 X86.027 Y74.513 E.02585
G1 X86.027 Y74.171 E.01158
G1 X73.973 Y77.401 E.42241
G1 X73.973 Y73.973 E.11603
G1 X86.027 Y86.027 E.57702
G1 X86.027 Y82.599 E.11603
G1 X73.973 Y85.829 E.42241
G1 X73.973 Y85.487 E.01158
G1 X74.513 Y86.027 E.02585
G1 X78.385 Y86.027 E.13106
G1 X81.615 Y73.973 E.42241
G1 X79.172 Y73.973 E.08269
;LAYER_CHANGE
;Z:10.6
;HEIGHT:0.200001
G1 E-1 F1800
G1 Z10.6 F300
G92 E0
G1 X86.618 Y86.618 F3000
G1 E1 F1800
;TYPE:Perimeter
;WIDTH:0.449999
G1 F1500
G1 X73.382 Y86.618 E.44802
G1 X73.382 Y73.382 E.44802
G1 X86.618 Y73.382 E.44802
G1 X86.618 Y86.558 E.44599
G1 X87.025 Y87.025 F3000
;TYPE:External perimeter
G1 F1200
G1 X72.975 Y87.025 E.47558
G1 X72.975 Y72.975 E.47558
G1 X87.025 Y72.975 E.47558
G1 X87.025 Y86.965 E.47354
G1 X86.629 Y87.024 F3000
G1 E-1 F1800
G1 X80.854 Y85.927 F3000
G1 E1 F1800
;TYPE:Internal infill
;WIDTH:0.45
G1 F1767
G1 X78.412 Y85.927 E.08266
G1 X81.588 Y74.073 E.4154
G1 X79.146 Y74.073 E.08266
G1 E-1 F1800
G1 X85.848 Y74.073 F3000
G1 E1 F1800
G1 F1767
G1 X85.587 Y74.073 E.00883
G1 X85.927 Y74.413 E.01628
G1 X85.927 Y74.197 E.00731
G1 X74.073 Y77.374 E.4154
G1 X74.073 Y74.073 E.11173
G1 X85.927 Y85.927 E.56744
G1 X85.927 Y82.626 E.11173
G1 X74.073 Y85.803 E.4154
G1 X74.073 Y85.587 E.00731
G1 X74.413 Y85.927 E.01628
G1 X74.152 Y85.927 E.00883
G1 X73.677 Y86.031 F3000
;TYPE:Solid infill
;WIDTH:0.428406
G1 F1500
G1 X73.677 Y73.969 E.38663
;WIDTH:0.470008
G1 X73.697 Y73.893 E.00279
;WIDTH:0.51161
G1 X73.718 Y73.816 E.00311
;WIDTH:0.553212
G1 X73.739 Y73.739 E.00339
G1 X73.816 Y73.718 E.00339
;WIDTH:0.51161
G1 X73.893 Y73.697 E.00311
;WIDTH:0.470008
G1 X73.969 Y73.677 E.00279
;WIDTH:0.428406
G1 X86.031 Y73.677 E.38663
;WIDTH:0.470009
G1 X86.107 Y73.697 E.00279
;WIDTH:0.511612
G1 X86.184 Y73.718 E.00311
;WIDTH:0.553214
G1 X86.261 Y73.739 E.00339
G1 X86.282 Y73.807 E.00302
;WIDTH:0.511612
G1 X86.303 Y73.874 E.00274
;WIDTH:0.470009
G1 X86.323 Y73.942 E.00252
;WIDTH:0.428406
G1 X86.323 Y86.031 E.38749
;WIDTH:0.470008
G1 X86.303 Y86.107 E.00279
;WIDTH:0.51161
G1 X86.282 Y86.184 E.00311
;WIDTH:0.553212
G1 X86.261 Y86.261 E.00339
G1 X86.184 Y86.282 E.00339
;WIDTH:0.51161
G1 X86.107 Y86.303 E.00311
;WIDTH:0.470008
G1 X86.031 Y86.323 E.00279
;WIDTH:0.428406
G1 X73.969 Y86.323 E.38663
;WIDTH:0.470009
G1 X73.893 Y86.303 E.00279
;WIDTH:0.511612
G1 X73.816 Y86.282 E.00311
;WIDTH:0.553214
G1 X73.739 Y86.261 E.00339
G1 X73.73 Y86.227 E.00149
;LAYER_CHANGE
;Z:10.8
;HEIGHT:0.2
G1 E-1 F1800
G1 Z10.8 F300
G92 E0
G1 X86.518 Y86.518 F3000
G1 E1 F1800
;TYPE:Perimeter
;WIDTH:0.449999
G1 F1500
G1 X73.482 Y86.518 E.44125
G1 X73.482 Y73.482 E.44125
G1 X86.518 Y73.482 E.44125
G1 X86.518 Y86.458 E.43922
G1 X86.925 Y86.925 F3000
;TYPE:External perimeter
G1 F1200
G1 X73.075 Y86.925 E.46881
G1 X73.075 Y73.075 E.46881
G1 X86.925 Y73.075 E.46881
G1 X86.925 Y86.865 E.46677
G1 X86.529 Y86.924 F3000
G1 E-1 F1800
G1 X80.881 Y85.827 F3000
G1 E1 F1800
;TYPE:Internal infill
;WIDTH:0.45
G1 F1794
G1 X78.439 Y85.827 E.08266
G1 X81.561 Y74.173 E.40838
G1 X79.119 Y74.173 E.08266
G1 E-1 F1800
G1 X85.931 Y73.777 F3000
G1 E1 F1800
;TYPE:Solid infill
;WIDTH:0.470008
G1 F1500
G1 X86.007 Y73.797 E.00279
;WIDTH:0.51161
G1 X86.084 Y73.818 E.00311
;WIDTH:0.553212
G1 X86.161 Y73.839 E.00339
G1 X86.182 Y73.916 E.00339
;WIDTH:0.51161
G1 X86.203 Y73.993 E.00311
;WIDTH:0.470008
G1 X86.223 Y74.069 E.00279
;WIDTH:0.428408
G1 X86.223 Y85.931 E.38022
;WIDTH:0.470011
G1 X86.203 Y86.007 E.00279
;WIDTH:0.511614
G1 X86.182 Y86.084 E.00311
;WIDTH:0.553216
G1 X86.161 Y86.161 E.00339
G1 X86.093 Y86.182 E.00302
;WIDTH:0.511613
G1 X86.026 Y86.203 E.00274
;WIDTH:0.47001
G1 X85.958 Y86.223 E.00252
;WIDTH:0.428406
G1 X74.069 Y86.223 E.38108
;WIDTH:0.470008
G1 X73.993 Y86.203 E.00279
;WIDTH:0.51161
G1 X73.916 Y86.182 E.00311
;WIDTH:0.553212
G1 X73.839 Y86.161 E.00339
G1 X73.818 Y86.084 E.00339
;WIDTH:0.511611
G1 X73.797 Y86.007 E.00311
;WIDTH:0.47001
G1 X73.777 Y85.931 E.00279
;WIDTH:0.428408
G1 X73.777 Y74.069 E.38022
;WIDTH:0.47001
G1 X73.797 Y73.993 E.00279
;WIDTH:0.511613
G1 X73.818 Y73.916 E.00311
;WIDTH:0.553216
G1 X73.839 Y73.839 E.00339
G1 X73.916 Y73.818 E.00339
;WIDTH:0.511613
G1 X73.993 Y73.797 E.00311
;WIDTH:0.47001
G1 X74.069 Y73.777 E.00279
;WIDTH:0.428406
G1 X85.727 Y73.777 E.37368
G1 E-1 F1800
G1 X85.827 Y76.667 F3000
G1 E1 F1800
;TYPE:Internal infill
;WIDTH:0.45
G1 F1794
G1 X85.827 Y74.224 E.08269
G1 X74.173 Y77.347 E.40839
G1 X74.173 Y74.173 E.10744
G1 X85.827 Y85.827 E.55787
G1 X85.827 Y82.653 E.10744
G1 X74.173 Y85.776 E.40839
G1 X74.173 Y83.333 E.08269
;LAYER_CHANGE
;Z:11
;HEIGHT:0.2
G1 E-1 F1800
G1 Z11 F300
G92 E0
G1 X86.418 Y86.418 F3000
G1 E1 F1800
;TYPE:Perimeter
;WIDTH:0.449999
G1 F1500
G1 X73.582 Y86.418 E.43448
G1 X73.582 Y73.582 E.43448
G1 X86.418 Y73.582 E.43448
G1 X86.418 Y86.358 E.43245
G1 X86.825 Y86.825 F3000
;TYPE:External perimeter
G1 F1200
G1 X73.175 Y86.825 E.46204
G1 X73.175 Y73.175 E.46204
G1 X86.825 Y73.175 E.46204
G1 X86.825 Y86.765 E.46
G1 X86.429 Y86.824 F3000
G1 E-1 F1800
G1 X80.908 Y85.727 F3000
G1 E1 F1800
;TYPE:Internal infill
;WIDTH:0.45
G1 F1744
G1 X78.465 Y85.727 E.08269
G1 X81.535 Y74.273 E.40139
G1 X79.092 Y74.273 E.08269
G1 E-1 F1800
G1 X73.877 Y74.169 F3000
G1 E1 F1800
;TYPE:Solid infill
;WIDTH:0.470011
G1 F1500
G1 X73.897 Y74.093 E.00279
;WIDTH:0.511614
G1 X73.918 Y74.016 E.00311
;WIDTH:0.553216
G1 X73.939 Y73.939 E.00339
G1 X74.016 Y73.918 E.00339
;WIDTH:0.511614
G1 X74.093 Y73.897 E.00311
;WIDTH:0.470011
G1 X74.169 Y73.877 E.00279
;WIDTH:0.428408
G1 X85.831 Y73.877 E.37381
;WIDTH:0.470011
G1 X85.907 Y73.897 E.00279
;WIDTH:0.511614
G1 X85.984 Y73.918 E.00311
;WIDTH:0.553216
G1 X86.061 Y73.939 E.00339
G1 X86.082 Y74.007 E.00302
;WIDTH:0.511613
G1 X86.103 Y74.074 E.00274
;WIDTH:0.47001
G1 X86.123 Y74.142 E.00252
;WIDTH:0.428406
G1 X86.123 Y85.831 E.37467
;WIDTH:0.470008
G1 X86.103 Y85.907 E.00279
;WIDTH:0.51161
G1 X86.082 Y85.984 E.00311
;WIDTH:0.553212
G1 X86.061 Y86.061 E.00339
G1 X85.984 Y86.082 E.00339
;WIDTH:0.51161
G1 X85.907 Y86.103 E.00311
;WIDTH:0.470008
G1 X85.831 Y86.123 E.00279
;WIDTH:0.428406
G1 X74.169 Y86.123 E.37381
;WIDTH:0.47001
G1 X74.093 Y86.103 E.00279
;WIDTH:0.511613
G1 X74.016 Y86.082 E.00311
;WIDTH:0.553216
G1 X73.939 Y86.061 E.00339
G1 X73.918 Y85.984 E.00339
;WIDTH:0.511614
G1 X73.897 Y85.907 E.00311
;WIDTH:0.470011
G1 X73.877 Y85.831 E.00279
;WIDTH:0.428408
G1 X73.877 Y74.373 E.36727
G1 E-1 F1800
G1 X74.273 Y83.366 F3000
G1 E1 F1800
;TYPE:Internal infill
;WIDTH:0.45
G1 F1744
G1 X74.273 Y85.727 E.07992
G1 X74.354 Y85.727 E.00274
G1 X85.727 Y82.68 E.39854
G1 X85.727 Y85.727 E.10314
G1 X74.273 Y74.273 E.5483
G1 X74.273 Y77.32 E.10314
G1 X85.646 Y74.273 E.39854
G1 X85.727 Y74.273 E.00274
G1 X85.727 Y76.634 E.07992
;LAYER_CHANGE
;Z:11.2
;HEIGHT:0.2
G1 E-1 F1800
G1 Z11.2 F300
G92 E0
G1 X86.318 Y86.318 F3000
G1 E1 F1800
;TYPE:Perimeter
;WIDTH:0.449999
G1 F1500
G1 X73.682 Y86.318 E.42771
G1 X73.682 Y73.682 E.42771
G1 X86.318 Y73.682 E.42771
G1 X86.318 Y86.258 E.42568
G1 X86.725 Y86.725 F3000
;TYPE:External perimeter
G1 F1200
G1 X73.275 Y86.725 E.45527
G1 X73.275 Y73.275 E.45527
G1 X86.725 Y73.275 E.45527
G1 X86.725 Y86.665 E.45323
G1 X86.329 Y86.724 F3000
G1 E-1 F1800
G1 X80.935 Y85.627 F3000
G1 E1 F1800
;TYPE:Internal infill
;WIDTH:0.45
G1 F1525
G1 X78.492 Y85.627 E.08269
G1 X81.508 Y74.373 E.39438
G1 X79.065 Y74.373 E.08269
G1 E-1 F1800
G1 X85.731 Y73.977 F3000
G1 E1 F1800
;TYPE:Solid infill
;WIDTH:0.470008
G1 F1500
G1 X85.807 Y73.997 E.00279
;WIDTH:0.51161
G1 X85.884 Y74.018 E.00311
;WIDTH:0.553212
G1 X85.961 Y74.039 E.00339
G1 X85.982 Y74.116 E.00339
;WIDTH:0.51161
G1 X86.003 Y74.193 E.00311
;WIDTH:0.470008
G1 X86.023 Y74.269 E.00279
;WIDTH:0.428406
G1 X86.023 Y85.731 E.36739
;WIDTH:0.470009
G1 X86.003 Y85.807 E.00279
;WIDTH:0.511612
G1 X85.982 Y85.884 E.00311
;WIDTH:0.553214
G1 X85.961 Y85.961 E.00339
G1 X85.893 Y85.982 E.00302
;WIDTH:0.511612
G1 X85.826 Y86.003 E.00274
;WIDTH:0.470009
G1 X85.758 Y86.023 E.00252
;WIDTH:0.428406
G1 X74.269 Y86.023 E.36826
;WIDTH:0.470008
G1 X74.193 Y86.003 E.00279
;WIDTH:0.511609
G1 X74.116 Y85.982 E.00311
;WIDTH:0.55321
G1 X74.039 Y85.961 E.00339
G1 X74.018 Y85.884 E.00339
;WIDTH:0.511609
G1 X73.997 Y85.807 E.00311
;WIDTH:0.470008
G1 X73.977 Y85.731 E.00279
;WIDTH:0.428406
G1 X73.977 Y74.269 E.36739
;WIDTH:0.470008
G1 X73.997 Y74.193 E.00279
;WIDTH:0.51161
G1 X74.018 Y74.116 E.00311
;WIDTH:0.553212
G1 X74.039 Y74.039 E.00339
G1 X74.116 Y74.018 E.00339
;WIDTH:0.51161
G1 X74.193 Y73.997 E.00311
;WIDTH:0.470008
G1 X74.269 Y73.977 E.00279
;WIDTH:0.428406
G1 X85.527 Y73.977 E.36086
G1 E-1 F1800
G1 X85.627 Y76.461 F3000
G1 E1 F1800
;TYPE:Internal infill
;WIDTH:0.45
G1 F1525
G1 X85.627 Y74.373 E.07068
G1 X85.272 Y74.373 E.01202
G1 X74.373 Y77.293 E.38193
G1 X74.373 Y74.373 E.09884
G1 X85.627 Y85.627 E.53872
G1 X85.627 Y82.707 E.09884
G1 X74.728 Y85.627 E.38193
G1 X74.373 Y85.627 E.01202
G1 X74.373 Y83.539 E.07068
;LAYER_CHANGE
;Z:11.4
;HEIGHT:0.2
G1 E-1 F1800
G1 Z11.4 F300
G92 E0
G1 X86.218 Y86.218 F3000
G1 E1 F1800
;TYPE:Perimeter
;WIDTH:0.449999
G1 F1464
G1 X73.782 Y86.218 E.42094
G1 X73.782 Y73.782 E.42094
G1 X86.218 Y73.782 E.42094
G1 X86.218 Y86.158 E.41891
G1 X86.625 Y86.625 F3000
;TYPE:External perimeter
G1 F1200
G1 X73.375 Y86.625 E.4485
G1 X73.375 Y73.375 E.4485
G1 X86.625 Y73.375 E.4485
G1 X86.625 Y86.565 E.44647
G1 X86.229 Y86.624 F3000
G1 E-1 F1800
G1 X80.961 Y85.527 F3000
G1 E1 F1800
;TYPE:Internal infill
;WIDTH:0.45
G1 F1464
G1 X78.519 Y85.527 E.08266
G1 X81.481 Y74.473 E.38736
G1 X79.039 Y74.473 E.08266
G1 E-1 F1800
G1 X85.527 Y76.287 F3000
G1 E1 F1800
G1 F1464
G1 X85.527 Y74.473 E.0614
G1 X84.899 Y74.473 E.02126
G1 X74.473 Y77.267 E.36536
G1 X74.473 Y74.473 E.09457
G1 X85.527 Y85.527 E.52915
G1 X85.527 Y82.733 E.09457
G1 X75.101 Y85.527 E.36536
G1 X74.473 Y85.527 E.02126
G1 X74.473 Y83.713 E.0614
G1 X74.077 Y85.631 F3000
;TYPE:Solid infill
;WIDTH:0.428406
G1 F1464
G1 X74.077 Y74.369 E.36098
;WIDTH:0.470008
G1 X74.097 Y74.293 E.00279
;WIDTH:0.51161
G1 X74.118 Y74.216 E.00311
;WIDTH:0.553212
G1 X74.139 Y74.139 E.00339
G1 X74.216 Y74.118 E.00339
;WIDTH:0.51161
G1 X74.293 Y74.097 E.00311
;WIDTH:0.470008
G1 X74.369 Y74.077 E.00279
;WIDTH:0.428406
G1 X85.631 Y74.077 E.36098
;WIDTH:0.470009
G1 X85.707 Y74.097 E.00279
;WIDTH:0.511612
G1 X85.784 Y74.118 E.00311
;WIDTH:0.553214
G1 X85.861 Y74.139 E.00339
G1 X85.882 Y74.207 E.00302
;WIDTH:0.511612
G1 X85.903 Y74.274 E.00274
;WIDTH:0.470009
G1 X85.923 Y74.342 E.00252
;WIDTH:0.428406
G1 X85.923 Y85.631 E.36185
;WIDTH:0.470008
G1 X85.903 Y85.707 E.00279
;WIDTH:0.51161
G1 X85.882 Y85.784 E.00311
;WIDTH:0.553212
G1 X85.861 Y85.861 E.00339
G1 X85.784 Y85.882 E.00339
;WIDTH:0.51161
G1 X85.707 Y85.903 E.00311
;WIDTH:0.470008
G1 X85.631 Y85.923 E.00279
;WIDTH:0.428406
G1 X74.369 Y85.923 E.36098
;WIDTH:0.470009
G1 X74.293 Y85.903 E.00279
;WIDTH:0.511612
G1 X74.216 Y85.882 E.00311
;WIDTH:0.553214
G1 X74.139 Y85.861 E.00339
G1 X74.13 Y85.827 E.00149
;LAYER_CHANGE
;Z:11.6
;HEIGHT:0.200001
G1 E-1 F1800
G1 Z11.6 F300
G92 E0
G1 X86.118 Y86.118 F3000
G1 E1 F1800
;TYPE:Perimeter
;WIDTH:0.449999
G1 F1422
G1 X73.882 Y86.118 E.41417
G1 X73.882 Y73.882 E.41417
G1 X86.118 Y73.882 E.41417
G1 X86.118 Y86.058 E.41214
G1 X86.525 Y86.525 F3000
;TYPE:External perimeter
G1 F1200
G1 X73.475 Y86.525 E.44173
G1 X73.475 Y73.475 E.44173
G1 X86.525 Y73.475 E.44173
G1 X86.525 Y86.465 E.4397
G1 X86.129 Y86.524 F3000
G1 E-1 F1800
G1 X80.988 Y85.427 F3000
G1 E1 F1800
;TYPE:Internal infill
;WIDTH:0.45
G1 F1422
G1 X78.546 Y85.427 E.08266
G1 X81.454 Y74.573 E.38035
G1 X79.012 Y74.573 E.08266
G1 E-1 F1800
G1 X85.531 Y74.177 F3000
G1 E1 F1800
;TYPE:Solid infill
;WIDTH:0.470008
G1 F1422
G1 X85.607 Y74.197 E.00279
;WIDTH:0.51161
G1 X85.684 Y74.218 E.00311
;WIDTH:0.553212
G1 X85.761 Y74.239 E.00339
G1 X85.782 Y74.316 E.00339
;WIDTH:0.511612
G1 X85.803 Y74.393 E.00311
;WIDTH:0.470011
G1 X85.823 Y74.469 E.00279
;WIDTH:0.42841
G1 X85.823 Y85.531 E.35458
;WIDTH:0.47001
G1 X85.803 Y85.607 E.00279
;WIDTH:0.511613
G1 X85.782 Y85.684 E.00311
;WIDTH:0.553216
G1 X85.761 Y85.761 E.00339
G1 X85.693 Y85.782 E.00302
;WIDTH:0.511614
G1 X85.626 Y85.803 E.00274
;WIDTH:0.470011
G1 X85.558 Y85.823 E.00252
;WIDTH:0.428408
G1 X74.469 Y85.823 E.35544
;WIDTH:0.47001
G1 X74.393 Y85.803 E.00279
;WIDTH:0.511611
G1 X74.316 Y85.782 E.00311
;WIDTH:0.553212
G1 X74.239 Y85.761 E.00339
G1 X74.218 Y85.684 E.00339
;WIDTH:0.51161
G1 X74.197 Y85.607 E.00311
;WIDTH:0.470008
G1 X74.177 Y85.531 E.00279
;WIDTH:0.428406
G1 X74.177 Y74.469 E.35457
;WIDTH:0.47001
G1 X74.197 Y74.393 E.00279
;WIDTH:0.511613
G1 X74.218 Y74.316 E.00311
;WIDTH:0.553216
G1 X74.239 Y74.239 E.00339
G1 X74.316 Y74.218 E.00339
;WIDTH:0.511614
G1 X74.393 Y74.197 E.00311
;WIDTH:0.470011
G1 X74.469 Y74.177 E.00279
;WIDTH:0.428408
G1 X85.327 Y74.177 E.34804
G1 X85.427 Y76.114 F3000
;TYPE:Internal infill
;WIDTH:0.45
G1 F1422
G1 X85.427 Y74.573 E.05216
G1 X84.526 Y74.573 E.0305
G1 X74.573 Y77.24 E.34878
G1 X74.573 Y74.573 E.09027
G1 X85.427 Y85.427 E.51957
G1 X85.427 Y82.76 E.09027
G1 X75.474 Y85.427 E.34878
G1 X74.573 Y85.427 E.0305
G1 X74.573 Y83.886 E.05216
;LAYER_CHANGE
;Z:11.8
;HEIGHT:0.2
G1 E-1 F1800
G1 Z11.8 F300
G92 E0
G1 X86.018 Y86.018 F3000
G1 E1 F1800
;TYPE:Perimeter
;WIDTH:0.449999
G1 F1420
G1 X73.982 Y86.018 E.4074
G1 X73.982 Y73.982 E.4074
G1 X86.018 Y73.982 E.4074
G1 X86.018 Y85.958 E.40537
G1 X86.425 Y86.425 F3000
;TYPE:External perimeter
G1 F1200
G1 X73.575 Y86.425 E.43496
G1 X73.575 Y73.575 E.43496
G1 X86.425 Y73.575 E.43496
G1 X86.425 Y86.365 E.43293
G1 X86.029 Y86.424 F3000
G1 E-1 F1800
G1 X81.015 Y85.327 F3000
G1 E1 F1800
;TYPE:Internal infill
;WIDTH:0.45
G1 F1420
G1 X78.573 Y85.327 E.08266
G1 X81.427 Y74.673 E.37334
G1 X78.985 Y74.673 E.08266
G1 E-1 F1800
G1 X74.277 Y74.569 F3000
G1 E1 F1800
;TYPE:Solid infill
;WIDTH:0.470008
G1 F1420
G1 X74.297 Y74.493 E.00279
;WIDTH:0.51161
G1 X74.318 Y74.416 E.00311
;WIDTH:0.553212
G1 X74.339 Y74.339 E.00339
G1 X74.416 Y74.318 E.00339
;WIDTH:0.51161
G1 X74.493 Y74.297 E.00311
;WIDTH:0.470008
G1 X74.569 Y74.277 E.00279
;WIDTH:0.428406
G1 X85.431 Y74.277 E.34816
;WIDTH:0.47001
G1 X85.507 Y74.297 E.00279
;WIDTH:0.511613
G1 X85.584 Y74.318 E.00311
;WIDTH:0.553216
G1 X85.661 Y74.339 E.00339
G1 X85.682 Y74.407 E.00302
;WIDTH:0.511613
G1 X85.703 Y74.474 E.00274
;WIDTH:0.47001
G1 X85.723 Y74.542 E.00252
;WIDTH:0.428406
G1 X85.723 Y85.431 E.34903
;WIDTH:0.470008
G1 X85.703 Y85.507 E.00279
;WIDTH:0.51161
G1 X85.682 Y85.584 E.00311
;WIDTH:0.553212
G1 X85.661 Y85.661 E.00339
G1 X85.584 Y85.682 E.00339
;WIDTH:0.51161
G1 X85.507 Y85.703 E.00311
;WIDTH:0.470008
G1 X85.431 Y85.723 E.00279
;WIDTH:0.428408
G1 X74.569 Y85.723 E.34816
;WIDTH:0.470011
G1 X74.493 Y85.703 E.00279
;WIDTH:0.511614
G1 X74.416 Y85.682 E.00311
;WIDTH:0.553216
G1 X74.339 Y85.661 E.00339
G1 X74.318 Y85.584 E.00339
;WIDTH:0.511613
G1 X74.297 Y85.507 E.00311
;WIDTH:0.47001
G1 X74.277 Y85.431 E.00279
;WIDTH:0.428406
G1 X74.277 Y74.773 E.34162
G1 E-1 F1800
G1 X74.673 Y84.059 F3000
G1 E1 F1800
;TYPE:Internal infill
;WIDTH:0.45
G1 F1420
G1 X74.673 Y85.327 E.04292
G1 X75.847 Y85.327 E.03974
G1 X85.327 Y82.787 E.3322
G1 X85.327 Y85.327 E.08598
G1 X74.673 Y74.673 E.51
G1 X74.673 Y77.213 E.08598
G1 X84.153 Y74.673 E.3322
G1 X85.327 Y74.673 E.03974
G1 X85.327 Y75.941 E.04292
;LAYER_CHANGE
;Z:12
;HEIGHT:0.2
G1 E-1 F1800
G1 Z12 F300
G92 E0
G1 X85.918 Y85.918 F3000
G1 E1 F1800
;TYPE:Perimeter
;WIDTH:0.449999
G1 F1334
G1 X74.082 Y85.918 E.40063
G1 X74.082 Y74.082 E.40063
G1 X85.918 Y74.082 E.40063
G1 X85.918 Y85.858 E.3986
G1 X86.325 Y86.325 F3000
;TYPE:External perimeter
G1 F1200
G1 X73.675 Y86.325 E.42819
G1 X73.675 Y73.675 E.42819
G1 X86.325 Y73.675 E.42819
G1 X86.325 Y86.265 E.42616
G1 X85.929 Y86.324 F3000
G1 E-1 F1800
G1 X81.042 Y85.227 F3000
G1 E1 F1800
;TYPE:Internal infill
;WIDTH:0.45
G1 F1334
G1 X78.599 Y85.227 E.08269
G1 X81.401 Y74.773 E.36635
G1 X78.958 Y74.773 E.08269
G1 E-1 F1800
G1 X85.331 Y74.377 F3000
G1 E1 F1800
;TYPE:Solid infill
;WIDTH:0.47001
G1 F1334
G1 X85.407 Y74.397 E.00279
;WIDTH:0.511611
G1 X85.484 Y74.418 E.00311
;WIDTH:0.553212
G1 X85.561 Y74.439 E.00339
G1 X85.582 Y74.516 E.00339
;WIDTH:0.51161
G1 X85.603 Y74.593 E.00311
;WIDTH:0.470008
G1 X85.623 Y74.669 E.00279
;WIDTH:0.428406
G1 X85.623 Y85.331 E.34175
;WIDTH:0.470009
G1 X85.603 Y85.407 E.00279
;WIDTH:0.511612
G1 X85.582 Y85.484 E.00311
;WIDTH:0.553214
G1 X85.561 Y85.561 E.00339
G1 X85.493 Y85.582 E.00302
;WIDTH:0.511612
G1 X85.426 Y85.603 E.00274
;WIDTH:0.470009
G1 X85.358 Y85.623 E.00252
;WIDTH:0.428406
G1 X74.669 Y85.623 E.34262
;WIDTH:0.470008
G1 X74.593 Y85.603 E.00279
;WIDTH:0.51161
G1 X74.516 Y85.582 E.00311
;WIDTH:0.553212
G1 X74.439 Y85.561 E.00339
G1 X74.418 Y85.484 E.00339
;WIDTH:0.51161
G1 X74.397 Y85.407 E.00311
;WIDTH:0.470008
G1 X74.377 Y85.331 E.00279
;WIDTH:0.428406
G1 X74.377 Y74.669 E.34175
;WIDTH:0.47001
G1 X74.397 Y74.593 E.00279
;WIDTH:0.511613
G1 X74.418 Y74.516 E.00311
;WIDTH:0.553216
G1 X74.439 Y74.439 E.00339
G1 X74.516 Y74.418 E.00339
;WIDTH:0.511614
G1 X74.593 Y74.397 E.00311
;WIDTH:0.470012
G1 X74.669 Y74.377 E.00279
;WIDTH:0.42841
G1 X85.127 Y74.377 E.33522
G1 X85.227 Y75.768 F3000
;TYPE:Internal infill
;WIDTH:0.45
G1 F1334
G1 X85.227 Y74.773 E.03368
G1 X83.78 Y74.773 E.04898
G1 X74.773 Y77.186 E.31563
G1 X74.773 Y74.773 E.08168
G1 X85.227 Y85.227 E.50043
G1 X85.227 Y82.814 E.08168
G1 X76.22 Y85.227 E.31563
G1 X74.773 Y85.227 E.04898
G1 X74.773 Y84.232 E.03368
;LAYER_CHANGE
;Z:12.2
;HEIGHT:0.2
G1 E-1 F1800
G1 Z12.2 F300
G92 E0
G1 X85.818 Y85.818 F3000
G1 E1 F1800
;TYPE:Perimeter
;WIDTH:0.449999
G1 F1299
G1 X74.182 Y85.818 E.39386
G1 X74.182 Y74.182 E.39386
G1 X85.818 Y74.182 E.39386
G1 X85.818 Y85.758 E.39183
G1 X86.225 Y86.225 F3000
;TYPE:External perimeter
G1 F1200
G1 X73.775 Y86.225 E.42142
G1 X73.775 Y73.775 E.42142
G1 X86.225 Y73.775 E.42142
G1 X86.225 Y86.165 E.41939
G1 X85.829 Y86.224 F3000
G1 E-1 F1800
G1 X81.069 Y85.127 F3000
G1 E1 F1800
;TYPE:Internal infill
;WIDTH:0.45
G1 F1299
G1 X78.626 Y85.127 E.08269
G1 X81.374 Y74.873 E.35933
G1 X78.931 Y74.873 E.08269
G1 E-1 F1800
G1 X85.127 Y75.595 F3000
G1 E1 F1800
G1 F1299
G1 X85.127 Y74.873 E.02444
G1 X83.406 Y74.873 E.05825
G1 X74.873 Y77.159 E.29902
G1 X74.873 Y74.873 E.07738
G1 X85.127 Y85.127 E.49085
G1 X85.127 Y82.841 E.07738
G1 X76.594 Y85.127 E.29902
G1 X74.873 Y85.127 E.05825
G1 X74.873 Y84.405 E.02444
G1 X74.477 Y85.231 F3000
;TYPE:Solid infill
;WIDTH:0.428406
G1 F1299
G1 X74.477 Y74.769 E.33534
;WIDTH:0.470008
G1 X74.497 Y74.693 E.00279
;WIDTH:0.51161
G1 X74.518 Y74.616 E.00311
;WIDTH:0.553212
G1 X74.539 Y74.539 E.00339
G1 X74.616 Y74.518 E.00339
;WIDTH:0.51161
G1 X74.693 Y74.497 E.00311
;WIDTH:0.470008
G1 X74.769 Y74.477 E.00279
;WIDTH:0.428406
G1 X85.231 Y74.477 E.33534
;WIDTH:0.470008
G1 X85.307 Y74.497 E.00279
;WIDTH:0.51161
G1 X85.384 Y74.518 E.00311
;WIDTH:0.553212
G1 X85.461 Y74.539 E.00339
G1 X85.482 Y74.607 E.00302
;WIDTH:0.51161
G1 X85.503 Y74.674 E.00274
;WIDTH:0.470008
G1 X85.523 Y74.742 E.00252
;WIDTH:0.428406
G1 X85.523 Y85.231 E.33621
;WIDTH:0.470008
G1 X85.503 Y85.307 E.00279
;WIDTH:0.51161
G1 X85.482 Y85.384 E.00311
;WIDTH:0.553212
G1 X85.461 Y85.461 E.00339
G1 X85.384 Y85.482 E.00339
;WIDTH:0.51161
G1 X85.307 Y85.503 E.00311
;WIDTH:0.470008
G1 X85.231 Y85.523 E.00279
;WIDTH:0.428406
G1 X74.769 Y85.523 E.33534
;WIDTH:0.470008
G1 X74.693 Y85.503 E.00279
;WIDTH:0.51161
G1 X74.616 Y85.482 E.00311
;WIDTH:0.553212
G1 X74.539 Y85.461 E.00339
G1 X74.53 Y85.427 E.00149
;LAYER_CHANGE
;Z:12.4
;HEIGHT:0.2
G1 E-1 F1800
G1 Z12.4 F300
G92 E0
G1 X85.718 Y85.718 F3000
G1 E1 F1800
;TYPE:Perimeter
;WIDTH:0.449999
G1 F1261
G1 X74.282 Y85.718 E.38709
G1 X74.282 Y74.282 E.38709
G1 X85.718 Y74.282 E.38709
G1 X85.718 Y85.658 E.38506
G1 X86.125 Y86.125 F3000
;TYPE:External perimeter
G1 F1200
G1 X73.875 Y86.125 E.41465
G1 X73.875 Y73.875 E.41465
G1 X86.125 Y73.875 E.41465
G1 X86.125 Y86.065 E.41262
G1 X85.729 Y86.124 F3000
G1 E-1 F1800
G1 X81.095 Y85.027 F3000
G1 E1 F1800
;TYPE:Internal infill
;WIDTH:0.45
G1 F1261
G1 X78.653 Y85.027 E.08266
G1 X81.347 Y74.973 E.35232
G1 X78.905 Y74.973 E.08266
G1 E-1 F1800
G1 X85.131 Y74.577 F3000
G1 E1 F1800
;TYPE:Solid infill
;WIDTH:0.470008
G1 F1261
G1 X85.207 Y74.597 E.00279
;WIDTH:0.51161
G1 X85.284 Y74.618 E.00311
;WIDTH:0.553212
G1 X85.361 Y74.639 E.00339
G1 X85.382 Y74.716 E.00339
;WIDTH:0.51161
G1 X85.403 Y74.793 E.00311
;WIDTH:0.470008
G1 X85.423 Y74.869 E.00279
;WIDTH:0.428406
G1 X85.423 Y85.131 E.32893
;WIDTH:0.470009
G1 X85.403 Y85.207 E.00279
;WIDTH:0.511612
G1 X85.382 Y85.284 E.00311
;WIDTH:0.553214
G1 X85.361 Y85.361 E.00339
G1 X85.293 Y85.382 E.00302
;WIDTH:0.511612
G1 X85.226 Y85.403 E.00274
;WIDTH:0.470009
G1 X85.158 Y85.423 E.00252
;WIDTH:0.428406
G1 X74.869 Y85.423 E.3298
;WIDTH:0.470008
G1 X74.793 Y85.403 E.00279
;WIDTH:0.511609
G1 X74.716 Y85.382 E.00311
;WIDTH:0.55321
G1 X74.639 Y85.361 E.00339
G1 X74.618 Y85.284 E.00339
;WIDTH:0.511609
G1 X74.597 Y85.207 E.00311
;WIDTH:0.470008
G1 X74.577 Y85.131 E.00279
;WIDTH:0.428406
G1 X74.577 Y74.869 E.32893
;WIDTH:0.470009
G1 X74.597 Y74.793 E.00279
;WIDTH:0.511612
G1 X74.618 Y74.716 E.00311
;WIDTH:0.553214
G1 X74.639 Y74.639 E.00339
G1 X74.716 Y74.618 E.00339
;WIDTH:0.511612
G1 X74.793 Y74.597 E.00311
;WIDTH:0.470009
G1 X74.869 Y74.577 E.00279
;WIDTH:0.428406
G1 X84.927 Y74.577 E.32239
G1 X85.027 Y75.421 F3000
;TYPE:Internal infill
;WIDTH:0.45
G1 F1261
G1 X85.027 Y74.973 E.01516
G1 X83.033 Y74.973 E.06749
G1 X74.973 Y77.133 E.28245
G1 X74.973 Y74.973 E.07311
G1 X85.027 Y85.027 E.48128
G1 X85.027 Y82.867 E.07311
G1 X76.967 Y85.027 E.28245
G1 X74.973 Y85.027 E.06749
G1 X74.973 Y84.579 E.01516
;LAYER_CHANGE
;Z:12.6
;HEIGHT:0.200001
G1 E-1 F1800
G1 Z12.6 F300
G92 E0
G1 X85.618 Y85.618 F3000
G1 E1 F1800
;TYPE:Perimeter
;WIDTH:0.449999
G1 F1260
G1 X74.382 Y85.618 E.38032
G1 X74.382 Y74.382 E.38032
G1 X85.618 Y74.382 E.38032
G1 X85.618 Y85.558 E.37829
G1 X86.025 Y86.025 F3000
;TYPE:External perimeter
G1 F1200
G1 X73.975 Y86.025 E.40788
G1 X73.975 Y73.975 E.40788
G1 X86.025 Y73.975 E.40788
G1 X86.025 Y85.965 E.40585
G1 X85.629 Y86.024 F3000
G1 E-1 F1800
G1 X81.122 Y84.927 F3000
G1 E1 F1800
;TYPE:Internal infill
;WIDTH:0.45
G1 F1260
G1 X78.68 Y84.927 E.08266
G1 X81.32 Y75.073 E.34531
G1 X78.878 Y75.073 E.08266
G1 E-1 F1800
G1 X74.677 Y74.969 F3000
G1 E1 F1800
;TYPE:Solid infill
;WIDTH:0.470008
G1 F1260
G1 X74.697 Y74.893 E.00279
;WIDTH:0.51161
G1 X74.718 Y74.816 E.00311
;WIDTH:0.553212
G1 X74.739 Y74.739 E.00339
G1 X74.816 Y74.718 E.00339
;WIDTH:0.51161
G1 X74.893 Y74.697 E.00311
;WIDTH:0.470008
G1 X74.969 Y74.677 E.00279
;WIDTH:0.428406
G1 X85.031 Y74.677 E.32252
;WIDTH:0.47001
G1 X85.107 Y74.697 E.00279
;WIDTH:0.511613
G1 X85.184 Y74.718 E.00311
;WIDTH:0.553216
G1 X85.261 Y74.739 E.00339
G1 X85.282 Y74.807 E.00302
;WIDTH:0.511614
G1 X85.303 Y74.874 E.00274
;WIDTH:0.470011
G1 X85.323 Y74.942 E.00252
;WIDTH:0.428408
G1 X85.323 Y85.031 E.32339
;WIDTH:0.470008
G1 X85.303 Y85.107 E.00279
;WIDTH:0.51161
G1 X85.282 Y85.184 E.00311
;WIDTH:0.553212
G1 X85.261 Y85.261 E.00339
G1 X85.184 Y85.282 E.00339
;WIDTH:0.511611
G1 X85.107 Y85.303 E.00311
;WIDTH:0.47001
G1 X85.031 Y85.323 E.00279
;WIDTH:0.42841
G1 X74.969 Y85.323 E.32252
;WIDTH:0.470012
G1 X74.893 Y85.303 E.00279
;WIDTH:0.511614
G1 X74.816 Y85.282 E.00311
;WIDTH:0.553216
G1 X74.739 Y85.261 E.00339
G1 X74.718 Y85.184 E.00339
;WIDTH:0.511613
G1 X74.697 Y85.107 E.00311
;WIDTH:0.47001
G1 X74.677 Y85.031 E.00279
;WIDTH:0.428406
G1 X74.677 Y75.173 E.31598
G1 E-1 F1800
G1 X75.073 Y84.752 F3000
G1 E1 F1800
;TYPE:Internal infill
;WIDTH:0.45
G1 F1260
G1 X75.073 Y84.927 E.00592
G1 X77.34 Y84.927 E.07674
G1 X84.927 Y82.894 E.26587
G1 X84.927 Y84.927 E.06881
G1 X75.073 Y75.073 E.47171
G1 X75.073 Y77.106 E.06881
G1 X82.66 Y75.073 E.26587
G1 X84.927 Y75.073 E.07674
G1 X84.927 Y75.248 E.00592
;LAYER_CHANGE
;Z:12.8
;HEIGHT:0.2
G1 E-1 F1800
G1 Z12.8 F300
G92 E0
G1 X85.518 Y85.518 F3000
G1 E1 F1800
;TYPE:Perimeter
;WIDTH:0.449999
G1 F1156
G1 X74.482 Y85.518 E.37355
G1 X74.482 Y74.482 E.37355
G1 X85.518 Y74.482 E.37355
G1 X85.518 Y85.458 E.37152
G1 X85.925 Y85.925 F3000
;TYPE:External perimeter
G1 F1156
G1 X74.075 Y85.925 E.40111
G1 X74.075 Y74.075 E.40111
G1 X85.925 Y74.075 E.40111
G1 X85.925 Y85.865 E.39908
G1 X85.529 Y85.924 F3000
G1 E-1 F1800
G1 X78.707 Y84.827 F3000
G1 E1 F1800
;TYPE:Internal infill
;WIDTH:0.45
G1 F1156
G1 X81.293 Y75.173 E.3383
G1 E-1 F1800
G1 X84.931 Y74.777 F3000
G1 E1 F1800
;TYPE:Solid infill
;WIDTH:0.470009
G1 F1156
G1 X85.007 Y74.797 E.00279
;WIDTH:0.511612
G1 X85.084 Y74.818 E.00311
;WIDTH:0.553214
G1 X85.161 Y74.839 E.00339
G1 X85.182 Y74.916 E.00339
;WIDTH:0.511613
G1 X85.203 Y74.993 E.00311
;WIDTH:0.470012
G1 X85.223 Y75.069 E.00279
;WIDTH:0.42841
G1 X85.223 Y84.931 E.31611
;WIDTH:0.47001
G1 X85.203 Y85.007 E.00279
;WIDTH:0.511613
G1 X85.182 Y85.084 E.00311
;WIDTH:0.553216
G1 X85.161 Y85.161 E.00339
G1 X85.093 Y85.182 E.00302
;WIDTH:0.511614
G1 X85.026 Y85.203 E.00274
;WIDTH:0.470011
G1 X84.958 Y85.223 E.00252
;WIDTH:0.428408
G1 X75.069 Y85.223 E.31698
;WIDTH:0.470008
G1 X74.993 Y85.203 E.00279
;WIDTH:0.51161
G1 X74.916 Y85.182 E.00311
;WIDTH:0.553212
G1 X74.839 Y85.161 E.00339
G1 X74.818 Y85.084 E.00339
;WIDTH:0.511611
G1 X74.797 Y85.007 E.00311
;WIDTH:0.47001
G1 X74.777 Y84.931 E.00279
;WIDTH:0.428408
G1 X74.777 Y75.069 E.31611
;WIDTH:0.47001
G1 X74.797 Y74.993 E.00279
;WIDTH:0.511613
G1 X74.818 Y74.916 E.00311
;WIDTH:0.553216
G1 X74.839 Y74.839 E.00339
G1 X74.916 Y74.818 E.00339
;WIDTH:0.511614
G1 X74.993 Y74.797 E.00311
;WIDTH:0.470012
G1 X75.069 Y74.777 E.00279
;WIDTH:0.42841
G1 X84.727 Y74.777 E.30957
G1 X84.729 Y75.173 F3000
;TYPE:Internal infill
;WIDTH:0.45
G1 F1156
G1 X82.287 Y75.173 E.08266
G1 X75.173 Y77.079 E.24929
G1 X75.173 Y75.173 E.06452
G1 X84.827 Y84.827 E.46213
G1 X84.827 Y82.921 E.06452
G1 X77.713 Y84.827 E.24929
G1 X75.271 Y84.827 E.08266
;LAYER_CHANGE
;Z:13
;HEIGHT:0.2
G1 E-1 F1800
G1 Z13 F300
G92 E0
G1 X85.418 Y85.418 F3000
G1 E1 F1800
;TYPE:Perimeter
;WIDTH:0.449999
G1 F1159
G1 X74.582 Y85.418 E.36679
G1 X74.582 Y74.582 E.36679
G1 X85.418 Y74.582 E.36679
G1 X85.418 Y85.358 E.36475
G1 X85.825 Y85.825 F3000
;TYPE:External perimeter
G1 F1159
G1 X74.175 Y85.825 E.39434
G1 X74.175 Y74.175 E.39434
G1 X85.825 Y74.175 E.39434
G1 X85.825 Y85.765 E.39231
G1 X85.429 Y85.824 F3000
G1 E-1 F1800
G1 X78.733 Y84.727 F3000
G1 E1 F1800
;TYPE:Internal infill
;WIDTH:0.45
G1 F1159
G1 X81.267 Y75.273 E.3313
G1 E-1 F1800
G1 X84.356 Y75.273 F3000
G1 E1 F1800
G1 F1159
G1 X81.913 Y75.273 E.08269
G1 X75.273 Y77.052 E.23268
G1 X75.273 Y75.273 E.06022
G1 X84.727 Y84.727 E.45256
G1 X84.727 Y82.948 E.06022
G1 X78.086 Y84.727 E.23272
G1 X75.644 Y84.727 E.08266
G1 E-1 F1800
G1 X74.877 Y75.169 F3000
G1 E1 F1800
;TYPE:Solid infill
;WIDTH:0.470011
G1 F1159
G1 X74.897 Y75.093 E.00279
;WIDTH:0.511614
G1 X74.918 Y75.016 E.00311
;WIDTH:0.553216
G1 X74.939 Y74.939 E.00339
G1 X75.016 Y74.918 E.00339
;WIDTH:0.511614
G1 X75.093 Y74.897 E.00311
;WIDTH:0.470011
G1 X75.169 Y74.877 E.00279
;WIDTH:0.428408
G1 X84.831 Y74.877 E.3097
;WIDTH:0.470011
G1 X84.907 Y74.897 E.00279
;WIDTH:0.511614
G1 X84.984 Y74.918 E.00311
;WIDTH:0.553216
G1 X85.061 Y74.939 E.00339
G1 X85.082 Y75.007 E.00302
;WIDTH:0.511613
G1 X85.103 Y75.074 E.00274
;WIDTH:0.47001
G1 X85.123 Y75.142 E.00252
;WIDTH:0.428406
G1 X85.123 Y84.831 E.31056
;WIDTH:0.470008
G1 X85.103 Y84.907 E.00279
;WIDTH:0.51161
G1 X85.082 Y84.984 E.00311
;WIDTH:0.553212
G1 X85.061 Y85.061 E.00339
G1 X84.984 Y85.082 E.00339
;WIDTH:0.51161
G1 X84.907 Y85.103 E.00311
;WIDTH:0.470008
G1 X84.831 Y85.123 E.00279
;WIDTH:0.428406
G1 X75.169 Y85.123 E.3097
;WIDTH:0.47001
G1 X75.093 Y85.103 E.00279
;WIDTH:0.511613
G1 X75.016 Y85.082 E.00311
;WIDTH:0.553216
G1 X74.939 Y85.061 E.00339
G1 X74.918 Y84.984 E.00339
;WIDTH:0.511614
G1 X74.897 Y84.907 E.00311
;WIDTH:0.470011
G1 X74.877 Y84.831 E.00279
;WIDTH:0.428408
G1 X74.877 Y75.373 E.30316
;LAYER_CHANGE
;Z:13.2
;HEIGHT:0.2
G1 E-1 F1800
G1 Z13.2 F300
G92 E0
G1 X85.318 Y85.318 F3000
G1 E1 F1800
;TYPE:Perimeter
;WIDTH:0.449999
G1 F1101
G1 X74.682 Y85.318 E.36002
G1 X74.682 Y74.682 E.36002
G1 X85.318 Y74.682 E.36002
G1 X85.318 Y85.258 E.35798
G1 X85.725 Y85.725 F3000
;TYPE:External perimeter
G1 F1101
G1 X74.275 Y85.725 E.38757
G1 X74.275 Y74.275 E.38757
G1 X85.725 Y74.275 E.38757
G1 X85.725 Y85.665 E.38554
G1 X85.329 Y85.724 F3000
G1 E-1 F1800
G1 X82.185 Y84.627 F3000
G1 E1 F1800
;TYPE:Internal infill
;WIDTH:0.45
G1 F1101
G1 X84.627 Y84.627 E.08266
G1 X75.373 Y75.373 E.44298
G1 X75.373 Y77.025 E.05592
G1 X81.54 Y75.373 E.21611
G1 X81.24 Y75.373 E.01015
G1 X78.76 Y84.627 E.32429
G1 X78.46 Y84.627 E.01015
G1 X84.627 Y82.975 E.21611
G1 X84.627 Y80.532 E.08269
G1 E-1 F1800
G1 X84.731 Y74.977 F3000
G1 E1 F1800
;TYPE:Solid infill
;WIDTH:0.470007
G1 F1101
G1 X84.807 Y74.997 E.00279
;WIDTH:0.51161
G1 X84.884 Y75.018 E.00311
;WIDTH:0.553212
G1 X84.961 Y75.039 E.00339
G1 X84.982 Y75.116 E.00339
;WIDTH:0.51161
G1 X85.003 Y75.193 E.00311
;WIDTH:0.470008
G1 X85.023 Y75.269 E.00279
;WIDTH:0.428406
G1 X85.023 Y84.731 E.30329
;WIDTH:0.470007
G1 X85.003 Y84.807 E.00279
;WIDTH:0.51161
G1 X84.982 Y84.884 E.00311
;WIDTH:0.553212
G1 X84.961 Y84.961 E.00339
G1 X84.893 Y84.982 E.00302
;WIDTH:0.51161
G1 X84.826 Y85.003 E.00274
;WIDTH:0.470008
G1 X84.758 Y85.023 E.00252
;WIDTH:0.428406
G1 X75.269 Y85.023 E.30415
;WIDTH:0.470008
G1 X75.193 Y85.003 E.00279
;WIDTH:0.511609
G1 X75.116 Y84.982 E.00311
;WIDTH:0.55321
G1 X75.039 Y84.961 E.00339
G1 X75.018 Y84.884 E.00339
;WIDTH:0.511609
G1 X74.997 Y84.807 E.00311
;WIDTH:0.470008
G1 X74.977 Y84.731 E.00279
;WIDTH:0.428406
G1 X74.977 Y75.269 E.30329
;WIDTH:0.470009
G1 X74.997 Y75.193 E.00279
;WIDTH:0.511612
G1 X75.018 Y75.116 E.00311
;WIDTH:0.553214
G1 X75.039 Y75.039 E.00339
G1 X75.116 Y75.018 E.00339
;WIDTH:0.511612
G1 X75.193 Y74.997 E.00311
;WIDTH:0.470009
G1 X75.269 Y74.977 E.00279
;WIDTH:0.428406
G1 X84.527 Y74.977 E.29675
;LAYER_CHANGE
;Z:13.4
;HEIGHT:0.2
G1 E-1 F1800
G1 Z13.4 F300
G92 E0
G1 X85.218 Y85.218 F3000
G1 E1 F1800
;TYPE:Perimeter
;WIDTH:0.449999
G1 F1073
G1 X74.782 Y85.218 E.35325
G1 X74.782 Y74.782 E.35325
G1 X85.218 Y74.782 E.35325
G1 X85.218 Y85.158 E.35121
G1 X85.625 Y85.625 F3000
;TYPE:External perimeter
G1 F1073
G1 X74.375 Y85.625 E.3808
G1 X74.375 Y74.375 E.3808
G1 X85.625 Y74.375 E.3808
G1 X85.625 Y85.565 E.37877
G1 X85.229 Y85.624 F3000
G1 E-1 F1800
G1 X82.085 Y84.527 F3000
G1 E1 F1800
;TYPE:Internal infill
;WIDTH:0.45
G1 F1073
G1 X84.527 Y84.527 E.08266
G1 X75.473 Y75.473 E.43341
G1 X75.473 Y76.999 E.05165
G1 X81.213 Y75.473 E.20104
G1 X78.787 Y84.527 E.31728
G1 X84.527 Y83.001 E.20104
G1 X84.527 Y80.559 E.08266
G1 E-1 F1800
G1 X75.077 Y84.631 F3000
G1 E1 F1800
;TYPE:Solid infill
;WIDTH:0.428406
G1 F1073
G1 X75.077 Y75.369 E.29688
;WIDTH:0.470007
G1 X75.097 Y75.293 E.00279
;WIDTH:0.51161
G1 X75.118 Y75.216 E.00311
;WIDTH:0.553212
G1 X75.139 Y75.139 E.00339
G1 X75.216 Y75.118 E.00339
;WIDTH:0.51161
G1 X75.293 Y75.097 E.00311
;WIDTH:0.470008
G1 X75.369 Y75.077 E.00279
;WIDTH:0.428406
G1 X84.631 Y75.077 E.29688
;WIDTH:0.470009
G1 X84.707 Y75.097 E.00279
;WIDTH:0.511612
G1 X84.784 Y75.118 E.00311
;WIDTH:0.553214
G1 X84.861 Y75.139 E.00339
G1 X84.882 Y75.207 E.00302
;WIDTH:0.511612
G1 X84.903 Y75.274 E.00274
;WIDTH:0.470009
G1 X84.923 Y75.342 E.00252
;WIDTH:0.428406
G1 X84.923 Y84.631 E.29774
;WIDTH:0.470008
G1 X84.903 Y84.707 E.00279
;WIDTH:0.51161
G1 X84.882 Y84.784 E.00311
;WIDTH:0.553212
G1 X84.861 Y84.861 E.00339
G1 X84.784 Y84.882 E.00339
;WIDTH:0.51161
G1 X84.707 Y84.903 E.00311
;WIDTH:0.470008
G1 X84.631 Y84.923 E.00279
;WIDTH:0.428406
G1 X75.369 Y84.923 E.29688
;WIDTH:0.470009
G1 X75.293 Y84.903 E.00279
;WIDTH:0.511612
G1 X75.216 Y84.882 E.00311
;WIDTH:0.553214
G1 X75.139 Y84.861 E.00339
G1 X75.13 Y84.827 E.00149
;LAYER_CHANGE
;Z:13.6
;HEIGHT:0.200001
G1 E-1 F1800
G1 Z13.6 F300
G92 E0
G1 X85.118 Y85.118 F3000
G1 E1 F1800
;TYPE:Perimeter
;WIDTH:0.449999
G1 F1040
G1 X74.882 Y85.118 E.34648
G1 X74.882 Y74.882 E.34648
G1 X85.118 Y74.882 E.34648
G1 X85.118 Y85.058 E.34444
G1 X85.525 Y85.525 F3000
;TYPE:External perimeter
G1 F1040
G1 X74.475 Y85.525 E.37403
G1 X74.475 Y74.475 E.37403
G1 X85.525 Y74.475 E.37403
G1 X85.525 Y85.465 E.372
G1 X85.129 Y85.524 F3000
G1 E-1 F1800
G1 X81.985 Y84.427 F3000
G1 E1 F1800
;TYPE:Internal infill
;WIDTH:0.45
G1 F1040
G1 X84.427 Y84.427 E.08266
G1 X75.573 Y75.573 E.42384
G1 X75.573 Y76.972 E.04735
G1 X80.794 Y75.573 E.18296
G1 X81.186 Y75.573 E.01327
G1 X78.814 Y84.427 E.31027
G1 X79.206 Y84.427 E.01327
G1 X84.427 Y83.028 E.18296
G1 X84.427 Y80.586 E.08266
G1 E-1 F1800
G1 X84.531 Y75.177 F3000
G1 E1 F1800
;TYPE:Solid infill
;WIDTH:0.470008
G1 F1040
G1 X84.607 Y75.197 E.00279
;WIDTH:0.51161
G1 X84.684 Y75.218 E.00311
;WIDTH:0.553212
G1 X84.761 Y75.239 E.00339
G1 X84.782 Y75.316 E.00339
;WIDTH:0.511612
G1 X84.803 Y75.393 E.00311
;WIDTH:0.470011
G1 X84.823 Y75.469 E.00279
;WIDTH:0.42841
G1 X84.823 Y84.531 E.29047
;WIDTH:0.47001
G1 X84.803 Y84.607 E.00279
;WIDTH:0.511613
G1 X84.782 Y84.684 E.00311
;WIDTH:0.553216
G1 X84.761 Y84.761 E.00339
G1 X84.693 Y84.782 E.00302
;WIDTH:0.511614
G1 X84.626 Y84.803 E.00274
;WIDTH:0.470011
G1 X84.558 Y84.823 E.00252
;WIDTH:0.428408
G1 X75.469 Y84.823 E.29133
;WIDTH:0.470008
G1 X75.393 Y84.803 E.00279
;WIDTH:0.51161
G1 X75.316 Y84.782 E.00311
;WIDTH:0.553212
G1 X75.239 Y84.761 E.00339
G1 X75.218 Y84.684 E.00339
;WIDTH:0.51161
G1 X75.197 Y84.607 E.00311
;WIDTH:0.470008
G1 X75.177 Y84.531 E.00279
;WIDTH:0.428406
G1 X75.177 Y75.469 E.29047
;WIDTH:0.470009
G1 X75.197 Y75.393 E.00279
;WIDTH:0.511612
G1 X75.218 Y75.316 E.00311
;WIDTH:0.553214
G1 X75.239 Y75.239 E.00339
G1 X75.316 Y75.218 E.00339
;WIDTH:0.511612
G1 X75.393 Y75.197 E.00311
;WIDTH:0.470009
G1 X75.469 Y75.177 E.00279
;WIDTH:0.428406
G1 X84.327 Y75.177 E.28393
;LAYER_CHANGE
;Z:13.8
;HEIGHT:0.2
G1 E-1 F1800
G1 Z13.8 F300
G92 E0
G1 X85.018 Y85.018 F3000
G1 E1 F1800
;TYPE:Perimeter
;WIDTH:0.449999
G1 F900
G1 X74.982 Y85.018 E.33971
G1 X74.982 Y74.982 E.33971
G1 X85.018 Y74.982 E.33971
G1 X85.018 Y84.958 E.33768
G1 X85.425 Y85.425 F3000
;TYPE:External perimeter
G1 F1080
G1 X74.575 Y85.425 E.36726
G1 X74.575 Y74.575 E.36726
G1 X85.425 Y74.575 E.36726
G1 X85.425 Y85.365 E.36523
G1 X85.029 Y85.424 F3000
G1 E-1 F1800
G1 X81.885 Y84.327 F3000
G1 E1 F1800
;TYPE:Internal infill
;WIDTH:0.45
G1 F1080
G1 X84.327 Y84.327 E.08266
G1 X75.673 Y75.673 E.41426
G1 X75.673 Y76.945 E.04306
G1 X80.421 Y75.673 E.16638
G1 X81.159 Y75.673 E.02498
G1 X78.841 Y84.327 E.30325
G1 X79.579 Y84.327 E.02498
G1 X84.327 Y83.055 E.16638
G1 X84.327 Y80.612 E.08269
G1 E-1 F1800
G1 X75.277 Y84.431 F3000
G1 E1 F1800
;TYPE:Solid infill
;WIDTH:0.428408
G1 F1080
G1 X75.277 Y75.569 E.28406
;WIDTH:0.470011
G1 X75.297 Y75.493 E.00279
;WIDTH:0.511614
G1 X75.318 Y75.416 E.00311
;WIDTH:0.553216
G1 X75.339 Y75.339 E.00339
G1 X75.416 Y75.318 E.00339
;WIDTH:0.511614
G1 X75.493 Y75.297 E.00311
;WIDTH:0.470011
G1 X75.569 Y75.277 E.00279
;WIDTH:0.428408
G1 X84.431 Y75.277 E.28406
;WIDTH:0.470011
G1 X84.507 Y75.297 E.00279
;WIDTH:0.511614
G1 X84.584 Y75.318 E.00311
;WIDTH:0.553216
G1 X84.661 Y75.339 E.00339
G1 X84.682 Y75.407 E.00302
;WIDTH:0.511614
G1 X84.703 Y75.474 E.00274
;WIDTH:0.470011
G1 X84.723 Y75.542 E.00252
;WIDTH:0.428408
G1 X84.723 Y84.431 E.28492
;WIDTH:0.470011
G1 X84.703 Y84.507 E.00279
;WIDTH:0.511614
G1 X84.682 Y84.584 E.00311
;WIDTH:0.553216
G1 X84.661 Y84.661 E.00339
G1 X84.584 Y84.682 E.00339
;WIDTH:0.511614
G1 X84.507 Y84.703 E.00311
;WIDTH:0.470011
G1 X84.431 Y84.723 E.00279
;WIDTH:0.42841
G1 X75.569 Y84.723 E.28406
;WIDTH:0.470012
G1 X75.493 Y84.703 E.00279
;WIDTH:0.511614
G1 X75.416 Y84.682 E.00311
;WIDTH:0.553216
G1 X75.339 Y84.661 E.00339
G1 X75.33 Y84.627 E.00149
;LAYER_CHANGE
;Z:14
;HEIGHT:0.2
G1 E-1 F1800
G1 Z14 F300
G92 E0
G1 X84.918 Y84.918 F3000
G1 E1 F1800
;TYPE:Perimeter
;WIDTH:0.449999
G1 F900
G1 X75.082 Y84.918 E.33294
G1 X75.082 Y75.082 E.33294
G1 X84.918 Y75.082 E.33294
G1 X84.918 Y84.858 E.33091
G1 X85.325 Y85.325 F3000
;TYPE:External perimeter
G1 F1049
G1 X74.675 Y85.325 E.36049
G1 X74.675 Y74.675 E.36049
G1 X85.325 Y74.675 E.36049
G1 X85.325 Y85.265 E.35846
G1 X84.929 Y85.324 F3000
G1 E-1 F1800
G1 X81.785 Y84.227 F3000
G1 E1 F1800
;TYPE:Internal infill
;WIDTH:0.45
G1 F1049
G1 X84.227 Y84.227 E.08266
G1 X75.773 Y75.773 E.40469
G1 X75.773 Y76.918 E.03876
G1 X80.047 Y75.773 E.14977
G1 X81.133 Y75.773 E.03676
G1 X78.867 Y84.227 E.29626
G1 X79.953 Y84.227 E.03676
G1 X84.227 Y83.082 E.14977
G1 X84.227 Y80.639 E.08269
G1 E-1 F1800
G1 X75.669 Y75.377 F3000
G1 E1 F1800
;TYPE:Solid infill
;WIDTH:0.42841
G1 F1049
G1 X84.331 Y75.377 E.27765
;WIDTH:0.47001
G1 X84.407 Y75.397 E.00279
;WIDTH:0.511611
G1 X84.484 Y75.418 E.00311
;WIDTH:0.553212
G1 X84.561 Y75.439 E.00339
G1 X84.582 Y75.516 E.00339
;WIDTH:0.51161
G1 X84.603 Y75.593 E.00311
;WIDTH:0.470008
G1 X84.623 Y75.669 E.00279
;WIDTH:0.428406
G1 X84.623 Y84.331 E.27765
;WIDTH:0.470009
G1 X84.603 Y84.407 E.00279
;WIDTH:0.511612
G1 X84.582 Y84.484 E.00311
;WIDTH:0.553214
G1 X84.561 Y84.561 E.00339
G1 X84.493 Y84.582 E.00302
;WIDTH:0.511612
G1 X84.426 Y84.603 E.00274
;WIDTH:0.470009
G1 X84.358 Y84.623 E.00252
;WIDTH:0.428406
G1 X75.669 Y84.623 E.27851
;WIDTH:0.470008
G1 X75.593 Y84.603 E.00279
;WIDTH:0.51161
G1 X75.516 Y84.582 E.00311
;WIDTH:0.553212
G1 X75.439 Y84.561 E.00339
G1 X75.418 Y84.484 E.00339
;WIDTH:0.511611
G1 X75.397 Y84.407 E.00311
;WIDTH:0.47001
G1 X75.377 Y84.331 E.00279
;WIDTH:0.42841
G1 X75.377 Y75.669 E.27765
;WIDTH:0.470013
G1 X75.397 Y75.593 E.00279
;WIDTH:0.511616
G1 X75.418 Y75.516 E.00311
;WIDTH:0.553218
G1 X75.439 Y75.439 E.00339
G1 X75.473 Y75.43 E.00149
;LAYER_CHANGE
;Z:14.2
;HEIGHT:0.2
G1 E-1 F1800
G1 Z14.2 F300
G92 E0
G1 X84.818 Y84.818 F3000
G1 E1 F1800
;TYPE:Perimeter
;WIDTH:0.449999
G1 F900
G1 X75.182 Y84.818 E.32617
G1 X75.182 Y75.182 E.32617
G1 X84.818 Y75.182 E.32617
G1 X84.818 Y84.758 E.32414
G1 X85.225 Y85.225 F3000
;TYPE:External perimeter
G1 F1034
G1 X74.775 Y85.225 E.35372
G1 X74.775 Y74.775 E.35372
G1 X85.225 Y74.775 E.35372
G1 X85.225 Y85.165 E.35169
G1 X84.829 Y85.224 F3000
G1 E-1 F1800
G1 X83.548 Y75.873 F3000
G1 E1 F1800
;TYPE:Internal infill
;WIDTH:0.45
G1 F1034
G1 X81.106 Y75.873 E.08266
G1 X78.894 Y84.127 E.28925
G1 X80.326 Y84.127 E.04847
G1 X84.127 Y83.109 E.13319
G1 X84.127 Y84.127 E.03446
G1 X75.873 Y75.873 E.39511
G1 X75.873 Y76.891 E.03446
G1 X79.674 Y75.873 E.13319
G1 X80.902 Y75.873 E.04157
G1 E-1 F1800
G1 X75.477 Y84.231 F3000
G1 E1 F1800
;TYPE:Solid infill
;WIDTH:0.428406
G1 F1034
G1 X75.477 Y75.769 E.27123
;WIDTH:0.470008
G1 X75.497 Y75.693 E.00279
;WIDTH:0.51161
G1 X75.518 Y75.616 E.00311
;WIDTH:0.553212
G1 X75.539 Y75.539 E.00339
G1 X75.616 Y75.518 E.00339
;WIDTH:0.51161
G1 X75.693 Y75.497 E.00311
;WIDTH:0.470008
G1 X75.769 Y75.477 E.00279
;WIDTH:0.428406
G1 X84.231 Y75.477 E.27123
;WIDTH:0.470009
G1 X84.307 Y75.497 E.00279
;WIDTH:0.511612
G1 X84.384 Y75.518 E.00311
;WIDTH:0.553214
G1 X84.461 Y75.539 E.00339
G1 X84.482 Y75.607 E.00302
;WIDTH:0.511612
G1 X84.503 Y75.674 E.00274
;WIDTH:0.470009
G1 X84.523 Y75.742 E.00252
;WIDTH:0.428406
G1 X84.523 Y84.231 E.2721
;WIDTH:0.470008
G1 X84.503 Y84.307 E.00279
;WIDTH:0.51161
G1 X84.482 Y84.384 E.00311
;WIDTH:0.553212
G1 X84.461 Y84.461 E.00339
G1 X84.384 Y84.482 E.00339
;WIDTH:0.51161
G1 X84.307 Y84.503 E.00311
;WIDTH:0.470008
G1 X84.231 Y84.523 E.00279
;WIDTH:0.428406
G1 X75.769 Y84.523 E.27123
;WIDTH:0.470009
G1 X75.693 Y84.503 E.00279
;WIDTH:0.511612
G1 X75.616 Y84.482 E.00311
;WIDTH:0.553214
G1 X75.539 Y84.461 E.00339
G1 X75.53 Y84.427 E.00149
;LAYER_CHANGE
;Z:14.4
;HEIGHT:0.2
G1 E-1 F1800
G1 Z14.4 F300
G92 E0
G1 X84.718 Y84.718 F3000
G1 E1 F1800
;TYPE:Perimeter
;WIDTH:0.449999
G1 F900
G1 X75.282 Y84.718 E.3194
G1 X75.282 Y75.282 E.3194
G1 X84.718 Y75.282 E.3194
G1 X84.718 Y84.658 E.31737
G1 X85.125 Y85.125 F3000
;TYPE:External perimeter
G1 F969
G1 X74.875 Y85.125 E.34695
G1 X74.875 Y74.875 E.34695
G1 X85.125 Y74.875 E.34695
G1 X85.125 Y85.065 E.34492
G1 X84.729 Y85.124 F3000
G1 E-1 F1800
G1 X83.522 Y75.973 F3000
G1 E1 F1800
;TYPE:Internal infill
;WIDTH:0.45
G1 F969
G1 X81.079 Y75.973 E.08269
G1 X78.921 Y84.027 E.28223
G1 X80.699 Y84.027 E.06018
G1 X84.027 Y83.135 E.11662
G1 X84.027 Y84.027 E.03019
G1 X75.973 Y75.973 E.38554
G1 X75.973 Y76.865 E.03019
G1 X79.301 Y75.973 E.11662
G1 X80.876 Y75.973 E.05331
G1 E-1 F1800
G1 X84.131 Y75.577 F3000
G1 E1 F1800
;TYPE:Solid infill
;WIDTH:0.470007
G1 F969
G1 X84.207 Y75.597 E.00279
;WIDTH:0.51161
G1 X84.284 Y75.618 E.00311
;WIDTH:0.553212
G1 X84.361 Y75.639 E.00339
G1 X84.382 Y75.716 E.00339
;WIDTH:0.51161
G1 X84.403 Y75.793 E.00311
;WIDTH:0.470008
G1 X84.423 Y75.869 E.00279
;WIDTH:0.428406
G1 X84.423 Y84.131 E.26482
;WIDTH:0.470009
G1 X84.403 Y84.207 E.00279
;WIDTH:0.511612
G1 X84.382 Y84.284 E.00311
;WIDTH:0.553214
G1 X84.361 Y84.361 E.00339
G1 X84.293 Y84.382 E.00302
;WIDTH:0.511612
G1 X84.226 Y84.403 E.00274
;WIDTH:0.470009
G1 X84.158 Y84.423 E.00252
;WIDTH:0.428406
G1 X75.869 Y84.423 E.26569
;WIDTH:0.470008
G1 X75.793 Y84.403 E.00279
;WIDTH:0.511609
G1 X75.716 Y84.382 E.00311
;WIDTH:0.55321
G1 X75.639 Y84.361 E.00339
G1 X75.618 Y84.284 E.00339
;WIDTH:0.511609
G1 X75.597 Y84.207 E.00311
;WIDTH:0.470008
G1 X75.577 Y84.131 E.00279
;WIDTH:0.428406
G1 X75.577 Y75.869 E.26482
;WIDTH:0.470009
G1 X75.597 Y75.793 E.00279
;WIDTH:0.511612
G1 X75.618 Y75.716 E.00311
;WIDTH:0.553214
G1 X75.639 Y75.639 E.00339
G1 X75.716 Y75.618 E.00339
;WIDTH:0.511612
G1 X75.793 Y75.597 E.00311
;WIDTH:0.470009
G1 X75.869 Y75.577 E.00279
;WIDTH:0.428406
G1 X83.927 Y75.577 E.25829
;LAYER_CHANGE
;Z:14.6
;HEIGHT:0.200001
G1 E-1 F1800
G1 Z14.6 F300
G92 E0
G1 X84.618 Y84.618 F3000
G1 E1 F1800
;TYPE:Perimeter
;WIDTH:0.449999
G1 F900
G1 X75.382 Y84.618 E.31263
G1 X75.382 Y75.382 E.31263
G1 X84.618 Y75.382 E.31263
G1 X84.618 Y84.558 E.3106
G1 X85.025 Y85.025 F3000
;TYPE:External perimeter
G1 F900
G1 X74.975 Y85.025 E.34018
G1 X74.975 Y74.975 E.34018
G1 X85.025 Y74.975 E.34018
G1 X85.025 Y84.965 E.33815
G1 X84.629 Y85.024 F3000
G1 E-1 F1800
G1 X83.495 Y76.073 F3000
G1 E1 F1800
;TYPE:Internal infill
;WIDTH:0.45
G1 F991
G1 X81.052 Y76.073 E.08269
G1 X78.948 Y83.927 E.27522
G1 X81.072 Y83.927 E.07189
G1 X83.927 Y83.162 E.10005
G1 X83.927 Y83.927 E.02589
G1 X76.073 Y76.073 E.37597
G1 X76.073 Y76.838 E.02589
G1 X78.928 Y76.073 E.10005
G1 X80.849 Y76.073 E.06502
G1 E-1 F1800
G1 X75.677 Y84.031 F3000
G1 E1 F1800
;TYPE:Solid infill
;WIDTH:0.428406
G1 F991
G1 X75.677 Y75.969 E.25841
;WIDTH:0.470008
G1 X75.697 Y75.893 E.00279
;WIDTH:0.51161
G1 X75.718 Y75.816 E.00311
;WIDTH:0.553212
G1 X75.739 Y75.739 E.00339
G1 X75.816 Y75.718 E.00339
;WIDTH:0.51161
G1 X75.893 Y75.697 E.00311
;WIDTH:0.470008
G1 X75.969 Y75.677 E.00279
;WIDTH:0.428406
G1 X84.031 Y75.677 E.25841
;WIDTH:0.470009
G1 X84.107 Y75.697 E.00279
;WIDTH:0.511612
G1 X84.184 Y75.718 E.00311
;WIDTH:0.553214
G1 X84.261 Y75.739 E.00339
G1 X84.282 Y75.807 E.00302
;WIDTH:0.511612
G1 X84.303 Y75.874 E.00274
;WIDTH:0.470009
G1 X84.323 Y75.942 E.00252
;WIDTH:0.428406
G1 X84.323 Y84.031 E.25928
;WIDTH:0.470008
G1 X84.303 Y84.107 E.00279
;WIDTH:0.51161
G1 X84.282 Y84.184 E.00311
;WIDTH:0.553212
G1 X84.261 Y84.261 E.00339
G1 X84.184 Y84.282 E.00339
;WIDTH:0.51161
G1 X84.107 Y84.303 E.00311
;WIDTH:0.470008
G1 X84.031 Y84.323 E.00279
;WIDTH:0.428408
G1 X75.969 Y84.323 E.25841
;WIDTH:0.47001
G1 X75.893 Y84.303 E.00279
;WIDTH:0.511612
G1 X75.816 Y84.282 E.00311
;WIDTH:0.553214
G1 X75.739 Y84.261 E.00339
G1 X75.73 Y84.227 E.00149
;LAYER_CHANGE
;Z:14.8
;HEIGHT:0.2
G1 E-1 F1800
G1 Z14.8 F300
G92 E0
G1 X84.518 Y84.518 F3000
G1 E1 F1800
;TYPE:Perimeter
;WIDTH:0.449999
G1 F900
G1 X75.482 Y84.518 E.30586
G1 X75.482 Y75.482 E.30586
G1 X84.518 Y75.482 E.30586
G1 X84.518 Y84.458 E.30383
G1 X84.925 Y84.925 F3000
;TYPE:External perimeter
G1 F900
G1 X75.075 Y84.925 E.33341
G1 X75.075 Y75.075 E.33341
G1 X84.925 Y75.075 E.33341
G1 X84.925 Y84.865 E.33138
G1 X84.529 Y84.924 F3000
G1 E-1 F1800
G1 X83.468 Y76.173 F3000
G1 E1 F1800
;TYPE:Internal infill
;WIDTH:0.45
G1 F910
G1 X81.025 Y76.173 E.08269
G1 X78.975 Y83.827 E.26821
G1 X81.445 Y83.827 E.08361
G1 X83.827 Y83.189 E.08347
G1 X83.827 Y83.827 E.0216
G1 X76.173 Y76.173 E.36639
G1 X76.173 Y76.811 E.0216
G1 X78.555 Y76.173 E.08347
G1 X80.822 Y76.173 E.07674
G1 E-1 F1800
G1 X83.931 Y75.777 F3000
G1 E1 F1800
;TYPE:Solid infill
;WIDTH:0.470008
G1 F910
G1 X84.007 Y75.797 E.00279
;WIDTH:0.51161
G1 X84.084 Y75.818 E.00311
;WIDTH:0.553212
G1 X84.161 Y75.839 E.00339
G1 X84.182 Y75.916 E.00339
;WIDTH:0.511612
G1 X84.203 Y75.993 E.00311
;WIDTH:0.470011
G1 X84.223 Y76.069 E.00279
;WIDTH:0.42841
G1 X84.223 Y83.931 E.25201
;WIDTH:0.47001
G1 X84.203 Y84.007 E.00279
;WIDTH:0.511613
G1 X84.182 Y84.084 E.00311
;WIDTH:0.553216
G1 X84.161 Y84.161 E.00339
G1 X84.093 Y84.182 E.00302
;WIDTH:0.511614
G1 X84.026 Y84.203 E.00274
;WIDTH:0.470011
G1 X83.958 Y84.223 E.00252
;WIDTH:0.428408
G1 X76.069 Y84.223 E.25287
;WIDTH:0.470008
G1 X75.993 Y84.203 E.00279
;WIDTH:0.51161
G1 X75.916 Y84.182 E.00311
;WIDTH:0.553212
G1 X75.839 Y84.161 E.00339
G1 X75.818 Y84.084 E.00339
;WIDTH:0.51161
G1 X75.797 Y84.007 E.00311
;WIDTH:0.470008
G1 X75.777 Y83.931 E.00279
;WIDTH:0.428406
G1 X75.777 Y76.069 E.252
;WIDTH:0.47001
G1 X75.797 Y75.993 E.00279
;WIDTH:0.511613
G1 X75.818 Y75.916 E.00311
;WIDTH:0.553216
G1 X75.839 Y75.839 E.00339
G1 X75.916 Y75.818 E.00339
;WIDTH:0.511613
G1 X75.993 Y75.797 E.00311
;WIDTH:0.47001
G1 X76.069 Y75.777 E.00279
;WIDTH:0.428406
G1 X83.727 Y75.777 E.24546
;LAYER_CHANGE
;Z:15
;HEIGHT:0.2
G1 E-1 F1800
G1 Z15 F300
G92 E0
G1 X84.418 Y84.418 F3000
G1 E1 F1800
;TYPE:Perimeter
;WIDTH:0.449999
G1 F884
G1 X75.582 Y84.418 E.29909
G1 X75.582 Y75.582 E.29909
G1 X84.418 Y75.582 E.29909
G1 X84.418 Y84.358 E.29706
G1 X84.825 Y84.825 F3000
;TYPE:External perimeter
G1 F884
G1 X75.175 Y84.825 E.32664
G1 X75.175 Y75.175 E.32664
G1 X84.825 Y75.175 E.32664
G1 X84.825 Y84.765 E.32461
G1 X84.429 Y84.824 F3000
G1 E-1 F1800
G1 X83.441 Y76.273 F3000
G1 E1 F1800
;TYPE:Internal infill
;WIDTH:0.45
G1 F884
G1 X80.999 Y76.273 E.08266
G1 X79.001 Y83.727 E.26122
G1 X81.819 Y83.727 E.09539
G1 X83.727 Y83.216 E.06686
G1 X83.727 Y83.727 E.0173
G1 X76.273 Y76.273 E.35682
G1 X76.273 Y76.784 E.0173
G1 X78.181 Y76.273 E.06686
G1 X80.624 Y76.273 E.08269
G1 E-1 F1800
G1 X75.877 Y76.169 F3000
G1 E1 F1800
;TYPE:Solid infill
;WIDTH:0.470011
G1 F884
G1 X75.897 Y76.093 E.00279
;WIDTH:0.511614
G1 X75.918 Y76.016 E.00311
;WIDTH:0.553216
G1 X75.939 Y75.939 E.00339
G1 X76.016 Y75.918 E.00339
;WIDTH:0.511614
G1 X76.093 Y75.897 E.00311
;WIDTH:0.470012
G1 X76.169 Y75.877 E.00279
;WIDTH:0.42841
G1 X83.831 Y75.877 E.24559
;WIDTH:0.470011
G1 X83.907 Y75.897 E.00279
;WIDTH:0.511614
G1 X83.984 Y75.918 E.00311
;WIDTH:0.553216
G1 X84.061 Y75.939 E.00339
G1 X84.082 Y76.007 E.00302
;WIDTH:0.511613
G1 X84.103 Y76.074 E.00274
;WIDTH:0.47001
G1 X84.123 Y76.142 E.00252
;WIDTH:0.428406
G1 X84.123 Y83.831 E.24646
;WIDTH:0.470008
G1 X84.103 Y83.907 E.00279
;WIDTH:0.51161
G1 X84.082 Y83.984 E.00311
;WIDTH:0.553212
G1 X84.061 Y84.061 E.00339
G1 X83.984 Y84.082 E.00339
;WIDTH:0.51161
G1 X83.907 Y84.103 E.00311
;WIDTH:0.470008
G1 X83.831 Y84.123 E.00279
;WIDTH:0.428406
G1 X76.169 Y84.123 E.24559
;WIDTH:0.47001
G1 X76.093 Y84.103 E.00279
;WIDTH:0.511613
G1 X76.016 Y84.082 E.00311
;WIDTH:0.553216
G1 X75.939 Y84.061 E.00339
G1 X75.918 Y83.984 E.00339
;WIDTH:0.511614
G1 X75.897 Y83.907 E.00311
;WIDTH:0.470012
G1 X75.877 Y83.831 E.00279
;WIDTH:0.42841
G1 X75.877 Y76.373 E.23906
;LAYER_CHANGE
;Z:15.2
;HEIGHT:0.2
G1 E-1 F1800
G1 Z15.2 F300
G92 E0
G1 X84.318 Y84.318 F3000
G1 E1 F1800
;TYPE:Perimeter
;WIDTH:0.449999
G1 F860
G1 X75.682 Y84.318 E.29232
G1 X75.682 Y75.682 E.29232
G1 X84.318 Y75.682 E.29232
G1 X84.318 Y84.258 E.29029
G1 X84.725 Y84.725 F3000
;TYPE:External perimeter
G1 F860
G1 X75.275 Y84.725 E.31987
G1 X75.275 Y75.275 E.31987
G1 X84.725 Y75.275 E.31987
G1 X84.725 Y84.665 E.31784
G1 X84.329 Y84.724 F3000
G1 E-1 F1800
G1 X83.409 Y76.394 F3000
G1 E1 F1800
;TYPE:Internal infill
;WIDTH:0.45
G1 F860
G1 X80.966 Y76.394 E.08269
G1 X79.034 Y83.606 E.25273
G1 X82.272 Y83.606 E.1096
G1 X83.606 Y83.248 E.04675
G1 X83.606 Y83.606 E.01212
G1 X76.394 Y76.394 E.34523
G1 X76.394 Y76.752 E.01212
G1 X77.728 Y76.394 E.04675
G1 X80.17 Y76.394 E.08266
G1 E-1 F1800
G1 X83.752 Y75.987 F3000
G1 E1 F1800
;TYPE:Solid infill
;WIDTH:0.484416
G1 F860
G1 X83.822 Y76.005 E.00265
;WIDTH:0.518823
G1 X83.891 Y76.022 E.00281
;WIDTH:0.55323
G1 X83.961 Y76.039 E.00306
G1 X83.978 Y76.109 E.00306
;WIDTH:0.518824
G1 X83.995 Y76.178 E.00281
;WIDTH:0.484417
G1 X84.013 Y76.248 E.00265
;WIDTH:0.45001
G1 X84.013 Y83.752 E.25401
;WIDTH:0.484417
G1 X83.995 Y83.822 E.00265
;WIDTH:0.518826
G1 X83.978 Y83.891 E.00281
;WIDTH:0.553234
G1 X83.961 Y83.961 E.00306
G1 X83.901 Y83.978 E.00265
;WIDTH:0.518826
G1 X83.841 Y83.995 E.00247
;WIDTH:0.484417
G1 X83.781 Y84.013 E.0023
;WIDTH:0.45001
G1 X76.248 Y84.013 E.25499
;WIDTH:0.484417
G1 X76.178 Y83.995 E.00265
;WIDTH:0.518824
G1 X76.109 Y83.978 E.00281
;WIDTH:0.55323
G1 X76.039 Y83.961 E.00306
G1 X76.022 Y83.891 E.00306
;WIDTH:0.518823
G1 X76.005 Y83.822 E.00281
;WIDTH:0.484416
G1 X75.987 Y83.752 E.00265
;WIDTH:0.45001
G1 X75.987 Y76.248 E.25401
;WIDTH:0.484418
G1 X76.005 Y76.178 E.00265
;WIDTH:0.518825
G1 X76.022 Y76.109 E.00281
;WIDTH:0.553232
G1 X76.039 Y76.039 E.00306
G1 X76.109 Y76.022 E.00306
;WIDTH:0.518825
G1 X76.178 Y76.005 E.00281
;WIDTH:0.484418
G1 X76.248 Y75.987 E.00265
;WIDTH:0.45001
G1 X83.549 Y75.987 E.24714
M106 S173.4
;LAYER_CHANGE
;Z:15.4
;HEIGHT:0.2
G1 E-1 F1800
G1 Z15.4 F300
G92 E0
G1 X84.218 Y84.218 F3000
G1 E1 F1800
;TYPE:Perimeter
;WIDTH:0.449999
G1 F900
G1 X75.782 Y84.218 E.28555
G1 X75.782 Y75.782 E.28555
G1 X84.218 Y75.782 E.28555
G1 X84.218 Y84.158 E.28352
G1 X84.625 Y84.625 F3000
;TYPE:External perimeter
G1 F900
G1 X75.375 Y84.625 E.3131
G1 X75.375 Y75.375 E.3131
G1 X84.625 Y75.375 E.3131
G1 X84.625 Y84.565 E.31107
G1 X84.229 Y84.624 F3000
G1 E-1 F1800
G1 X75.906 Y83.372 F3000
G1 E1 F1800
;TYPE:Bridge infill
;WIDTH:0.405838
;HEIGHT:0.4
M106 S255
G1 F1200
G1 X77.019 Y83.891 E.06605
G1 X78.098 Y83.891 E.05803
G1 X76.109 Y82.964 E.11802
G1 X76.109 Y82.461 E.02705
G1 X79.177 Y83.891 E.18204
G1 X80.255 Y83.891 E.05798
G1 X76.109 Y81.958 E.24602
G1 X76.109 Y81.455 E.02705
G1 X81.334 Y83.891 E.31005
G1 X82.412 Y83.891 E.05798
G1 X76.109 Y80.952 E.37402
G1 X76.109 Y80.449 E.02705
G1 X83.491 Y83.891 E.43805
G1 X83.891 Y83.891 E.02151
G1 X83.891 Y83.575 E.01699
G1 X76.109 Y79.946 E.46179
G1 X76.109 Y79.443 E.02705
G1 X83.891 Y83.072 E.46179
G1 X83.891 Y82.569 E.02705
G1 X76.109 Y78.94 E.46179
G1 X76.109 Y78.437 E.02705
G1 X83.891 Y82.066 E.46179
G1 X83.891 Y81.563 E.02705
G1 X76.109 Y77.934 E.46179
G1 X76.109 Y77.431 E.02705
G1 X83.891 Y81.06 E.46179
G1 X83.891 Y80.557 E.02705
G1 X76.109 Y76.928 E.46179
G1 X76.109 Y76.425 E.02705
G1 X83.891 Y80.054 E.46179
G1 X83.891 Y79.551 E.02705
G1 X76.509 Y76.109 E.43805
G1 X77.588 Y76.109 E.05803
G1 X83.891 Y79.048 E.37402
G1 X83.891 Y78.545 E.02705
G1 X78.666 Y76.109 E.31005
G1 X79.745 Y76.109 E.05803
G1 X83.891 Y78.042 E.24602
G1 X83.891 Y77.539 E.02705
G1 X80.824 Y76.109 E.18199
G1 X81.902 Y76.109 E.05798
G1 X83.891 Y77.036 E.11802
G1 X83.891 Y76.533 E.02705
G1 X82.547 Y75.906 E.07976
M106 S173.4
;LAYER_CHANGE
;Z:15.6
;HEIGHT:0.200001
G1 E-1 F1800
G1 Z15.6 F300
G92 E0
G1 X84.118 Y84.118 F3000
G1 E1 F1800
;TYPE:Perimeter
;WIDTH:0.449999
G1 F900
G1 X75.882 Y84.118 E.27878
G1 X75.882 Y75.882 E.27878
G1 X84.118 Y75.882 E.27878
G1 X84.118 Y84.058 E.27675
G1 X84.525 Y84.525 F3000
;TYPE:External perimeter
G1 F900
G1 X75.475 Y84.525 E.30633
G1 X75.475 Y75.475 E.30633
G1 X84.525 Y75.475 E.30633
G1 X84.525 Y84.465 E.3043
G1 X84.129 Y84.524 F3000
G1 E-1 F1800
G1 X76.298 Y76.22 F3000
G1 E1 F1800
;TYPE:Solid infill
;WIDTH:0.548766
G1 F1500
G1 X76.253 Y76.176 E.00265
G1 X76.192 Y76.192 E.00265
G1 X76.176 Y76.253 E.00265
G1 X76.22 Y76.298 E.00265
G1 X76.281 Y76.281 E.00266
;WIDTH:0.449999
G1 X76.187 Y76.932 E.02226
G1 X76.932 Y76.187 E.03566
G1 X77.507 Y76.187 E.01946
G1 X76.187 Y77.507 E.06319
G1 X76.187 Y78.083 E.0195
G1 X78.083 Y76.187 E.09076
G1 X78.659 Y76.187 E.0195
G1 X76.187 Y78.659 E.11833
G1 X76.187 Y79.234 E.01946
G1 X79.234 Y76.187 E.14586
G1 X79.81 Y76.187 E.0195
G1 X76.187 Y79.81 E.17343
G1 X76.187 Y80.386 E.0195
G1 X80.386 Y76.187 E.201
G1 X80.962 Y76.187 E.0195
G1 X76.187 Y80.962 E.22858
G1 X76.187 Y81.537 E.01946
G1 X81.537 Y76.187 E.2561
G1 X82.113 Y76.187 E.0195
G1 X76.187 Y82.113 E.28367
G1 X76.187 Y82.689 E.0195
G1 X82.689 Y76.187 E.31125
G1 X83.264 Y76.187 E.01946
G1 X76.187 Y83.264 E.33877
G1 X76.215 Y83.813 E.01861
G1 X83.813 Y76.215 E.36371
G1 X83.813 Y76.791 E.0195
G1 X76.791 Y83.813 E.33614
G1 X77.366 Y83.813 E.01946
G1 X83.813 Y77.366 E.30861
G1 X83.813 Y77.942 E.0195
G1 X77.942 Y83.813 E.28104
G1 X78.518 Y83.813 E.0195
G1 X83.813 Y78.518 E.25347
G1 X83.813 Y79.093 E.01946
G1 X79.093 Y83.813 E.22594
G1 X79.669 Y83.813 E.0195
G1 X83.813 Y79.669 E.19837
G1 X83.813 Y80.245 E.0195
G1 X80.245 Y83.813 E.1708
G1 X80.82 Y83.813 E.01946
G1 X83.813 Y80.82 E.14327
G1 X83.813 Y81.396 E.0195
G1 X81.396 Y83.813 E.1157
G1 X81.972 Y83.813 E.0195
G1 X83.813 Y81.972 E.08813
G1 X83.813 Y83.813 E.06232
G1 X82.548 Y83.813 E.04282
G1 X83.669 Y82.691 E.05369
M106 S175.95
;LAYER_CHANGE
;Z:15.8
;HEIGHT:0.2
G1 E-1 F1800
G1 Z15.8 F300
G92 E0
G1 X84.018 Y84.018 F3000
G1 E1 F1800
;TYPE:Perimeter
G1 F900
G1 X75.982 Y84.018 E.27201
G1 X75.982 Y75.982 E.27201
G1 X84.018 Y75.982 E.27201
G1 X84.018 Y83.958 E.26998
G1 X84.425 Y84.425 F3000
;TYPE:External perimeter
G1 F900
G1 X75.575 Y84.425 E.29956
G1 X75.575 Y75.575 E.29956
G1 X84.425 Y75.575 E.29956
G1 X84.425 Y84.365 E.29753
G1 X84.029 Y84.424 F3000
G1 E-1 F1800
G1 X76.32 Y83.602 F3000
G1 E1 F1800
;TYPE:Solid infill
;WIDTH:0.548766
G1 F1500
G1 X76.276 Y83.647 E.00265
G1 X76.292 Y83.708 E.00265
G1 X76.353 Y83.724 E.00265
G1 X76.398 Y83.68 E.00265
G1 X76.381 Y83.619 E.00266
;WIDTH:0.449999
G1 X76.287 Y82.968 E.02226
G1 X77.032 Y83.713 E.03566
G1 X77.607 Y83.713 E.01946
G1 X76.287 Y82.393 E.06319
G1 X76.287 Y81.817 E.0195
G1 X78.183 Y83.713 E.09076
G1 X78.759 Y83.713 E.0195
G1 X76.287 Y81.241 E.11833
G1 X76.287 Y80.666 E.01946
G1 X79.334 Y83.713 E.14586
G1 X79.91 Y83.713 E.0195
G1 X76.287 Y80.09 E.17343
G1 X76.287 Y79.514 E.0195
G1 X80.486 Y83.713 E.201
G1 X81.062 Y83.713 E.0195
G1 X76.287 Y78.938 E.22858
G1 X76.287 Y78.363 E.01946
G1 X81.637 Y83.713 E.2561
G1 X82.213 Y83.713 E.0195
G1 X76.287 Y77.787 E.28367
G1 X76.287 Y77.211 E.0195
G1 X82.789 Y83.713 E.31125
G1 X83.364 Y83.713 E.01946
G1 X76.287 Y76.636 E.33877
G1 X76.187 Y76.157 E.01656
;WIDTH:0.38292
G1 X76.168 Y76.228 E.00208
G1 X76.239 Y76.209 E.00208
G1 X76.228 Y76.168 E.0012
;WIDTH:0.41646
G1 X76.372 Y76.228 E.00485
;WIDTH:0.449999
G1 X76.515 Y76.287 E.00524
G1 X83.713 Y83.485 E.34456
G1 X83.772 Y83.628 E.00524
;WIDTH:0.41646
G1 X83.832 Y83.772 E.00485
;WIDTH:0.38292
G1 X83.843 Y83.813 E.0012
G1 X83.772 Y83.832 E.00208
G1 X83.791 Y83.761 E.00208
G1 X83.713 Y82.909 F3000
;WIDTH:0.449999
G1 F1500
G1 X77.091 Y76.287 E.31699
G1 X77.666 Y76.287 E.01946
G1 X83.713 Y82.334 E.28947
G1 X83.713 Y81.758 E.0195
G1 X78.242 Y76.287 E.26189
G1 X78.818 Y76.287 E.0195
G1 X83.713 Y81.182 E.23432
G1 X83.713 Y80.607 E.01946
G1 X79.393 Y76.287 E.2068
G1 X79.969 Y76.287 E.0195
G1 X83.713 Y80.031 E.17922
G1 X83.713 Y79.455 E.0195
G1 X80.545 Y76.287 E.15165
G1 X81.12 Y76.287 E.01946
G1 X83.713 Y78.88 E.12413
G1 X83.875 Y78.419 E.01654
;WIDTH:0.38292
G1 X83.856 Y78.49 E.00208
G1 X83.927 Y78.471 E.00208
G1 X83.916 Y78.43 E.0012
;WIDTH:0.41646
G1 X83.815 Y78.367 E.0037
;WIDTH:0.449999
G1 X83.713 Y78.304 E.00406
G1 X81.696 Y76.287 E.09655
G1 X81.633 Y76.185 E.00406
;WIDTH:0.41646
G1 X81.57 Y76.084 E.0037
;WIDTH:0.38292
G1 X81.581 Y76.125 E.0012
G1 X81.51 Y76.144 E.00208
G1 X81.529 Y76.073 E.00208
;WIDTH:0.449999
G1 X82.272 Y76.287 E.02617
G1 X83.713 Y76.287 E.04878
G1 X83.713 Y77.728 E.04878
G1 X82.416 Y76.431 E.06209
G1 X83.276 Y76.657 F3000
;WIDTH:0.47984
G1 F1500
G1 X83.238 Y76.695 E.00195
G1 X83.252 Y76.748 E.00199
G1 X83.305 Y76.762 E.00199
G1 X83.343 Y76.724 E.00195
G1 X83.329 Y76.671 E.00199
;LAYER_CHANGE
;Z:16
;HEIGHT:0.2
G1 E-1 F1800
G1 Z16 F300
G92 E0
G1 X83.918 Y83.918 F3000
G1 E1 F1800
;TYPE:Perimeter
;WIDTH:0.449999
G1 F900
G1 X76.082 Y83.918 E.26524
G1 X76.082 Y76.082 E.26524
G1 X83.918 Y76.082 E.26524
G1 X83.918 Y83.858 E.26321
G1 X84.325 Y84.325 F3000
;TYPE:External perimeter
G1 F900
G1 X75.675 Y84.325 E.29279
G1 X75.675 Y75.675 E.29279
G1 X84.325 Y75.675 E.29279
G1 X84.325 Y84.265 E.29076
G1 X83.929 Y84.324 F3000
G1 E-1 F1800
G1 X76.498 Y76.42 F3000
G1 E1 F1800
;TYPE:Solid infill
;WIDTH:0.548766
G1 F1500
G1 X76.453 Y76.376 E.00265
G1 X76.392 Y76.392 E.00265
G1 X76.376 Y76.453 E.00265
G1 X76.42 Y76.498 E.00265
G1 X76.481 Y76.481 E.00266
G1 X76.255 Y77.277 F3000
;WIDTH:0.38292
G1 F1500
G1 X76.184 Y77.258 E.00208
G1 X76.203 Y77.329 E.00208
G1 X76.244 Y77.318 E.0012
;WIDTH:0.41646
G1 X76.316 Y77.225 E.00365
;WIDTH:0.449999
G1 X76.387 Y77.132 E.00396
G1 X77.132 Y76.387 E.03566
G1 X77.225 Y76.316 E.00396
;WIDTH:0.41646
G1 X77.318 Y76.244 E.00365
;WIDTH:0.38292
G1 X77.277 Y76.255 E.0012
G1 X77.258 Y76.184 E.00208
G1 X77.329 Y76.203 E.00208
;WIDTH:0.449999
G1 X77.707 Y76.387 E.01423
G1 X76.387 Y77.707 E.06319
G1 X76.387 Y78.283 E.0195
G1 X78.283 Y76.387 E.09076
G1 X78.859 Y76.387 E.0195
G1 X76.387 Y78.859 E.11833
G1 X76.387 Y79.434 E.01946
G1 X79.434 Y76.387 E.14586
G1 X80.01 Y76.387 E.0195
G1 X76.387 Y80.01 E.17343
G1 X76.387 Y80.586 E.0195
G1 X80.586 Y76.387 E.201
G1 X81.162 Y76.387 E.0195
G1 X76.387 Y81.162 E.22858
G1 X76.387 Y81.737 E.01946
G1 X81.737 Y76.387 E.2561
G1 X82.313 Y76.387 E.0195
G1 X76.387 Y82.313 E.28367
G1 X76.387 Y82.889 E.0195
G1 X82.889 Y76.387 E.31125
G1 X83.464 Y76.387 E.01946
G1 X76.387 Y83.464 E.33877
G1 X76.348 Y83.608 E.00505
;WIDTH:0.41646
G1 X76.309 Y83.751 E.0046
;WIDTH:0.38292
G1 X76.268 Y83.762 E.0012
G1 X76.249 Y83.691 E.00208
G1 X76.32 Y83.71 E.00208
;WIDTH:0.449999
G1 X76.815 Y83.613 E.01707
G1 X83.613 Y76.815 E.32542
G1 X83.613 Y77.391 E.0195
G1 X77.391 Y83.613 E.29784
G1 X77.966 Y83.613 E.01946
G1 X83.613 Y77.966 E.27032
G1 X83.613 Y78.542 E.0195
G1 X78.542 Y83.613 E.24275
G1 X79.118 Y83.613 E.0195
G1 X83.613 Y79.118 E.21517
G1 X83.613 Y79.693 E.01946
G1 X79.693 Y83.613 E.18765
G1 X80.269 Y83.613 E.0195
G1 X83.613 Y80.269 E.16008
G1 X83.613 Y80.845 E.0195
G1 X80.845 Y83.613 E.1325
G1 X81.305 Y83.775 E.01651
;WIDTH:0.38292
G1 X81.234 Y83.756 E.00208
G1 X81.253 Y83.827 E.00208
G1 X81.294 Y83.816 E.0012
;WIDTH:0.41646
G1 X81.357 Y83.715 E.0037
;WIDTH:0.449999
G1 X81.42 Y83.613 E.00406
G1 X83.613 Y81.42 E.10498
G1 X83.715 Y81.357 E.00406
;WIDTH:0.41646
G1 X83.816 Y81.294 E.0037
;WIDTH:0.38292
G1 X83.775 Y81.305 E.0012
G1 X83.756 Y81.234 E.00208
G1 X83.827 Y81.253 E.00208
;WIDTH:0.449999
G1 X83.613 Y81.996 E.02617
G1 X83.613 Y83.613 E.05473
G1 X81.996 Y83.613 E.05473
G1 X83.469 Y82.14 E.07051
G1 X83.204 Y83.122 F3000
;WIDTH:0.582758
G1 F1500
G1 X83.157 Y83.074 E.00302
G1 X83.091 Y83.091 E.00306
G1 X83.074 Y83.157 E.00306
G1 X83.122 Y83.204 E.00302
G1 X83.187 Y83.187 E.00302
;LAYER_CHANGE
;Z:16.2
;HEIGHT:0.200001
G1 E-1 F1800
G1 Z16.2 F300
G92 E0
G1 X83.818 Y83.818 F3000
G1 E1 F1800
;TYPE:Perimeter
;WIDTH:0.449999
G1 F900
G1 X76.182 Y83.818 E.25847
G1 X76.182 Y76.182 E.25847
G1 X83.818 Y76.182 E.25847
G1 X83.818 Y83.758 E.25644
G1 X84.225 Y84.225 F3000
;TYPE:External perimeter
G1 F900
G1 X75.775 Y84.225 E.28602
G1 X75.775 Y75.775 E.28602
G1 X84.225 Y75.775 E.28602
G1 X84.225 Y84.165 E.28399
G1 X83.829 Y84.224 F3000
G1 E-1 F1800
G1 X76.52 Y83.402 F3000
G1 E1 F1800
;TYPE:Solid infill
;WIDTH:0.548766
G1 F1500
G1 X76.476 Y83.447 E.00265
G1 X76.492 Y83.508 E.00265
G1 X76.553 Y83.524 E.00265
G1 X76.598 Y83.48 E.00265
G1 X76.581 Y83.419 E.00266
;WIDTH:0.449999
G1 X76.487 Y82.768 E.02226
G1 X77.232 Y83.513 E.03566
G1 X77.807 Y83.513 E.01946
G1 X76.487 Y82.193 E.06319
G1 X76.487 Y81.617 E.0195
G1 X78.383 Y83.513 E.09076
G1 X78.959 Y83.513 E.0195
G1 X76.487 Y81.041 E.11833
G1 X76.487 Y80.466 E.01946
G1 X79.534 Y83.513 E.14586
G1 X80.11 Y83.513 E.0195
G1 X76.487 Y79.89 E.17343
G1 X76.487 Y79.314 E.0195
G1 X80.686 Y83.513 E.201
G1 X81.262 Y83.513 E.0195
G1 X76.487 Y78.738 E.22858
G1 X76.487 Y78.163 E.01946
G1 X81.837 Y83.513 E.2561
G1 X82.413 Y83.513 E.0195
G1 X76.487 Y77.587 E.28367
G1 X76.487 Y77.011 E.0195
G1 X82.989 Y83.513 E.31125
G1 X83.552 Y83.666 E.01975
;WIDTH:0.38292
G1 X83.66 Y83.66 E.00306
;WIDTH:0.41646
G1 X83.587 Y83.561 E.00382
;WIDTH:0.449999
G1 X83.513 Y83.461 E.00421
G1 X76.539 Y76.487 E.33384
G1 X76.439 Y76.413 E.00421
;WIDTH:0.41646
G1 X76.34 Y76.34 E.00382
;WIDTH:0.38292
G1 X76.334 Y76.448 E.00306
;WIDTH:0.449999
G1 X77.115 Y76.487 E.02647
G1 X83.513 Y82.885 E.30627
G1 X83.513 Y82.309 E.0195
G1 X77.691 Y76.487 E.2787
G1 X78.266 Y76.487 E.01946
G1 X83.513 Y81.734 E.25117
G1 X83.513 Y81.158 E.0195
G1 X78.842 Y76.487 E.2236
G1 X79.418 Y76.487 E.0195
G1 X83.513 Y80.582 E.19603
G1 X83.513 Y80.007 E.01946
G1 X79.993 Y76.487 E.1685
G1 X80.569 Y76.487 E.0195
G1 X83.513 Y79.431 E.14093
G1 X83.513 Y78.855 E.0195
G1 X81.145 Y76.487 E.11335
G1 X81.553 Y76.273 E.01559
;WIDTH:0.38292
G1 X81.534 Y76.344 E.00208
G1 X81.605 Y76.325 E.00208
G1 X81.594 Y76.284 E.0012
;WIDTH:0.41646
G1 X81.657 Y76.386 E.00372
;WIDTH:0.449999
G1 X81.72 Y76.487 E.00403
G1 X83.513 Y78.28 E.08583
G1 X83.615 Y78.343 E.00406
;WIDTH:0.41646
G1 X83.716 Y78.406 E.0037
;WIDTH:0.38292
G1 X83.727 Y78.447 E.0012
G1 X83.656 Y78.466 E.00208
G1 X83.675 Y78.395 E.00208
G1 X82.624 Y76.708 F3000
;WIDTH:0.60276
G1 F1500
G1 X83.436 Y77.519 E.05342
G1 X83.436 Y76.564 E.04446
G1 X82.481 Y76.564 E.04446
;LAYER_CHANGE
;Z:16.4
;HEIGHT:0.199999
G1 E-1 F1800
G1 Z16.4 F300
G92 E0
G1 X83.718 Y83.718 F3000
G1 E1 F1800
;TYPE:Perimeter
;WIDTH:0.449999
G1 F900
G1 X76.282 Y83.718 E.2517
G1 X76.282 Y76.282 E.2517
G1 X83.718 Y76.282 E.2517
G1 X83.718 Y83.658 E.24967
G1 X84.125 Y84.125 F3000
;TYPE:External perimeter
G1 F900
G1 X75.875 Y84.125 E.27925
G1 X75.875 Y75.875 E.27925
G1 X84.125 Y75.875 E.27925
G1 X84.125 Y84.065 E.27722
G1 X83.729 Y84.124 F3000
G1 E-1 F1800
G1 X76.698 Y76.62 F3000
G1 E1 F1800
;TYPE:Solid infill
;WIDTH:0.548766
G1 F1500
G1 X76.653 Y76.576 E.00265
G1 X76.592 Y76.592 E.00265
G1 X76.576 Y76.653 E.00265
G1 X76.62 Y76.698 E.00265
G1 X76.681 Y76.681 E.00266
;WIDTH:0.449999
G1 X76.587 Y77.332 E.02226
G1 X77.332 Y76.587 E.03566
G1 X77.907 Y76.587 E.01946
G1 X76.587 Y77.907 E.06319
G1 X76.587 Y78.483 E.0195
G1 X78.483 Y76.587 E.09076
G1 X79.059 Y76.587 E.0195
G1 X76.587 Y79.059 E.11833
G1 X76.587 Y79.634 E.01946
G1 X79.634 Y76.587 E.14586
G1 X80.21 Y76.587 E.0195
G1 X76.587 Y80.21 E.17343
G1 X76.587 Y80.786 E.0195
G1 X80.786 Y76.587 E.201
G1 X81.362 Y76.587 E.0195
G1 X76.587 Y81.362 E.22858
G1 X76.587 Y81.937 E.01946
G1 X81.937 Y76.587 E.2561
G1 X82.513 Y76.587 E.0195
G1 X76.587 Y82.513 E.28367
G1 X76.531 Y83.529 F3000
;WIDTH:0.38292
G1 F1500
G1 X76.49 Y83.54 E.0012
G1 X76.471 Y83.469 E.00208
G1 X76.542 Y83.488 E.00208
;WIDTH:0.41646
G1 X76.565 Y83.288 E.00625
;WIDTH:0.449999
G1 X76.587 Y83.089 E.00678
G1 X83.089 Y76.587 E.31125
G1 X83.54 Y76.49 E.01561
;WIDTH:0.38292
G1 X83.469 Y76.471 E.00208
G1 X83.488 Y76.542 E.00208
G1 X83.529 Y76.531 E.0012
;WIDTH:0.41646
G1 X83.471 Y76.685 E.00511
;WIDTH:0.449999
G1 X83.413 Y76.839 E.00557
G1 X76.839 Y83.413 E.31469
G1 X77.415 Y83.413 E.0195
G1 X83.413 Y77.415 E.28712
G1 X83.413 Y77.991 E.0195
G1 X77.991 Y83.413 E.25955
G1 X78.566 Y83.413 E.01946
G1 X83.413 Y78.566 E.23202
G1 X83.413 Y79.142 E.0195
G1 X79.142 Y83.413 E.20445
G1 X79.718 Y83.413 E.0195
G1 X83.413 Y79.718 E.17688
G1 X83.413 Y80.293 E.01946
G1 X80.293 Y83.413 E.14935
G1 X80.869 Y83.413 E.0195
G1 X83.413 Y80.869 E.12178
G1 X83.627 Y81.277 E.01559
;WIDTH:0.38292
G1 X83.556 Y81.258 E.00208
G1 X83.575 Y81.329 E.00208
G1 X83.616 Y81.318 E.0012
;WIDTH:0.41646
G1 X83.515 Y81.382 E.00371
;WIDTH:0.449999
G1 X83.413 Y81.445 E.00406
G1 X81.445 Y83.413 E.09421
G1 X81.382 Y83.515 E.00406
;WIDTH:0.41646
G1 X81.318 Y83.616 E.00371
;WIDTH:0.38292
G1 X81.277 Y83.627 E.0012
G1 X81.258 Y83.556 E.00208
G1 X81.329 Y83.575 E.00208
G1 E-1 F1800
G1 X83.269 Y82.164 F3000
G1 E1 F1800
;WIDTH:0.449999
G1 F1500
G1 X82.02 Y83.413 E.05979
G1 X83.413 Y83.413 E.04715
G1 X83.413 Y82.02 E.04715
G1 X83.054 Y82.992 F3000
;WIDTH:0.451364
G1 F1500
G1 X83.018 Y82.956 E.00173
G1 X82.969 Y82.969 E.00172
G1 X82.956 Y83.018 E.00172
G1 X82.992 Y83.054 E.00173
G1 X83.041 Y83.041 E.00172
;LAYER_CHANGE
;Z:16.6
;HEIGHT:0.200001
G1 E-1 F1800
G1 Z16.6 F300
G92 E0
G1 X83.618 Y83.618 F3000
G1 E1 F1800
;TYPE:Perimeter
;WIDTH:0.449999
G1 F900
G1 X76.382 Y83.618 E.24493
G1 X76.382 Y76.382 E.24493
G1 X83.618 Y76.382 E.24493
G1 X83.618 Y83.558 E.2429
G1 X84.025 Y84.025 F3000
;TYPE:External perimeter
G1 F900
G1 X75.975 Y84.025 E.27248
G1 X75.975 Y75.975 E.27248
G1 X84.025 Y75.975 E.27248
G1 X84.025 Y83.965 E.27045
G1 X83.629 Y84.024 F3000
G1 E-1 F1800
G1 X76.72 Y83.202 F3000
G1 E1 F1800
;TYPE:Solid infill
;WIDTH:0.548766
G1 F1306
G1 X76.676 Y83.247 E.00265
G1 X76.692 Y83.308 E.00265
G1 X76.753 Y83.324 E.00265
G1 X76.798 Y83.28 E.00265
G1 X76.781 Y83.219 E.00266
G1 X77.577 Y83.445 F3000
;WIDTH:0.38292
G1 F1306
G1 X77.558 Y83.516 E.00208
G1 X77.629 Y83.497 E.00208
G1 X77.618 Y83.456 E.0012
;WIDTH:0.41646
G1 X77.525 Y83.384 E.00365
;WIDTH:0.449999
G1 X77.432 Y83.313 E.00396
G1 X76.687 Y82.568 E.03566
G1 X76.616 Y82.475 E.00396
;WIDTH:0.41646
G1 X76.544 Y82.382 E.00365
;WIDTH:0.38292
G1 X76.555 Y82.423 E.0012
G1 X76.484 Y82.442 E.00208
G1 X76.503 Y82.371 E.00208
;WIDTH:0.449999
G1 X76.687 Y81.993 E.01423
G1 X78.007 Y83.313 E.06319
G1 X78.583 Y83.313 E.0195
G1 X76.687 Y81.417 E.09076
G1 X76.687 Y80.841 E.0195
G1 X79.159 Y83.313 E.11833
G1 X79.734 Y83.313 E.01946
G1 X76.687 Y80.266 E.14586
G1 X76.687 Y79.69 E.0195
G1 X80.31 Y83.313 E.17343
G1 X80.886 Y83.313 E.0195
G1 X76.687 Y79.114 E.201
G1 X76.687 Y78.538 E.0195
G1 X81.462 Y83.313 E.22858
G1 X82.037 Y83.313 E.01946
G1 X76.687 Y77.963 E.2561
G1 X76.687 Y77.387 E.0195
G1 X82.613 Y83.313 E.28367
G1 X83.46 Y83.4 F3000
;WIDTH:0.38292
G1 F1306
G1 X83.471 Y83.441 E.0012
G1 X83.4 Y83.46 E.00208
G1 X83.419 Y83.389 E.00208
;WIDTH:0.41646
G1 X83.304 Y83.351 E.00376
;WIDTH:0.449999
G1 X83.189 Y83.313 E.0041
G1 X76.687 Y76.811 E.31125
G1 X77.139 Y76.687 E.01586
G1 X83.313 Y82.861 E.29555
G1 X83.313 Y82.285 E.0195
G1 X77.715 Y76.687 E.26797
G1 X78.291 Y76.687 E.0195
G1 X83.313 Y81.709 E.2404
G1 X83.313 Y81.134 E.01946
G1 X78.866 Y76.687 E.21288
G1 X79.442 Y76.687 E.0195
G1 X83.313 Y80.558 E.1853
G1 X83.313 Y79.982 E.0195
G1 X80.018 Y76.687 E.15773
G1 X80.593 Y76.687 E.01946
G1 X83.313 Y79.407 E.1302
G1 X83.313 Y78.831 E.0195
G1 X81.169 Y76.687 E.10263
G1 X83.313 Y76.687 E.07257
G1 X83.313 Y78.255 E.05307
G1 X81.889 Y76.831 E.06817
G1 X82.837 Y77.085 F3000
;WIDTH:0.554286
G1 F1306
G1 X82.792 Y77.13 E.00271
G1 X82.808 Y77.192 E.00272
G1 X82.87 Y77.208 E.00272
G1 X82.915 Y77.163 E.00271
G1 X82.899 Y77.101 E.00272
;LAYER_CHANGE
;Z:16.8
;HEIGHT:0.199999
G1 E-1 F1800
G1 Z16.8 F300
G92 E0
G1 X83.518 Y83.518 F3000
G1 E1 F1800
;TYPE:Perimeter
;WIDTH:0.449999
G1 F900
G1 X76.482 Y83.518 E.23816
G1 X76.482 Y76.482 E.23816
G1 X83.518 Y76.482 E.23816
G1 X83.518 Y83.458 E.23613
G1 X83.925 Y83.925 F3000
;TYPE:External perimeter
G1 F900
G1 X76.075 Y83.925 E.26571
G1 X76.075 Y76.075 E.26571
G1 X83.925 Y76.075 E.26571
G1 X83.925 Y83.865 E.26368
G1 X83.529 Y83.924 F3000
G1 E-1 F1800
G1 X76.898 Y76.82 F3000
G1 E1 F1800
;TYPE:Solid infill
;WIDTH:0.548766
G1 F1245
G1 X76.853 Y76.776 E.00265
G1 X76.792 Y76.792 E.00265
G1 X76.776 Y76.853 E.00265
G1 X76.82 Y76.898 E.00265
G1 X76.881 Y76.881 E.00266
;WIDTH:0.449999
G1 X76.787 Y77.532 E.02226
G1 X77.532 Y76.787 E.03566
G1 X78.107 Y76.787 E.01946
G1 X76.787 Y78.107 E.06319
G1 X76.787 Y78.683 E.0195
G1 X78.683 Y76.787 E.09076
G1 X79.259 Y76.787 E.0195
G1 X76.787 Y79.259 E.11833
G1 X76.787 Y79.834 E.01946
G1 X79.834 Y76.787 E.14586
G1 X80.41 Y76.787 E.0195
G1 X76.787 Y80.41 E.17343
G1 X76.787 Y80.986 E.0195
G1 X80.986 Y76.787 E.201
G1 X81.562 Y76.787 E.0195
G1 X76.787 Y81.562 E.22858
G1 X76.787 Y82.137 E.01946
G1 X82.137 Y76.787 E.2561
G1 X82.713 Y76.787 E.0195
G1 X76.787 Y82.713 E.28367
G1 X76.634 Y83.134 E.01516
;WIDTH:0.38292
G1 X76.651 Y83.349 E.0061
;WIDTH:0.41646
G1 X76.757 Y83.281 E.00391
;WIDTH:0.449999
G1 X76.863 Y83.213 E.00426
G1 X83.213 Y76.863 E.30397
G1 X83.281 Y76.757 E.00426
;WIDTH:0.41646
G1 X83.349 Y76.651 E.00391
;WIDTH:0.38292
G1 X83.134 Y76.634 E.0061
;WIDTH:0.449999
G1 X83.213 Y77.439 E.02738
G1 X77.439 Y83.213 E.2764
G1 X78.015 Y83.213 E.0195
G1 X83.213 Y78.015 E.24883
G1 X83.213 Y78.591 E.0195
G1 X78.591 Y83.213 E.22125
G1 X79.166 Y83.213 E.01946
G1 X83.213 Y79.166 E.19373
G1 X83.213 Y79.742 E.0195
G1 X79.742 Y83.213 E.16615
G1 X80.318 Y83.213 E.0195
G1 X83.213 Y80.318 E.13858
G1 X83.213 Y80.893 E.01946
G1 X80.893 Y83.213 E.11106
G1 X81.469 Y83.213 E.0195
G1 X83.213 Y81.469 E.08348
G1 X83.143 Y82.212 E.02526
;WIDTH:0.588523
G1 X83.143 Y83.143 E.04224
G1 X82.212 Y83.143 E.04224
G1 X82.999 Y82.356 E.05049
;LAYER_CHANGE
;Z:17
;HEIGHT:0.200001
G1 E-1 F1800
G1 Z17 F300
G92 E0
G1 X83.418 Y83.418 F3000
G1 E1 F1800
;TYPE:Perimeter
;WIDTH:0.449999
G1 F900
G1 X76.582 Y83.418 E.23139
G1 X76.582 Y76.582 E.23139
G1 X83.418 Y76.582 E.23139
G1 X83.418 Y83.358 E.22936
G1 X83.825 Y83.825 F3000
;TYPE:External perimeter
G1 F900
G1 X76.175 Y83.825 E.25894
G1 X76.175 Y76.175 E.25894
G1 X83.825 Y76.175 E.25894
G1 X83.825 Y83.765 E.25691
G1 X83.429 Y83.824 F3000
G1 E-1 F1800
G1 X76.92 Y83.002 F3000
G1 E1 F1800
;TYPE:Solid infill
;WIDTH:0.548766
G1 F1144
G1 X76.876 Y83.047 E.00265
G1 X76.892 Y83.108 E.00265
G1 X76.953 Y83.124 E.00265
G1 X76.998 Y83.08 E.00265
G1 X76.981 Y83.019 E.00266
G1 X77.777 Y83.245 F3000
;WIDTH:0.38292
G1 F1144
G1 X77.758 Y83.316 E.00208
G1 X77.829 Y83.297 E.00208
G1 X77.818 Y83.256 E.0012
;WIDTH:0.41646
G1 X77.725 Y83.184 E.00365
;WIDTH:0.449999
G1 X77.632 Y83.113 E.00396
G1 X76.887 Y82.368 E.03566
G1 X76.816 Y82.275 E.00396
;WIDTH:0.41646
G1 X76.744 Y82.182 E.00365
;WIDTH:0.38292
G1 X76.755 Y82.223 E.0012
G1 X76.684 Y82.242 E.00208
G1 X76.703 Y82.171 E.00208
;WIDTH:0.449999
G1 X76.887 Y81.793 E.01423
G1 X78.207 Y83.113 E.06319
G1 X78.783 Y83.113 E.0195
G1 X76.887 Y81.217 E.09076
G1 X76.887 Y80.641 E.0195
G1 X79.359 Y83.113 E.11833
G1 X79.934 Y83.113 E.01946
G1 X76.887 Y80.066 E.14586
G1 X76.887 Y79.49 E.0195
G1 X80.51 Y83.113 E.17343
G1 X81.086 Y83.113 E.0195
G1 X76.887 Y78.914 E.201
G1 X76.887 Y78.338 E.0195
G1 X81.662 Y83.113 E.22858
G1 X82.237 Y83.113 E.01946
G1 X76.887 Y77.763 E.2561
G1 X76.887 Y77.187 E.0195
G1 X82.813 Y83.113 E.28367
G1 X83 Y83.134 E.00637
;WIDTH:0.41646
G1 X83.186 Y83.156 E.00582
;WIDTH:0.38292
G1 X83.167 Y83.227 E.00208
G1 X83.238 Y83.208 E.00208
G1 X83.227 Y83.167 E.0012
;WIDTH:0.449999
G1 X83.113 Y82.837 E.01182
G1 X77.163 Y76.887 E.28482
G1 X76.998 Y76.83 E.00591
;WIDTH:0.41646
G1 X76.833 Y76.773 E.00542
;WIDTH:0.38292
G1 X76.844 Y76.814 E.0012
G1 X76.773 Y76.833 E.00208
G1 X76.792 Y76.762 E.00208
G1 X77.739 Y76.887 F3000
;WIDTH:0.449999
G1 F1144
G1 X83.113 Y82.261 E.25725
G1 X83.113 Y81.685 E.0195
G1 X78.315 Y76.887 E.22968
G1 X78.891 Y76.887 E.0195
G1 X83.113 Y81.109 E.2021
G1 X83.113 Y80.534 E.01946
G1 X79.466 Y76.887 E.17458
G1 X80.042 Y76.887 E.0195
G1 X83.113 Y79.958 E.14701
G1 X83.113 Y79.382 E.0195
G1 X80.618 Y76.887 E.11943
G1 X81.026 Y76.673 E.01559
;WIDTH:0.38292
G1 X81.007 Y76.744 E.00208
G1 X81.078 Y76.725 E.00208
G1 X81.067 Y76.684 E.0012
;WIDTH:0.41646
G1 X81.13 Y76.785 E.0037
;WIDTH:0.449999
G1 X81.193 Y76.887 E.00406
G1 X83.113 Y78.807 E.09191
G1 X83.215 Y78.87 E.00406
;WIDTH:0.41646
G1 X83.316 Y78.933 E.0037
;WIDTH:0.38292
G1 X83.327 Y78.974 E.0012
G1 X83.256 Y78.993 E.00208
G1 X83.275 Y78.922 E.00208
G1 E-1 F1800
G1 X81.913 Y77.031 F3000
G1 E1 F1800
;WIDTH:0.449999
G1 F1144
G1 X83.113 Y78.231 E.05744
G1 X83.113 Y76.887 E.04549
G1 X81.769 Y76.887 E.04549
;LAYER_CHANGE
;Z:17.2
;HEIGHT:0.200001
G1 E-1 F1800
G1 Z17.2 F300
G92 E0
G1 X83.318 Y83.318 F3000
G1 E1 F1800
;TYPE:Perimeter
G1 F900
G1 X76.682 Y83.318 E.22462
G1 X76.682 Y76.682 E.22462
G1 X83.318 Y76.682 E.22462
G1 X83.318 Y83.258 E.22259
G1 X83.725 Y83.725 F3000
;TYPE:External perimeter
G1 F900
G1 X76.275 Y83.725 E.25217
G1 X76.275 Y76.275 E.25217
G1 X83.725 Y76.275 E.25217
G1 X83.725 Y83.665 E.25014
G1 X83.329 Y83.724 F3000
G1 E-1 F1800
G1 X77.098 Y77.02 F3000
G1 E1 F1800
;TYPE:Solid infill
;WIDTH:0.548766
G1 F1076
G1 X77.053 Y76.976 E.00265
G1 X76.992 Y76.992 E.00265
G1 X76.976 Y77.053 E.00265
G1 X77.02 Y77.098 E.00265
G1 X77.081 Y77.081 E.00266
G1 X76.855 Y77.877 F3000
;WIDTH:0.38292
G1 F1076
G1 X76.784 Y77.858 E.00208
G1 X76.803 Y77.929 E.00208
G1 X76.844 Y77.918 E.0012
;WIDTH:0.41646
G1 X76.916 Y77.825 E.00365
;WIDTH:0.449999
G1 X76.987 Y77.732 E.00396
G1 X77.732 Y76.987 E.03566
G1 X77.825 Y76.916 E.00396
;WIDTH:0.41646
G1 X77.918 Y76.844 E.00365
;WIDTH:0.38292
G1 X77.877 Y76.855 E.0012
G1 X77.858 Y76.784 E.00208
G1 X77.929 Y76.803 E.00208
;WIDTH:0.449999
G1 X78.307 Y76.987 E.01423
G1 X76.987 Y78.307 E.06319
G1 X76.987 Y78.883 E.0195
G1 X78.883 Y76.987 E.09076
G1 X79.459 Y76.987 E.0195
G1 X76.987 Y79.459 E.11833
G1 X76.987 Y80.034 E.01946
G1 X80.034 Y76.987 E.14586
G1 X80.61 Y76.987 E.0195
G1 X76.987 Y80.61 E.17343
G1 X76.987 Y81.186 E.0195
G1 X81.186 Y76.987 E.201
G1 X81.762 Y76.987 E.0195
G1 X76.987 Y81.762 E.22858
G1 X76.987 Y82.337 E.01946
G1 X82.337 Y76.987 E.2561
G1 X82.913 Y76.987 E.0195
G1 X76.987 Y82.913 E.28367
G1 X76.939 Y83.041 E.00463
;WIDTH:0.41646
G1 X76.891 Y83.169 E.00425
;WIDTH:0.38292
G1 X76.85 Y83.18 E.0012
G1 X76.831 Y83.109 E.00208
G1 X76.902 Y83.128 E.00208
;WIDTH:0.449999
G1 X77.463 Y83.013 E.01938
G1 X83.013 Y77.463 E.26568
G1 X83.013 Y78.039 E.0195
G1 X78.039 Y83.013 E.2381
G1 X78.615 Y83.013 E.0195
G1 X83.013 Y78.615 E.21053
G1 X83.013 Y79.191 E.0195
G1 X79.191 Y83.013 E.18296
G1 X79.766 Y83.013 E.01946
G1 X83.013 Y79.766 E.15543
G1 X83.013 Y80.342 E.0195
G1 X80.342 Y83.013 E.12786
G1 X80.802 Y83.175 E.01651
;WIDTH:0.38292
G1 X80.731 Y83.156 E.00208
G1 X80.75 Y83.227 E.00208
G1 X80.791 Y83.216 E.0012
;WIDTH:0.41646
G1 X80.855 Y83.115 E.00371
;WIDTH:0.449999
G1 X80.918 Y83.013 E.00406
G1 X83.013 Y80.918 E.10029
G1 X83.115 Y80.855 E.00406
;WIDTH:0.41646
G1 X83.216 Y80.791 E.00371
;WIDTH:0.38292
G1 X83.175 Y80.802 E.0012
G1 X83.156 Y80.731 E.00208
G1 X83.227 Y80.75 E.00208
;WIDTH:0.449999
G1 X83.013 Y81.493 E.02617
G1 X83.013 Y83.013 E.05145
G1 X81.493 Y83.013 E.05145
G1 X82.869 Y81.637 E.06587
G1 X82.626 Y82.552 F3000
;WIDTH:0.525812
G1 F1076
G1 X82.583 Y82.509 E.00244
G1 X82.525 Y82.525 E.00242
G1 X82.509 Y82.583 E.00242
G1 X82.552 Y82.626 E.00244
G1 X82.61 Y82.61 E.00242
;LAYER_CHANGE
;Z:17.4
;HEIGHT:0.199999
G1 E-1 F1800
G1 Z17.4 F300
G92 E0
G1 X83.218 Y83.218 F3000
G1 E1 F1800
;TYPE:Perimeter
;WIDTH:0.449999
G1 F900
G1 X76.782 Y83.218 E.21785
G1 X76.782 Y76.782 E.21785
G1 X83.218 Y76.782 E.21785
G1 X83.218 Y83.158 E.21582
G1 X83.625 Y83.625 F3000
;TYPE:External perimeter
G1 F900
G1 X76.375 Y83.625 E.2454
G1 X76.375 Y76.375 E.2454
G1 X83.625 Y76.375 E.2454
G1 X83.625 Y83.565 E.24337
G1 X83.229 Y83.624 F3000
G1 E-1 F1800
G1 X77.12 Y82.802 F3000
G1 E1 F1800
;TYPE:Solid infill
;WIDTH:0.548766
G1 F958
G1 X77.076 Y82.847 E.00265
G1 X77.092 Y82.908 E.00265
G1 X77.153 Y82.924 E.00265
G1 X77.198 Y82.88 E.00265
G1 X77.181 Y82.819 E.00266
G1 X77.977 Y83.045 F3000
;WIDTH:0.38292
G1 F958
G1 X77.958 Y83.116 E.00208
G1 X78.029 Y83.097 E.00208
G1 X78.018 Y83.056 E.0012
;WIDTH:0.41646
G1 X77.925 Y82.984 E.00365
;WIDTH:0.449999
G1 X77.832 Y82.913 E.00396
G1 X77.087 Y82.168 E.03566
G1 X77.016 Y82.075 E.00396
;WIDTH:0.41646
G1 X76.944 Y81.982 E.00365
;WIDTH:0.38292
G1 X76.955 Y82.023 E.0012
G1 X76.884 Y82.042 E.00208
G1 X76.903 Y81.971 E.00208
;WIDTH:0.449999
G1 X77.087 Y81.593 E.01423
G1 X78.407 Y82.913 E.06319
G1 X78.983 Y82.913 E.0195
G1 X77.087 Y81.017 E.09076
G1 X77.087 Y80.441 E.0195
G1 X79.559 Y82.913 E.11833
G1 X80.134 Y82.913 E.01946
G1 X77.087 Y79.866 E.14586
G1 X77.087 Y79.29 E.0195
G1 X80.71 Y82.913 E.17343
G1 X81.286 Y82.913 E.0195
G1 X77.087 Y78.714 E.201
G1 X77.087 Y78.138 E.0195
G1 X81.862 Y82.913 E.22858
G1 X82.437 Y82.913 E.01946
G1 X77.087 Y77.563 E.2561
G1 X76.95 Y76.92 E.02225
;WIDTH:0.38292
G1 X76.931 Y76.991 E.00208
G1 X77.002 Y76.972 E.00208
G1 X76.991 Y76.931 E.0012
;WIDTH:0.41646
G1 X77.089 Y77.009 E.00389
;WIDTH:0.449999
G1 X77.188 Y77.087 E.00427
G1 X82.913 Y82.812 E.27405
G1 X82.991 Y82.911 E.00427
;WIDTH:0.41646
G1 X83.069 Y83.009 E.00389
;WIDTH:0.38292
G1 X83.08 Y83.05 E.0012
G1 X83.009 Y83.069 E.00208
G1 X83.028 Y82.998 E.00208
;WIDTH:0.449999
G1 X82.913 Y82.237 E.02605
G1 X77.763 Y77.087 E.24653
G1 X78.339 Y77.087 E.0195
G1 X82.913 Y81.661 E.21895
G1 X82.913 Y81.085 E.0195
G1 X78.915 Y77.087 E.19138
G1 X79.491 Y77.087 E.0195
G1 X82.913 Y80.509 E.16381
G1 X82.913 Y79.934 E.01946
G1 X80.066 Y77.087 E.13628
G1 X80.642 Y77.087 E.0195
G1 X82.913 Y79.358 E.10871
G1 X83.075 Y78.898 E.01651
;WIDTH:0.38292
G1 X83.056 Y78.969 E.00208
G1 X83.127 Y78.95 E.00208
G1 X83.116 Y78.909 E.0012
;WIDTH:0.41646
G1 X83.015 Y78.845 E.00371
;WIDTH:0.449999
G1 X82.913 Y78.782 E.00406
G1 X81.218 Y77.087 E.08114
G1 X81.155 Y76.985 E.00406
;WIDTH:0.41646
G1 X81.091 Y76.884 E.00371
;WIDTH:0.38292
G1 X81.102 Y76.925 E.0012
G1 X81.031 Y76.944 E.00208
G1 X81.05 Y76.873 E.00208
G1 X81.943 Y77.15 F3000
;WIDTH:0.574288
G1 F958
G1 X82.85 Y77.15 E.04007
G1 X82.85 Y78.057 E.04007
G1 X82.087 Y77.293 E.04771
;LAYER_CHANGE
;Z:17.6
;HEIGHT:0.200001
G1 E-1 F1800
G1 Z17.6 F300
G92 E0
G1 X83.118 Y83.118 F3000
G1 E1 F1800
;TYPE:Perimeter
;WIDTH:0.449999
G1 F900
G1 X76.882 Y83.118 E.21108
G1 X76.882 Y76.882 E.21108
G1 X83.118 Y76.882 E.21108
G1 X83.118 Y83.058 E.20905
G1 X83.525 Y83.525 F3000
;TYPE:External perimeter
G1 F900
G1 X76.475 Y83.525 E.23863
G1 X76.475 Y76.475 E.23863
G1 X83.525 Y76.475 E.23863
G1 X83.525 Y83.465 E.2366
G1 X83.129 Y83.524 F3000
G1 E-1 F1800
G1 X77.298 Y77.22 F3000
G1 E1 F1800
;TYPE:Solid infill
;WIDTH:0.548766
G1 F918
G1 X77.253 Y77.176 E.00265
G1 X77.192 Y77.192 E.00265
G1 X77.176 Y77.253 E.00265
G1 X77.22 Y77.298 E.00265
G1 X77.281 Y77.281 E.00266
G1 X77.055 Y78.077 F3000
;WIDTH:0.38292
G1 F918
G1 X76.984 Y78.058 E.00208
G1 X77.003 Y78.129 E.00208
G1 X77.044 Y78.118 E.0012
;WIDTH:0.41646
G1 X77.116 Y78.025 E.00365
;WIDTH:0.449999
G1 X77.187 Y77.932 E.00396
G1 X77.932 Y77.187 E.03566
G1 X78.025 Y77.116 E.00396
;WIDTH:0.41646
G1 X78.118 Y77.044 E.00365
;WIDTH:0.38292
G1 X78.077 Y77.055 E.0012
G1 X78.058 Y76.984 E.00208
G1 X78.129 Y77.003 E.00208
;WIDTH:0.449999
G1 X78.507 Y77.187 E.01423
G1 X77.187 Y78.507 E.06319
G1 X77.187 Y79.083 E.0195
G1 X79.083 Y77.187 E.09076
G1 X79.659 Y77.187 E.0195
G1 X77.187 Y79.659 E.11833
G1 X77.187 Y80.234 E.01946
G1 X80.234 Y77.187 E.14586
G1 X80.81 Y77.187 E.0195
G1 X77.187 Y80.81 E.17343
G1 X77.187 Y81.386 E.0195
G1 X81.386 Y77.187 E.201
G1 X81.962 Y77.187 E.0195
G1 X77.187 Y81.962 E.22858
G1 X77.133 Y82.927 F3000
;WIDTH:0.38292
G1 F918
G1 X77.092 Y82.938 E.0012
G1 X77.073 Y82.867 E.00208
G1 X77.144 Y82.886 E.00208
;WIDTH:0.41646
G1 X77.166 Y82.712 E.00545
;WIDTH:0.449999
G1 X77.187 Y82.537 E.00597
G1 X82.537 Y77.187 E.2561
G1 X82.732 Y77.16 E.00666
;WIDTH:0.41646
G1 X82.927 Y77.133 E.00611
;WIDTH:0.38292
G1 X82.886 Y77.144 E.0012
G1 X82.867 Y77.073 E.00208
G1 X82.938 Y77.092 E.00208
;WIDTH:0.449999
G1 X82.813 Y77.488 E.01406
G1 X77.488 Y82.813 E.2549
G1 X78.063 Y82.813 E.01946
G1 X82.813 Y78.063 E.22738
G1 X82.813 Y78.639 E.0195
G1 X78.639 Y82.813 E.19981
G1 X79.215 Y82.813 E.0195
G1 X82.813 Y79.215 E.17223
G1 X82.813 Y79.791 E.0195
G1 X79.791 Y82.813 E.14466
G1 X80.366 Y82.813 E.01946
G1 X82.813 Y80.366 E.11714
G1 X83.027 Y80.775 E.01562
;WIDTH:0.38292
G1 X82.956 Y80.756 E.00208
G1 X82.975 Y80.827 E.00208
G1 X83.016 Y80.816 E.0012
;WIDTH:0.41646
G1 X82.915 Y80.879 E.0037
;WIDTH:0.449999
G1 X82.813 Y80.942 E.00406
G1 X80.942 Y82.813 E.08956
G1 X80.879 Y82.915 E.00406
;WIDTH:0.41646
G1 X80.816 Y83.016 E.0037
;WIDTH:0.38292
G1 X80.775 Y83.027 E.0012
G1 X80.756 Y82.956 E.00208
G1 X80.827 Y82.975 E.00208
G1 E-1 F1800
G1 X82.669 Y81.662 F3000
G1 E1 F1800
;WIDTH:0.449999
G1 F918
G1 X81.518 Y82.813 E.0551
G1 X82.813 Y82.813 E.04383
G1 X82.813 Y81.518 E.04383
;LAYER_CHANGE
;Z:17.8
;HEIGHT:0.199999
G1 E-1 F1800
G1 Z17.8 F300
G92 E0
G1 X83.018 Y83.018 F3000
G1 E1 F1800
;TYPE:Perimeter
G1 F845
G1 X76.982 Y83.018 E.20431
G1 X76.982 Y76.982 E.20431
G1 X83.018 Y76.982 E.20431
G1 X83.018 Y82.958 E.20228
G1 X83.425 Y83.425 F3000
;TYPE:External perimeter
G1 F845
G1 X76.575 Y83.425 E.23186
G1 X76.575 Y76.575 E.23186
G1 X83.425 Y76.575 E.23186
G1 X83.425 Y83.365 E.22983
G1 X83.029 Y83.424 F3000
G1 E-1 F1800
G1 X77.32 Y82.602 F3000
G1 E1 F1800
;TYPE:Solid infill
;WIDTH:0.548766
G1 F845
G1 X77.276 Y82.647 E.00265
G1 X77.292 Y82.708 E.00265
G1 X77.353 Y82.724 E.00265
G1 X77.398 Y82.68 E.00265
G1 X77.381 Y82.619 E.00266
G1 X78.177 Y82.845 F3000
;WIDTH:0.38292
G1 F845
G1 X78.158 Y82.916 E.00208
G1 X78.229 Y82.897 E.00208
G1 X78.218 Y82.856 E.0012
;WIDTH:0.41646
G1 X78.125 Y82.784 E.00365
;WIDTH:0.449999
G1 X78.032 Y82.713 E.00396
G1 X77.287 Y81.968 E.03566
G1 X77.216 Y81.875 E.00396
;WIDTH:0.41646
G1 X77.144 Y81.782 E.00365
;WIDTH:0.38292
G1 X77.155 Y81.823 E.0012
G1 X77.084 Y81.842 E.00208
G1 X77.103 Y81.771 E.00208
;WIDTH:0.449999
G1 X77.287 Y81.393 E.01423
G1 X78.607 Y82.713 E.06319
G1 X79.183 Y82.713 E.0195
G1 X77.287 Y80.817 E.09076
G1 X77.287 Y80.241 E.0195
G1 X79.759 Y82.713 E.11833
G1 X80.334 Y82.713 E.01946
G1 X77.287 Y79.666 E.14586
G1 X77.287 Y79.09 E.0195
G1 X80.91 Y82.713 E.17343
G1 X81.486 Y82.713 E.0195
G1 X77.287 Y78.514 E.201
G1 X77.287 Y77.938 E.0195
G1 X82.062 Y82.713 E.22858
G1 X82.866 Y82.636 E.02734
;WIDTH:0.38292
G1 X82.85 Y82.85 E.00607
;WIDTH:0.41646
G1 X82.743 Y82.781 E.00395
;WIDTH:0.449999
G1 X82.637 Y82.713 E.00426
G1 X77.287 Y77.363 E.2561
G1 X77.326 Y77.249 E.00408
;WIDTH:0.41646
G1 X77.364 Y77.134 E.00376
;WIDTH:0.38292
G1 X77.15 Y77.15 E.00607
;WIDTH:0.449999
G1 X77.788 Y77.287 E.02209
G1 X82.713 Y82.212 E.23576
G1 X82.713 Y81.637 E.01946
G1 X78.363 Y77.287 E.20823
G1 X78.939 Y77.287 E.0195
G1 X82.713 Y81.061 E.18066
G1 X82.713 Y80.485 E.0195
G1 X79.515 Y77.287 E.15309
G1 X80.091 Y77.287 E.0195
G1 X82.713 Y79.909 E.12551
G1 X82.713 Y79.334 E.01946
G1 X80.666 Y77.287 E.09799
G1 X82.713 Y77.287 E.06929
G1 X82.713 Y78.758 E.04979
G1 X81.386 Y77.431 E.06352
G1 X82.267 Y77.663 F3000
;WIDTH:0.497336
G1 F845
G1 X82.227 Y77.703 E.00214
G1 X82.242 Y77.758 E.00215
G1 X82.297 Y77.773 E.00215
G1 X82.337 Y77.733 E.00214
G1 X82.322 Y77.678 E.00215
;LAYER_CHANGE
;Z:18
;HEIGHT:0.200001
G1 E-1 F1800
G1 Z18 F300
G92 E0
G1 X82.918 Y82.918 F3000
G1 E1 F1800
;TYPE:Perimeter
;WIDTH:0.449999
G1 F816
G1 X77.082 Y82.918 E.19754
G1 X77.082 Y77.082 E.19754
G1 X82.918 Y77.082 E.19754
G1 X82.918 Y82.858 E.19551
G1 X83.325 Y83.325 F3000
;TYPE:External perimeter
G1 F816
G1 X76.675 Y83.325 E.22509
G1 X76.675 Y76.675 E.22509
G1 X83.325 Y76.675 E.22509
G1 X83.325 Y83.265 E.22306
G1 X82.929 Y83.324 F3000
G1 E-1 F1800
G1 X77.498 Y77.42 F3000
G1 E1 F1800
;TYPE:Solid infill
;WIDTH:0.548766
G1 F816
G1 X77.453 Y77.376 E.00265
G1 X77.392 Y77.392 E.00265
G1 X77.376 Y77.453 E.00265
G1 X77.42 Y77.498 E.00265
G1 X77.481 Y77.481 E.00266
G1 X77.255 Y78.277 F3000
;WIDTH:0.38292
G1 F816
G1 X77.184 Y78.258 E.00208
G1 X77.203 Y78.329 E.00208
G1 X77.244 Y78.318 E.0012
;WIDTH:0.41646
G1 X77.316 Y78.225 E.00365
;WIDTH:0.449999
G1 X77.387 Y78.132 E.00396
G1 X78.132 Y77.387 E.03566
G1 X78.225 Y77.316 E.00396
;WIDTH:0.41646
G1 X78.318 Y77.244 E.00365
;WIDTH:0.38292
G1 X78.277 Y77.255 E.0012
G1 X78.258 Y77.184 E.00208
G1 X78.329 Y77.203 E.00208
;WIDTH:0.449999
G1 X78.707 Y77.387 E.01423
G1 X77.387 Y78.707 E.06319
G1 X77.387 Y79.283 E.0195
G1 X79.283 Y77.387 E.09076
G1 X79.859 Y77.387 E.0195
G1 X77.387 Y79.859 E.11833
G1 X77.387 Y80.434 E.01946
G1 X80.434 Y77.387 E.14586
G1 X81.01 Y77.387 E.0195
G1 X77.387 Y81.01 E.17343
G1 X77.387 Y81.586 E.0195
G1 X81.586 Y77.387 E.201
G1 X82.162 Y77.387 E.0195
G1 X77.387 Y82.162 E.22858
G1 X77.312 Y82.718 E.01899
;WIDTH:0.38292
G1 X77.241 Y82.699 E.00208
G1 X77.26 Y82.77 E.00208
G1 X77.301 Y82.759 E.0012
;WIDTH:0.41646
G1 X77.406 Y82.686 E.00397
;WIDTH:0.449999
G1 X77.512 Y82.613 E.00436
G1 X82.613 Y77.512 E.24418
G1 X82.686 Y77.406 E.00436
;WIDTH:0.41646
G1 X82.759 Y77.301 E.00397
;WIDTH:0.38292
G1 X82.718 Y77.312 E.0012
G1 X82.699 Y77.241 E.00208
G1 X82.77 Y77.26 E.00208
G1 X82.613 Y78.088 F3000
;WIDTH:0.449999
G1 F816
G1 X78.088 Y82.613 E.21661
G1 X78.663 Y82.613 E.01946
G1 X82.613 Y78.663 E.18908
G1 X82.613 Y79.239 E.0195
G1 X79.239 Y82.613 E.16151
G1 X79.815 Y82.613 E.0195
G1 X82.613 Y79.815 E.13394
G1 X82.827 Y80.223 E.01559
;WIDTH:0.38292
G1 X82.756 Y80.204 E.00208
G1 X82.775 Y80.275 E.00208
G1 X82.816 Y80.264 E.0012
;WIDTH:0.41646
G1 X82.715 Y80.327 E.0037
;WIDTH:0.449999
G1 X82.613 Y80.391 E.00408
G1 X80.391 Y82.613 E.10637
G1 X80.333 Y82.694 E.00337
;WIDTH:0.41646
G1 X80.275 Y82.775 E.00309
;WIDTH:0.38292
G1 X80.204 Y82.756 E.00208
G1 X80.223 Y82.827 E.00208
G1 X80.264 Y82.816 E.0012
G1 E-1 F1800
G1 X82.469 Y81.11 F3000
G1 E1 F1800
;WIDTH:0.449999
G1 F816
G1 X80.966 Y82.613 E.07195
G1 X82.613 Y82.613 E.05575
G1 X82.613 Y80.966 E.05575
G1 X82.198 Y82.112 F3000
;WIDTH:0.600262
G1 F816
G1 X82.148 Y82.063 E.00324
G1 X82.081 Y82.081 E.00322
G1 X82.063 Y82.148 E.00322
G1 X82.112 Y82.198 E.00324
G1 X82.18 Y82.18 E.00326
;LAYER_CHANGE
;Z:18.2
;HEIGHT:0.200001
G1 E-1 F1800
G1 Z18.2 F300
G92 E0
G1 X82.818 Y82.818 F3000
G1 E1 F1800
;TYPE:Perimeter
;WIDTH:0.449999
G1 F752
G1 X77.182 Y82.818 E.19077
G1 X77.182 Y77.182 E.19077
G1 X82.818 Y77.182 E.19077
G1 X82.818 Y82.758 E.18874
G1 X83.225 Y83.225 F3000
;TYPE:External perimeter
G1 F752
G1 X76.775 Y83.225 E.21832
G1 X76.775 Y76.775 E.21832
G1 X83.225 Y76.775 E.21832
G1 X83.225 Y83.165 E.21629
G1 X82.829 Y83.224 F3000
G1 E-1 F1800
G1 X77.52 Y82.402 F3000
G1 E1 F1800
;TYPE:Solid infill
;WIDTH:0.548766
G1 F752
G1 X77.476 Y82.447 E.00265
G1 X77.492 Y82.508 E.00265
G1 X77.553 Y82.524 E.00265
G1 X77.598 Y82.48 E.00265
G1 X77.581 Y82.419 E.00266
;WIDTH:0.449999
G1 X77.487 Y81.768 E.02226
G1 X78.304 Y82.579 E.03897
;WIDTH:0.41646
G1 X78.377 Y82.645 E.00306
;WIDTH:0.38292
G1 X78.358 Y82.716 E.00208
G1 X78.429 Y82.697 E.00208
G1 X78.418 Y82.656 E.0012
;WIDTH:0.449999
G1 X78.807 Y82.513 E.01403
G1 X77.487 Y81.193 E.06319
G1 X77.487 Y80.617 E.0195
G1 X79.383 Y82.513 E.09076
G1 X79.959 Y82.513 E.0195
G1 X77.487 Y80.041 E.11833
G1 X77.487 Y79.466 E.01946
G1 X80.534 Y82.513 E.14586
G1 X81.11 Y82.513 E.0195
G1 X77.487 Y78.89 E.17343
G1 X77.487 Y78.314 E.0195
G1 X81.686 Y82.513 E.201
G1 X82.629 Y82.569 F3000
;WIDTH:0.38292
G1 F752
G1 X82.64 Y82.61 E.0012
G1 X82.569 Y82.629 E.00208
G1 X82.588 Y82.558 E.00208
;WIDTH:0.41646
G1 X82.425 Y82.535 E.00511
;WIDTH:0.449999
G1 X82.262 Y82.513 E.00557
G1 X77.487 Y77.738 E.22858
G1 X77.812 Y77.487 E.0139
G1 X82.513 Y82.188 E.22503
G1 X82.513 Y81.612 E.0195
G1 X78.388 Y77.487 E.19746
G1 X78.963 Y77.487 E.01946
G1 X82.513 Y81.037 E.16994
G1 X82.513 Y80.461 E.0195
G1 X79.539 Y77.487 E.14236
G1 X80.115 Y77.487 E.0195
G1 X82.513 Y79.885 E.11479
G1 X82.675 Y79.425 E.01651
;WIDTH:0.38292
G1 X82.656 Y79.496 E.00208
G1 X82.727 Y79.477 E.00208
G1 X82.716 Y79.436 E.0012
;WIDTH:0.41646
G1 X82.615 Y79.373 E.0037
;WIDTH:0.449999
G1 X82.513 Y79.309 E.00408
G1 X80.691 Y77.487 E.08722
G1 X80.627 Y77.385 E.00408
;WIDTH:0.41646
G1 X80.564 Y77.284 E.0037
;WIDTH:0.38292
G1 X80.575 Y77.325 E.0012
G1 X80.504 Y77.344 E.00208
G1 X80.523 Y77.273 E.00208
;WIDTH:0.449999
G1 X81.266 Y77.487 E.02617
G1 X82.513 Y77.487 E.04221
G1 X82.513 Y78.734 E.04221
G1 X81.41 Y77.631 E.0528
;LAYER_CHANGE
;Z:18.4
;HEIGHT:0.199999
G1 E-1 F1800
G1 Z18.4 F300
G92 E0
G1 X82.718 Y82.718 F3000
G1 E1 F1800
;TYPE:Perimeter
G1 F721
G1 X77.282 Y82.718 E.184
G1 X77.282 Y77.282 E.184
G1 X82.718 Y77.282 E.184
G1 X82.718 Y82.658 E.18197
G1 X83.125 Y83.125 F3000
;TYPE:External perimeter
G1 F721
G1 X76.875 Y83.125 E.21155
G1 X76.875 Y76.875 E.21155
G1 X83.125 Y76.875 E.21155
G1 X83.125 Y83.065 E.20952
G1 X82.729 Y83.124 F3000
G1 E-1 F1800
G1 X77.698 Y77.62 F3000
G1 E1 F1800
;TYPE:Solid infill
;WIDTH:0.548766
G1 F721
G1 X77.653 Y77.576 E.00265
G1 X77.592 Y77.592 E.00265
G1 X77.576 Y77.653 E.00265
G1 X77.62 Y77.698 E.00265
G1 X77.681 Y77.681 E.00266
G1 X77.455 Y78.477 F3000
;WIDTH:0.38292
G1 F721
G1 X77.384 Y78.458 E.00208
G1 X77.403 Y78.529 E.00208
G1 X77.444 Y78.518 E.0012
;WIDTH:0.41646
G1 X77.516 Y78.425 E.00365
;WIDTH:0.449999
G1 X77.587 Y78.332 E.00396
G1 X78.332 Y77.587 E.03566
G1 X78.425 Y77.516 E.00396
;WIDTH:0.41646
G1 X78.518 Y77.444 E.00365
;WIDTH:0.38292
G1 X78.477 Y77.455 E.0012
G1 X78.458 Y77.384 E.00208
G1 X78.529 Y77.403 E.00208
;WIDTH:0.449999
G1 X78.907 Y77.587 E.01423
G1 X77.587 Y78.907 E.06319
G1 X77.587 Y79.483 E.0195
G1 X79.483 Y77.587 E.09076
G1 X80.059 Y77.587 E.0195
G1 X77.587 Y80.059 E.11833
G1 X77.587 Y80.634 E.01946
G1 X80.634 Y77.587 E.14586
G1 X81.21 Y77.587 E.0195
G1 X77.587 Y81.21 E.17343
G1 X77.587 Y81.786 E.0195
G1 X81.786 Y77.587 E.201
G1 X82.561 Y77.439 E.02671
;WIDTH:0.38292
G1 X82.566 Y77.543 E.00294
;WIDTH:0.41646
G1 X82.464 Y77.565 E.00324
;WIDTH:0.449999
G1 X82.362 Y77.587 E.00353
G1 X77.587 Y82.362 E.22858
G1 X77.513 Y82.461 E.00418
;WIDTH:0.41646
G1 X77.439 Y82.561 E.00386
;WIDTH:0.38292
G1 X77.543 Y82.566 E.00294
;WIDTH:0.449999
G1 X78.112 Y82.413 E.01994
G1 X82.413 Y78.112 E.20589
G1 X82.413 Y78.688 E.0195
G1 X78.688 Y82.413 E.17831
G1 X79.263 Y82.413 E.01946
G1 X82.413 Y79.263 E.15079
G1 X82.413 Y79.839 E.0195
G1 X79.839 Y82.413 E.12322
G1 X80.415 Y82.413 E.0195
G1 X82.413 Y80.415 E.09564
G1 X82.413 Y82.413 E.06763
G1 X80.991 Y82.413 E.04813
G1 X82.269 Y81.134 E.0612
G1 X82.048 Y81.982 F3000
;WIDTH:0.468866
G1 F721
G1 X82.01 Y81.945 E.00188
G1 X81.958 Y81.958 E.0019
G1 X81.945 Y82.01 E.0019
G1 X81.982 Y82.048 E.00188
G1 X82.034 Y82.034 E.00191
;LAYER_CHANGE
;Z:18.6
;HEIGHT:0.200001
G1 E-1 F1800
G1 Z18.6 F300
G92 E0
G1 X82.618 Y82.618 F3000
G1 E1 F1800
;TYPE:Perimeter
;WIDTH:0.449999
G1 F678
G1 X77.382 Y82.618 E.17723
G1 X77.382 Y77.382 E.17723
G1 X82.618 Y77.382 E.17723
G1 X82.618 Y82.558 E.1752
G1 X83.025 Y83.025 F3000
;TYPE:External perimeter
G1 F678
G1 X76.975 Y83.025 E.20478
G1 X76.975 Y76.975 E.20478
G1 X83.025 Y76.975 E.20478
G1 X83.025 Y82.965 E.20275
G1 X82.629 Y83.024 F3000
G1 E-1 F1800
G1 X77.72 Y82.202 F3000
G1 E1 F1800
;TYPE:Solid infill
;WIDTH:0.548766
G1 F678
G1 X77.676 Y82.247 E.00265
G1 X77.692 Y82.308 E.00265
G1 X77.753 Y82.324 E.00265
G1 X77.798 Y82.28 E.00265
G1 X77.781 Y82.219 E.00266
G1 X78.577 Y82.445 F3000
;WIDTH:0.38292
G1 F678
G1 X78.558 Y82.516 E.00208
G1 X78.629 Y82.497 E.00208
G1 X78.618 Y82.456 E.0012
;WIDTH:0.41646
G1 X78.525 Y82.384 E.00365
;WIDTH:0.449999
G1 X78.432 Y82.313 E.00396
G1 X77.687 Y81.568 E.03566
G1 X77.616 Y81.475 E.00396
;WIDTH:0.41646
G1 X77.544 Y81.382 E.00365
;WIDTH:0.38292
G1 X77.555 Y81.423 E.0012
G1 X77.484 Y81.442 E.00208
G1 X77.503 Y81.371 E.00208
;WIDTH:0.449999
G1 X77.687 Y80.993 E.01423
G1 X79.007 Y82.313 E.06319
G1 X79.583 Y82.313 E.0195
G1 X77.687 Y80.417 E.09076
G1 X77.687 Y79.841 E.0195
G1 X80.159 Y82.313 E.11833
G1 X80.734 Y82.313 E.01946
G1 X77.687 Y79.266 E.14586
G1 X77.687 Y78.69 E.0195
G1 X81.31 Y82.313 E.17343
G1 X81.886 Y82.313 E.0195
G1 X77.687 Y78.114 E.201
G1 X77.568 Y77.538 E.01991
;WIDTH:0.38292
G1 X77.549 Y77.609 E.00208
G1 X77.62 Y77.59 E.00208
G1 X77.609 Y77.549 E.0012
;WIDTH:0.41646
G1 X77.723 Y77.618 E.00414
;WIDTH:0.449999
G1 X77.836 Y77.687 E.00448
G1 X82.313 Y82.164 E.21431
G1 X82.382 Y82.277 E.00448
;WIDTH:0.41646
G1 X82.451 Y82.391 E.00414
;WIDTH:0.38292
G1 X82.462 Y82.432 E.0012
G1 X82.391 Y82.451 E.00208
G1 X82.41 Y82.38 E.00208
;WIDTH:0.449999
G1 X82.313 Y81.588 E.02701
G1 X78.412 Y77.687 E.18674
G1 X78.988 Y77.687 E.0195
G1 X82.313 Y81.012 E.15917
G1 X82.313 Y80.437 E.01946
G1 X79.563 Y77.687 E.13164
G1 X79.972 Y77.473 E.01562
;WIDTH:0.38292
G1 X79.953 Y77.544 E.00208
G1 X80.024 Y77.525 E.00208
G1 X80.013 Y77.484 E.0012
;WIDTH:0.41646
G1 X80.076 Y77.585 E.0037
;WIDTH:0.449999
G1 X80.139 Y77.687 E.00406
G1 X82.313 Y79.861 E.10407
G1 X82.415 Y79.924 E.00406
;WIDTH:0.41646
G1 X82.516 Y79.987 E.0037
;WIDTH:0.38292
G1 X82.527 Y80.028 E.0012
G1 X82.456 Y80.047 E.00208
G1 X82.475 Y79.976 E.00208
G1 E-1 F1800
G1 X80.859 Y77.831 F3000
G1 E1 F1800
;WIDTH:0.449999
G1 F678
G1 X82.313 Y79.285 E.0696
G1 X82.313 Y77.687 E.05409
G1 X80.715 Y77.687 E.05409
G1 X81.828 Y78.092 F3000
;WIDTH:0.571786
G1 F678
G1 X81.781 Y78.138 E.00289
G1 X81.798 Y78.202 E.00291
G1 X81.862 Y78.219 E.00291
G1 X81.908 Y78.172 E.00289
G1 X81.891 Y78.109 E.00287
;LAYER_CHANGE
;Z:18.8
;HEIGHT:0.199999
G1 E-1 F1800
G1 Z18.8 F300
G92 E0
G1 X82.518 Y82.518 F3000
G1 E1 F1800
;TYPE:Perimeter
;WIDTH:0.449999
G1 F626
G1 X77.482 Y82.518 E.17046
G1 X77.482 Y77.482 E.17046
G1 X82.518 Y77.482 E.17046
G1 X82.518 Y82.458 E.16843
G1 X82.925 Y82.925 F3000
;TYPE:External perimeter
G1 F626
G1 X77.075 Y82.925 E.19802
G1 X77.075 Y77.075 E.19802
G1 X82.925 Y77.075 E.19802
G1 X82.925 Y82.865 E.19598
G1 X82.529 Y82.924 F3000
G1 E-1 F1800
G1 X77.898 Y77.82 F3000
G1 E1 F1800
;TYPE:Solid infill
;WIDTH:0.548766
G1 F626
G1 X77.853 Y77.776 E.00265
G1 X77.792 Y77.792 E.00265
G1 X77.776 Y77.853 E.00265
G1 X77.82 Y77.898 E.00265
G1 X77.881 Y77.881 E.00266
;WIDTH:0.449999
G1 X77.787 Y78.532 E.02226
G1 X78.532 Y77.787 E.03566
G1 X79.107 Y77.787 E.01946
G1 X77.787 Y79.107 E.06319
G1 X77.787 Y79.683 E.0195
G1 X79.683 Y77.787 E.09076
G1 X80.259 Y77.787 E.0195
G1 X77.787 Y80.259 E.11833
G1 X77.787 Y80.834 E.01946
G1 X80.834 Y77.787 E.14586
G1 X81.41 Y77.787 E.0195
G1 X77.787 Y81.41 E.17343
G1 X77.728 Y82.332 F3000
;WIDTH:0.38292
G1 F626
G1 X77.687 Y82.343 E.0012
G1 X77.668 Y82.272 E.00208
G1 X77.739 Y82.291 E.00208
;WIDTH:0.41646
G1 X77.763 Y82.138 E.00481
;WIDTH:0.449999
G1 X77.787 Y81.986 E.00521
G1 X81.986 Y77.787 E.201
G1 X82.213 Y78.136 E.01409
G1 X78.136 Y82.213 E.19516
G1 X78.712 Y82.213 E.0195
G1 X82.213 Y78.712 E.16759
G1 X82.213 Y79.288 E.0195
G1 X79.288 Y82.213 E.14002
G1 X79.863 Y82.213 E.01946
G1 X82.213 Y79.863 E.11249
G1 X82.427 Y80.272 E.01562
;WIDTH:0.38292
G1 X82.356 Y80.253 E.00208
G1 X82.375 Y80.324 E.00208
G1 X82.416 Y80.313 E.0012
;WIDTH:0.41646
G1 X82.315 Y80.376 E.0037
;WIDTH:0.449999
G1 X82.213 Y80.439 E.00406
G1 X80.439 Y82.213 E.08492
G1 X80.376 Y82.315 E.00406
;WIDTH:0.41646
G1 X80.313 Y82.416 E.0037
;WIDTH:0.38292
G1 X80.272 Y82.427 E.0012
G1 X80.253 Y82.356 E.00208
G1 X80.324 Y82.375 E.00208
G1 X81.995 Y81.337 F3000
;WIDTH:0.597274
G1 F626
G1 X81.193 Y82.139 E.05228
G1 X82.139 Y82.139 E.04361
G1 X82.139 Y81.193 E.04361
M106 S178.5
;LAYER_CHANGE
;Z:19
;HEIGHT:0.200001
G1 E-1 F1800
G1 Z19 F300
G92 E0
G1 X82.418 Y82.418 F3000
G1 E1 F1800
;TYPE:Perimeter
;WIDTH:0.449999
G1 F600
G1 X77.582 Y82.418 E.16369
G1 X77.582 Y77.582 E.16369
G1 X82.418 Y77.582 E.16369
G1 X82.418 Y82.358 E.16166
G1 X82.825 Y82.825 F3000
;TYPE:External perimeter
G1 F600
G1 X77.175 Y82.825 E.19125
G1 X77.175 Y77.175 E.19125
G1 X82.825 Y77.175 E.19125
G1 X82.825 Y82.765 E.18921
G1 X82.429 Y82.824 F3000
G1 E-1 F1800
G1 X77.92 Y82.002 F3000
G1 E1 F1800
;TYPE:Solid infill
;WIDTH:0.548766
G1 F600
G1 X77.876 Y82.047 E.00265
G1 X77.892 Y82.108 E.00265
G1 X77.953 Y82.124 E.00265
G1 X77.998 Y82.08 E.00265
G1 X77.981 Y82.019 E.00266
;WIDTH:0.449999
G1 X78.632 Y82.113 E.02226
G1 X77.887 Y81.368 E.03566
G1 X77.887 Y80.793 E.01946
G1 X79.207 Y82.113 E.06319
G1 X79.783 Y82.113 E.0195
G1 X77.887 Y80.217 E.09076
G1 X77.887 Y79.641 E.0195
G1 X80.359 Y82.113 E.11833
G1 X80.934 Y82.113 E.01946
G1 X77.887 Y79.066 E.14586
G1 X77.887 Y78.49 E.0195
G1 X81.51 Y82.113 E.17343
G1 X82.086 Y82.113 E.0195
G1 X77.887 Y77.914 E.201
G1 X78.436 Y77.887 E.01861
G1 X82.113 Y81.564 E.17602
G1 X82.113 Y80.988 E.0195
G1 X79.012 Y77.887 E.14844
G1 X79.588 Y77.887 E.0195
G1 X82.113 Y80.412 E.12087
G1 X82.113 Y79.837 E.01946
G1 X80.163 Y77.887 E.09335
G1 X82.113 Y77.887 E.06601
G1 X82.113 Y79.261 E.04651
G1 X80.883 Y78.031 E.05888
;LAYER_CHANGE
;Z:19.2
;HEIGHT:0.200001
G1 E-1 F1800
G1 Z19.2 F300
G92 E0
G1 X82.318 Y82.318 F3000
G1 E1 F1800
;TYPE:Perimeter
G1 F600
G1 X77.682 Y82.318 E.15692
G1 X77.682 Y77.682 E.15692
G1 X82.318 Y77.682 E.15692
G1 X82.318 Y82.258 E.15489
G1 X82.725 Y82.725 F3000
;TYPE:External perimeter
G1 F600
G1 X77.275 Y82.725 E.18448
G1 X77.275 Y77.275 E.18448
G1 X82.725 Y77.275 E.18448
G1 X82.725 Y82.665 E.18244
G1 X82.329 Y82.724 F3000
G1 E-1 F1800
G1 X78.098 Y78.02 F3000
G1 E1 F1800
;TYPE:Solid infill
;WIDTH:0.548766
G1 F600
G1 X78.053 Y77.976 E.00265
G1 X77.992 Y77.992 E.00265
G1 X77.976 Y78.053 E.00265
G1 X78.02 Y78.098 E.00265
G1 X78.081 Y78.081 E.00266
G1 X77.855 Y78.877 F3000
;WIDTH:0.38292
G1 F600
G1 X77.784 Y78.858 E.00208
G1 X77.803 Y78.929 E.00208
G1 X77.844 Y78.918 E.0012
;WIDTH:0.41646
G1 X77.916 Y78.825 E.00365
;WIDTH:0.449999
G1 X77.987 Y78.732 E.00396
G1 X78.732 Y77.987 E.03566
G1 X78.825 Y77.916 E.00396
;WIDTH:0.41646
G1 X78.918 Y77.844 E.00365
;WIDTH:0.38292
G1 X78.877 Y77.855 E.0012
G1 X78.858 Y77.784 E.00208
G1 X78.929 Y77.803 E.00208
;WIDTH:0.449999
G1 X79.307 Y77.987 E.01423
G1 X77.987 Y79.307 E.06319
G1 X77.987 Y79.883 E.0195
G1 X79.883 Y77.987 E.09076
G1 X80.459 Y77.987 E.0195
G1 X77.987 Y80.459 E.11833
G1 X77.987 Y81.034 E.01946
G1 X81.034 Y77.987 E.14586
G1 X81.61 Y77.987 E.0195
G1 X77.987 Y81.61 E.17343
G1 X77.928 Y82.103 E.01681
;WIDTH:0.38292
G1 X77.856 Y82.083 E.00211
G1 X77.875 Y82.155 E.00211
G1 X77.917 Y82.144 E.00123
;WIDTH:0.41646
G1 X78.039 Y82.078 E.00431
;WIDTH:0.449999
G1 X78.161 Y82.013 E.00468
G1 X82.013 Y78.161 E.18439
G1 X82.078 Y78.039 E.00468
;WIDTH:0.41646
G1 X82.144 Y77.917 E.00431
;WIDTH:0.38292
G1 X82.103 Y77.928 E.0012
G1 X82.083 Y77.856 E.00211
G1 X82.155 Y77.875 E.00211
G1 X82.013 Y78.736 F3000
;WIDTH:0.449999
G1 F600
G1 X78.736 Y82.013 E.15687
G1 X79.312 Y82.013 E.0195
G1 X82.013 Y79.312 E.1293
G1 X82.227 Y79.72 E.01559
;WIDTH:0.38292
G1 X82.156 Y79.701 E.00208
G1 X82.175 Y79.773 E.00211
G1 X82.216 Y79.762 E.0012
;WIDTH:0.41646
G1 X82.115 Y79.825 E.0037
;WIDTH:0.449999
G1 X82.013 Y79.888 E.00406
G1 X79.888 Y82.013 E.10172
G1 X79.825 Y82.115 E.00406
;WIDTH:0.41646
G1 X79.762 Y82.216 E.0037
;WIDTH:0.38292
G1 X79.72 Y82.227 E.00123
G1 X79.701 Y82.156 E.00208
G1 X79.773 Y82.175 E.00211
G1 E-1 F1800
G1 X81.869 Y80.607 F3000
G1 E1 F1800
;WIDTH:0.449999
G1 F600
G1 X80.463 Y82.013 E.0673
G1 X82.013 Y82.013 E.05247
G1 X82.013 Y80.463 E.05247
G1 X81.619 Y81.543 F3000
;WIDTH:0.543312
G1 F600
G1 X81.575 Y81.498 E.00262
G1 X81.515 Y81.515 E.00259
G1 X81.498 Y81.575 E.00259
G1 X81.543 Y81.619 E.00262
G1 X81.603 Y81.603 E.00258
;LAYER_CHANGE
;Z:19.4
;HEIGHT:0.199999
G1 E-1 F1800
G1 Z19.4 F300
G92 E0
G1 X82.218 Y82.218 F3000
G1 E1 F1800
;TYPE:Perimeter
;WIDTH:0.449999
G1 F600
G1 X77.782 Y82.218 E.15015
G1 X77.782 Y77.782 E.15015
G1 X82.218 Y77.782 E.15015
G1 X82.218 Y82.158 E.14812
G1 X82.625 Y82.625 F3000
;TYPE:External perimeter
G1 F600
G1 X77.375 Y82.625 E.17771
G1 X77.375 Y77.375 E.17771
G1 X82.625 Y77.375 E.17771
G1 X82.625 Y82.565 E.17568
G1 X82.229 Y82.624 F3000
G1 E-1 F1800
G1 X78.12 Y81.802 F3000
G1 E1 F1800
;TYPE:Solid infill
;WIDTH:0.548766
G1 F600
G1 X78.076 Y81.847 E.00265
G1 X78.092 Y81.908 E.00265
G1 X78.153 Y81.924 E.00265
G1 X78.198 Y81.88 E.00265
G1 X78.181 Y81.819 E.00266
G1 X79.018 Y82.056 F3000
;WIDTH:0.38292
G1 F600
G1 X79.029 Y82.097 E.0012
G1 X78.958 Y82.116 E.00208
G1 X78.977 Y82.045 E.00208
;WIDTH:0.41646
G1 X78.904 Y81.979 E.00306
;WIDTH:0.449999
G1 X78.087 Y81.168 E.03897
G1 X78.016 Y81.075 E.00396
;WIDTH:0.41646
G1 X77.944 Y80.982 E.00365
;WIDTH:0.38292
G1 X77.955 Y81.023 E.0012
G1 X77.884 Y81.042 E.00208
G1 X77.903 Y80.971 E.00208
;WIDTH:0.449999
G1 X78.087 Y80.593 E.01423
G1 X79.407 Y81.913 E.06319
G1 X79.983 Y81.913 E.0195
G1 X78.087 Y80.017 E.09076
G1 X78.087 Y79.441 E.0195
G1 X80.559 Y81.913 E.11833
G1 X81.134 Y81.913 E.01946
G1 X78.087 Y78.866 E.14586
G1 X77.983 Y77.953 F3000
;WIDTH:0.38292
G1 F600
G1 X77.964 Y78.024 E.00208
G1 X78.035 Y78.005 E.00208
G1 X78.024 Y77.964 E.0012
;WIDTH:0.41646
G1 X78.056 Y78.127 E.00516
;WIDTH:0.449999
G1 X78.087 Y78.29 E.00562
G1 X81.71 Y81.913 E.17343
G1 X81.853 Y81.939 E.00492
;WIDTH:0.41646
G1 X81.995 Y81.965 E.00448
;WIDTH:0.38292
G1 X81.976 Y82.036 E.00208
G1 X82.047 Y82.017 E.00208
G1 X82.036 Y81.976 E.0012
;WIDTH:0.449999
G1 X81.913 Y81.539 E.01537
G1 X78.461 Y78.087 E.16525
G1 X79.036 Y78.087 E.01946
G1 X81.913 Y80.964 E.13772
G1 X81.913 Y80.388 E.0195
G1 X79.612 Y78.087 E.11015
G1 X80.02 Y77.873 E.01559
;WIDTH:0.38292
G1 X80.001 Y77.944 E.00208
G1 X80.073 Y77.925 E.00211
G1 X80.062 Y77.884 E.0012
;WIDTH:0.41646
G1 X80.125 Y77.985 E.0037
;WIDTH:0.449999
G1 X80.188 Y78.087 E.00406
G1 X81.913 Y79.812 E.08257
G1 X82.015 Y79.875 E.00406
;WIDTH:0.41646
G1 X82.116 Y79.938 E.0037
;WIDTH:0.38292
G1 X82.127 Y79.98 E.00123
G1 X82.056 Y79.999 E.00208
G1 X82.075 Y79.927 E.00211
G1 X81.068 Y78.298 F3000
;WIDTH:0.583039
G1 F600
G1 X81.846 Y79.076 E.04941
G1 X81.846 Y78.154 E.04141
G1 X80.924 Y78.154 E.04141
;LAYER_CHANGE
;Z:19.6
;HEIGHT:0.200001
G1 E-1 F1800
G1 Z19.6 F300
G92 E0
G1 X82.118 Y82.118 F3000
G1 E1 F1800
;TYPE:Perimeter
;WIDTH:0.449999
G1 F600
G1 X77.882 Y82.118 E.14338
G1 X77.882 Y77.882 E.14338
G1 X82.118 Y77.882 E.14338
G1 X82.118 Y82.058 E.14135
G1 X82.525 Y82.525 F3000
;TYPE:External perimeter
G1 F600
G1 X77.475 Y82.525 E.17094
G1 X77.475 Y77.475 E.17094
G1 X82.525 Y77.475 E.17094
G1 X82.525 Y82.465 E.16891
G1 X82.129 Y82.524 F3000
G1 E-1 F1800
G1 X78.298 Y78.22 F3000
G1 E1 F1800
;TYPE:Solid infill
;WIDTH:0.548766
G1 F600
G1 X78.253 Y78.176 E.00265
G1 X78.192 Y78.192 E.00265
G1 X78.176 Y78.253 E.00265
G1 X78.22 Y78.298 E.00265
G1 X78.281 Y78.281 E.00266
;WIDTH:0.449999
G1 X78.932 Y78.187 E.02226
G1 X78.187 Y78.932 E.03566
G1 X78.187 Y79.507 E.01946
G1 X79.507 Y78.187 E.06319
G1 X80.083 Y78.187 E.0195
G1 X78.187 Y80.083 E.09076
G1 X78.187 Y80.659 E.0195
G1 X80.659 Y78.187 E.11833
G1 X81.234 Y78.187 E.01946
G1 X78.187 Y81.234 E.14586
G1 X78.187 Y81.81 E.0195
G1 X81.81 Y78.187 E.17343
G1 X81.813 Y78.761 E.01943
G1 X78.761 Y81.813 E.1461
G1 X79.336 Y81.813 E.01946
G1 X81.813 Y79.336 E.11857
G1 X81.813 Y79.912 E.0195
G1 X79.912 Y81.813 E.091
G1 E-1 F1800
G1 X81.669 Y80.632 F3000
G1 E1 F1800
G1 F600
G1 X80.488 Y81.813 E.05653
G1 X81.813 Y81.813 E.04485
G1 X81.813 Y80.488 E.04485
;LAYER_CHANGE
;Z:19.8
;HEIGHT:0.199999
G1 E-1 F1800
G1 Z19.8 F300
G92 E0
G1 X82.018 Y82.018 F3000
G1 E1 F1800
;TYPE:Perimeter
G1 F600
G1 X77.982 Y82.018 E.13661
G1 X77.982 Y77.982 E.13661
G1 X82.018 Y77.982 E.13661
G1 X82.018 Y81.958 E.13458
G1 X82.425 Y82.425 F3000
;TYPE:External perimeter
G1 F600
G1 X77.575 Y82.425 E.16417
G1 X77.575 Y77.575 E.16417
G1 X82.425 Y77.575 E.16417
G1 X82.425 Y82.365 E.16214
G1 X82.029 Y82.424 F3000
G1 E-1 F1800
G1 X78.32 Y81.602 F3000
G1 E1 F1800
;TYPE:Solid infill
;WIDTH:0.548766
G1 F600
G1 X78.276 Y81.647 E.00265
G1 X78.292 Y81.708 E.00265
G1 X78.353 Y81.724 E.00265
G1 X78.398 Y81.68 E.00265
G1 X78.381 Y81.619 E.00266
G1 X79.177 Y81.845 F3000
;WIDTH:0.38292
G1 F600
G1 X79.158 Y81.916 E.00208
G1 X79.229 Y81.897 E.00208
G1 X79.218 Y81.856 E.0012
;WIDTH:0.41646
G1 X79.125 Y81.784 E.00365
;WIDTH:0.449999
G1 X79.032 Y81.713 E.00396
G1 X78.287 Y80.968 E.03566
G1 X78.216 Y80.875 E.00396
;WIDTH:0.41646
G1 X78.144 Y80.782 E.00365
;WIDTH:0.38292
G1 X78.155 Y80.823 E.0012
G1 X78.084 Y80.842 E.00208
G1 X78.103 Y80.771 E.00208
;WIDTH:0.449999
G1 X78.287 Y80.393 E.01423
G1 X79.607 Y81.713 E.06319
G1 X80.183 Y81.713 E.0195
G1 X78.287 Y79.817 E.09076
G1 X78.287 Y79.241 E.0195
G1 X80.759 Y81.713 E.11833
G1 X81.334 Y81.713 E.01946
G1 X78.287 Y78.666 E.14586
G1 X78.188 Y78.158 E.01752
;WIDTH:0.38292
G1 X78.169 Y78.229 E.00208
G1 X78.24 Y78.21 E.00208
G1 X78.229 Y78.169 E.0012
;WIDTH:0.41646
G1 X78.357 Y78.228 E.00438
;WIDTH:0.449999
G1 X78.485 Y78.287 E.00477
G1 X81.713 Y81.515 E.15452
G1 X81.772 Y81.643 E.00477
;WIDTH:0.41646
G1 X81.831 Y81.771 E.00438
;WIDTH:0.38292
G1 X81.842 Y81.812 E.0012
G1 X81.771 Y81.831 E.00208
G1 X81.79 Y81.76 E.00208
G1 E-1 F1800
G1 X79.205 Y78.431 F3000
G1 E1 F1800
;WIDTH:0.449999
G1 F600
G1 X81.713 Y80.939 E.12006
G1 X81.713 Y78.287 E.08977
G1 X79.061 Y78.287 E.08977
G1 X80.043 Y78.694 F3000
G1 F600
G1 X81.306 Y78.694 E.04275
G1 X81.306 Y79.957 E.04275
G1 X80.187 Y78.838 E.05357
;LAYER_CHANGE
;Z:20
;HEIGHT:0.200001
G1 E-1 F1800
G1 Z20 F300
G92 E0
G1 X81.918 Y81.918 F3000
G1 E1 F1800
;TYPE:Perimeter
G1 F600
G1 X78.082 Y81.918 E.12984
G1 X78.082 Y78.082 E.12984
G1 X81.918 Y78.082 E.12984
G1 X81.918 Y81.858 E.12781
G1 X82.325 Y82.325 F3000
;TYPE:External perimeter
G1 F600
G1 X77.675 Y82.325 E.1574
G1 X77.675 Y77.675 E.1574
G1 X82.325 Y77.675 E.1574
G1 X82.325 Y82.265 E.15537
G1 X81.929 Y82.324 F3000
G1 E-1 F1800
G1 X78.498 Y78.42 F3000
G1 E1 F1800
;TYPE:Solid infill
;WIDTH:0.548766
G1 F600
G1 X78.453 Y78.376 E.00265
G1 X78.392 Y78.392 E.00265
G1 X78.376 Y78.453 E.00265
G1 X78.42 Y78.498 E.00265
G1 X78.481 Y78.481 E.00266
G1 X78.255 Y79.277 F3000
;WIDTH:0.38292
G1 F600
G1 X78.184 Y79.258 E.00208
G1 X78.203 Y79.329 E.00208
G1 X78.244 Y79.318 E.0012
;WIDTH:0.41646
G1 X78.316 Y79.225 E.00365
;WIDTH:0.449999
G1 X78.387 Y79.132 E.00396
G1 X79.132 Y78.387 E.03566
G1 X79.225 Y78.316 E.00396
;WIDTH:0.41646
G1 X79.318 Y78.244 E.00365
;WIDTH:0.38292
G1 X79.277 Y78.255 E.0012
G1 X79.258 Y78.184 E.00208
G1 X79.329 Y78.203 E.00208
;WIDTH:0.449999
G1 X79.707 Y78.387 E.01423
G1 X78.387 Y79.707 E.06319
G1 X78.387 Y80.283 E.0195
G1 X80.283 Y78.387 E.09076
G1 X80.859 Y78.387 E.0195
G1 X78.387 Y80.859 E.11833
G1 X78.312 Y81.718 F3000
;WIDTH:0.38292
G1 F600
G1 X78.241 Y81.699 E.00208
G1 X78.26 Y81.77 E.00208
G1 X78.301 Y81.759 E.0012
;WIDTH:0.41646
G1 X78.344 Y81.597 E.00521
;WIDTH:0.449999
G1 X78.387 Y81.434 E.00571
G1 X81.434 Y78.387 E.14586
G1 X81.613 Y78.785 E.01477
G1 X81.613 Y81.613 E.09572
G1 X78.785 Y81.613 E.09572
G1 X81.469 Y78.929 E.12848
G1 X81.206 Y79.768 F3000
G1 F600
G1 X81.206 Y81.206 E.04867
G1 X79.768 Y81.206 E.04867
G1 X81.062 Y79.912 E.06194
G1 X80.837 Y80.77 F3000
;WIDTH:0.478076
G1 F600
G1 X80.798 Y80.732 E.00197
G1 X80.746 Y80.746 E.00195
G1 X80.732 Y80.798 E.00195
G1 X80.77 Y80.837 E.00197
G1 X80.823 Y80.823 E.00198
;LAYER_CHANGE
;Z:20.2
;HEIGHT:0.200001
G1 E-1 F1800
G1 Z20.2 F300
G92 E0
G1 X81.818 Y81.818 F3000
G1 E1 F1800
;TYPE:Perimeter
;WIDTH:0.449999
G1 F600
G1 X78.182 Y81.818 E.12307
G1 X78.182 Y78.182 E.12307
G1 X81.818 Y78.182 E.12307
G1 X81.818 Y81.758 E.12104
G1 X82.225 Y82.225 F3000
;TYPE:External perimeter
G1 F600
G1 X77.775 Y82.225 E.15063
G1 X77.775 Y77.775 E.15063
G1 X82.225 Y77.775 E.15063
G1 X82.225 Y82.165 E.1486
G1 X81.829 Y82.224 F3000
G1 E-1 F1800
G1 X78.52 Y81.402 F3000
G1 E1 F1800
;TYPE:Solid infill
;WIDTH:0.548766
G1 F600
G1 X78.476 Y81.447 E.00265
G1 X78.492 Y81.508 E.00265
G1 X78.553 Y81.524 E.00265
G1 X78.598 Y81.48 E.00265
G1 X78.581 Y81.419 E.00266
;WIDTH:0.449999
G1 X78.487 Y80.768 E.02226
G1 X79.232 Y81.513 E.03566
G1 X79.807 Y81.513 E.01946
G1 X78.487 Y80.193 E.06319
G1 X78.487 Y79.617 E.0195
G1 X80.383 Y81.513 E.09076
G1 X80.959 Y81.513 E.0195
G1 X78.487 Y79.041 E.11833
G1 X78.509 Y78.487 E.01877
G1 X81.513 Y81.491 E.1438
G1 E-1 F1800
G1 X79.229 Y78.631 F3000
G1 E1 F1800
G1 F600
G1 X81.513 Y80.915 E.10933
G1 X81.513 Y78.487 E.08218
G1 X79.085 Y78.487 E.08218
G1 X80.189 Y78.945 F3000
;WIDTH:0.550418
G1 F600
G1 X81.055 Y78.945 E.03654
G1 X81.055 Y79.811 E.03654
G1 X80.333 Y79.089 E.04309
;LAYER_CHANGE
;Z:20.4
;HEIGHT:0.199999
G1 E-1 F1800
G1 Z20.4 F300
G92 E0
G1 X81.718 Y81.718 F3000
G1 E1 F1800
;TYPE:Perimeter
;WIDTH:0.449999
G1 F600
G1 X78.282 Y81.718 E.1163
G1 X78.282 Y78.282 E.1163
G1 X81.718 Y78.282 E.1163
G1 X81.718 Y81.658 E.11427
G1 X82.125 Y82.125 F3000
;TYPE:External perimeter
G1 F600
G1 X77.875 Y82.125 E.14386
G1 X77.875 Y77.875 E.14386
G1 X82.125 Y77.875 E.14386
G1 X82.125 Y82.065 E.14183
G1 X81.729 Y82.124 F3000
G1 E-1 F1800
G1 X78.587 Y78.587 F3000
G1 E1 F1800
;TYPE:Solid infill
G1 F600
G1 X81.413 Y78.587 E.09566
G1 X81.413 Y81.413 E.09566
G1 X78.587 Y81.413 E.09566
G1 X78.587 Y78.791 E.08875
G1 X78.994 Y78.994 E.01539
G1 X81.006 Y78.994 E.0681
G1 X81.006 Y81.006 E.0681
G1 X78.994 Y81.006 E.0681
G1 X78.994 Y79.198 E.0612
G1 X79.402 Y79.402 E.01544
G1 X80.598 Y79.402 E.04048
G1 X80.598 Y80.598 E.04048
G1 X79.402 Y80.598 E.04048
G1 X79.402 Y79.605 E.03361
G1 X79.803 Y79.803 E.01514
;WIDTH:0.437834
G1 X80.197 Y79.803 E.01294
G1 X80.197 Y80.197 E.01294
G1 X79.803 Y80.197 E.01294
G1 X79.803 Y80.006 E.00627
;LAYER_CHANGE
;Z:20.6
;HEIGHT:0.200001
G1 E-1 F1800
G1 Z20.6 F300
G92 E0
G1 X81.618 Y81.618 F3000
G1 E1 F1800
;TYPE:Perimeter
;WIDTH:0.449999
G1 F600
G1 X78.382 Y81.618 E.10953
G1 X78.382 Y78.382 E.10953
G1 X81.618 Y78.382 E.10953
G1 X81.618 Y81.558 E.1075
G1 X82.025 Y82.025 F3000
;TYPE:External perimeter
G1 F600
G1 X77.975 Y82.025 E.13709
G1 X77.975 Y77.975 E.13709
G1 X82.025 Y77.975 E.13709
G1 X82.025 Y81.965 E.13506
G1 X81.629 Y82.024 F3000
G1 E-1 F1800
G1 X78.687 Y81.313 F3000
G1 E1 F1800
;TYPE:Solid infill
G1 F600
G1 X78.687 Y78.687 E.08889
G1 X81.313 Y78.687 E.08889
G1 X81.313 Y81.313 E.08889
G1 X78.891 Y81.313 E.08198
G1 X79.094 Y80.906 E.01539
G1 X79.094 Y79.094 E.06133
G1 X80.906 Y79.094 E.06133
G1 X80.906 Y80.906 E.06133
G1 X79.298 Y80.906 E.05443
G1 X79.502 Y80.498 E.01544
G1 X79.502 Y79.502 E.03371
G1 X80.498 Y79.502 E.03371
G1 X80.498 Y80.498 E.03371
G1 X79.705 Y80.498 E.02684
G1 X79.981 Y79.929 E.02141
;WIDTH:0.632746
G1 X79.929 Y79.981 E.00361
G1 X79.948 Y80.052 E.0036
G1 X80.019 Y80.071 E.0036
G1 X80.071 Y80.019 E.00361
G1 X80.052 Y79.948 E.0036
;LAYER_CHANGE
;Z:20.8
;HEIGHT:0.199999
G1 E-1 F1800
G1 Z20.8 F300
G92 E0
G1 X81.518 Y81.518 F3000
G1 E1 F1800
;TYPE:Perimeter
;WIDTH:0.449999
G1 F600
G1 X78.482 Y81.518 E.10276
G1 X78.482 Y78.482 E.10276
G1 X81.518 Y78.482 E.10276
G1 X81.518 Y81.458 E.10073
G1 X81.925 Y81.925 F3000
;TYPE:External perimeter
G1 F600
G1 X78.075 Y81.925 E.13032
G1 X78.075 Y78.075 E.13032
G1 X81.925 Y78.075 E.13032
G1 X81.925 Y81.865 E.12829
G1 X81.529 Y81.924 F3000
G1 E-1 F1800
G1 X78.787 Y78.787 F3000
G1 E1 F1800
;TYPE:Solid infill
G1 F600
G1 X81.213 Y78.787 E.08212
G1 X81.213 Y81.213 E.08212
G1 X78.787 Y81.213 E.08212
G1 X78.787 Y78.991 E.07521
G1 X79.194 Y79.194 E.01539
G1 X80.806 Y79.194 E.05456
G1 X80.806 Y80.806 E.05456
G1 X79.194 Y80.806 E.05456
G1 X79.194 Y79.398 E.04766
G1 X79.602 Y79.602 E.01544
G1 X80.398 Y79.602 E.02694
G1 X80.398 Y80.398 E.02694
G1 X79.602 Y80.398 E.02694
G1 X79.602 Y79.805 E.02007
;LAYER_CHANGE
;Z:21
;HEIGHT:0.200001
G1 E-1 F1800
G1 Z21 F300
G92 E0
G1 X81.418 Y81.418 F3000
G1 E1 F1800
;TYPE:Perimeter
G1 F600
G1 X78.582 Y81.418 E.096
G1 X78.582 Y78.582 E.096
G1 X81.418 Y78.582 E.096
G1 X81.418 Y81.358 E.09396
G1 X81.825 Y81.825 F3000
;TYPE:External perimeter
G1 F600
G1 X78.175 Y81.825 E.12355
G1 X78.175 Y78.175 E.12355
G1 X81.825 Y78.175 E.12355
G1 X81.825 Y81.765 E.12152
G1 X81.429 Y81.824 F3000
G1 E-1 F1800
G1 X78.887 Y81.113 F3000
G1 E1 F1800
;TYPE:Solid infill
G1 F600
G1 X78.887 Y78.887 E.07535
G1 X81.113 Y78.887 E.07535
G1 X81.113 Y81.113 E.07535
G1 X79.091 Y81.113 E.06844
G1 X79.294 Y80.706 E.01539
G1 X79.294 Y79.294 E.04779
G1 X80.706 Y79.294 E.04779
G1 X80.706 Y80.706 E.04779
G1 X79.498 Y80.706 E.04089
G1 X79.749 Y80.251 E.01759
;WIDTH:0.544913
G1 X79.749 Y79.749 E.02095
G1 X80.251 Y79.749 E.02095
G1 X80.251 Y80.251 E.02095
G1 X79.953 Y80.251 E.01244
;LAYER_CHANGE
;Z:21.2
;HEIGHT:0.200001
G1 E-1 F1800
G1 Z21.2 F300
G92 E0
G1 X81.318 Y81.318 F3000
G1 E1 F1800
;TYPE:Perimeter
;WIDTH:0.449999
G1 F600
G1 X78.682 Y81.318 E.08923
G1 X78.682 Y78.682 E.08923
G1 X81.318 Y78.682 E.08923
G1 X81.318 Y81.258 E.08719
G1 X81.725 Y81.725 F3000
;TYPE:External perimeter
G1 F600
G1 X78.275 Y81.725 E.11678
G1 X78.275 Y78.275 E.11678
G1 X81.725 Y78.275 E.11678
G1 X81.725 Y81.665 E.11475
G1 X81.329 Y81.724 F3000
G1 E-1 F1800
G1 X78.987 Y78.987 F3000
G1 E1 F1800
;TYPE:Solid infill
G1 F600
G1 X81.013 Y78.987 E.06858
G1 X81.013 Y81.013 E.06858
G1 X78.987 Y81.013 E.06858
G1 X78.987 Y79.191 E.06167
G1 X79.394 Y79.394 E.01539
G1 X80.606 Y79.394 E.04102
G1 X80.606 Y80.606 E.04102
G1 X79.394 Y80.606 E.04102
G1 X79.394 Y79.598 E.03412
G1 X79.799 Y79.799 E.0153
;WIDTH:0.444913
G1 X80.201 Y79.799 E.01344
G1 X80.201 Y80.201 E.01344
G1 X79.799 Y80.201 E.01344
G1 X79.799 Y80.003 E.00662
;LAYER_CHANGE
;Z:21.4
;HEIGHT:0.199999
G1 E-1 F1800
G1 Z21.4 F300
G92 E0
G1 X81.218 Y81.218 F3000
G1 E1 F1800
;TYPE:Perimeter
;WIDTH:0.449999
G1 F600
G1 X78.782 Y81.218 E.08246
G1 X78.782 Y78.782 E.08246
G1 X81.218 Y78.782 E.08246
G1 X81.218 Y81.158 E.08042
G1 X81.625 Y81.625 F3000
;TYPE:External perimeter
G1 F600
G1 X78.375 Y81.625 E.11001
G1 X78.375 Y78.375 E.11001
G1 X81.625 Y78.375 E.11001
G1 X81.625 Y81.565 E.10798
G1 X81.229 Y81.624 F3000
G1 E-1 F1800
G1 X79.087 Y80.913 F3000
G1 E1 F1800
;TYPE:Solid infill
G1 F600
G1 X79.087 Y79.087 E.06181
G1 X80.913 Y79.087 E.06181
G1 X80.913 Y80.913 E.06181
G1 X79.291 Y80.913 E.0549
G1 X79.494 Y80.506 E.01539
G1 X79.494 Y79.494 E.03425
G1 X80.506 Y79.494 E.03425
G1 X80.506 Y80.506 E.03425
G1 X79.698 Y80.506 E.02735
G1 X79.98 Y79.927 E.0218
;WIDTH:0.646908
G1 X79.927 Y79.98 E.00376
G1 X79.947 Y80.053 E.0038
G1 X80.02 Y80.073 E.0038
G1 X80.073 Y80.02 E.00376
G1 X80.053 Y79.947 E.0038
;LAYER_CHANGE
;Z:21.6
;HEIGHT:0.200001
G1 E-1 F1800
G1 Z21.6 F300
G92 E0
G1 X81.118 Y81.118 F3000
G1 E1 F1800
;TYPE:Perimeter
;WIDTH:0.449999
G1 F600
G1 X78.882 Y81.118 E.07569
G1 X78.882 Y78.882 E.07569
G1 X81.118 Y78.882 E.07569
G1 X81.118 Y81.058 E.07365
G1 X81.525 Y81.525 F3000
;TYPE:External perimeter
G1 F600
G1 X78.475 Y81.525 E.10324
G1 X78.475 Y78.475 E.10324
G1 X81.525 Y78.475 E.10324
G1 X81.525 Y81.465 E.10121
G1 X81.129 Y81.524 F3000
G1 E-1 F1800
G1 X79.187 Y79.187 F3000
G1 E1 F1800
;TYPE:Solid infill
G1 F600
G1 X80.813 Y79.187 E.05504
G1 X80.813 Y80.813 E.05504
G1 X79.187 Y80.813 E.05504
G1 X79.187 Y79.391 E.04813
G1 X79.594 Y79.594 E.01539
G1 X80.406 Y79.594 E.02749
G1 X80.406 Y80.406 E.02749
G1 X79.594 Y80.406 E.02749
G1 X79.594 Y79.798 E.02058
;LAYER_CHANGE
;Z:21.8
;HEIGHT:0.199999
G1 E-1 F1800
G1 Z21.8 F300
G92 E0
G1 X81.018 Y81.018 F3000
G1 E1 F1800
;TYPE:Perimeter
G1 F600
G1 X78.982 Y81.018 E.06892
G1 X78.982 Y78.982 E.06892
G1 X81.018 Y78.982 E.06892
G1 X81.018 Y80.958 E.06689
G1 X81.425 Y81.425 F3000
;TYPE:External perimeter
G1 F600
G1 X78.575 Y81.425 E.09647
G1 X78.575 Y78.575 E.09647
G1 X81.425 Y78.575 E.09647
G1 X81.425 Y81.365 E.09444
G1 X81.029 Y81.424 F3000
G1 X79.287 Y80.713
;TYPE:Solid infill
G1 F600
G1 X79.287 Y79.287 E.04827
G1 X80.713 Y79.287 E.04827
G1 X80.713 Y80.713 E.04827
G1 X79.491 Y80.713 E.04136
G1 X79.745 Y80.255 E.01773
;WIDTH:0.551992
G1 X79.745 Y79.745 E.02159
G1 X80.255 Y79.745 E.02159
G1 X80.255 Y80.255 E.02159
G1 X79.949 Y80.255 E.01295
;LAYER_CHANGE
;Z:22
;HEIGHT:0.200001
G1 E-1 F1800
G1 Z22 F300
G92 E0
G1 X80.918 Y80.918 F3000
G1 E1 F1800
;TYPE:Perimeter
;WIDTH:0.449999
G1 F600
G1 X79.082 Y80.918 E.06215
G1 X79.082 Y79.082 E.06215
G1 X80.918 Y79.082 E.06215
G1 X80.918 Y80.858 E.06012
G1 X81.325 Y81.325 F3000
;TYPE:External perimeter
G1 F600
G1 X78.675 Y81.325 E.0897
G1 X78.675 Y78.675 E.0897
G1 X81.325 Y78.675 E.0897
G1 X81.325 Y81.265 E.08767
G1 X80.929 Y81.324 F3000
G1 E-1 F1800
G1 X79.387 Y79.387 F3000
G1 E1 F1800
;TYPE:Solid infill
G1 F600
G1 X80.613 Y79.387 E.0415
G1 X80.613 Y80.613 E.0415
G1 X79.387 Y80.613 E.0415
G1 X79.387 Y79.591 E.03459
G1 X79.795 Y79.795 E.01544
;WIDTH:0.451993
G1 X80.205 Y79.795 E.01395
G1 X80.205 Y80.205 E.01395
G1 X79.795 Y80.205 E.01395
G1 X79.795 Y79.999 E.00701
;LAYER_CHANGE
;Z:22.2
;HEIGHT:0.200001
G1 E-1 F1800
G1 Z22.2 F300
G92 E0
G1 X80.818 Y80.818 F3000
G1 E1 F1800
;TYPE:Perimeter
;WIDTH:0.449999
G1 F600
G1 X79.182 Y80.818 E.05538
G1 X79.182 Y79.182 E.05538
G1 X80.818 Y79.182 E.05538
G1 X80.818 Y80.758 E.05335
G1 X81.225 Y81.225 F3000
;TYPE:External perimeter
G1 F600
G1 X78.775 Y81.225 E.08293
G1 X78.775 Y78.775 E.08293
G1 X81.225 Y78.775 E.08293
G1 X81.225 Y81.165 E.0809
G1 X80.829 Y81.224 F3000
G1 E-1 F1800
G1 X79.487 Y79.691 F3000
G1 E1 F1800
;TYPE:Solid infill
G1 F600
G1 X79.487 Y80.513 E.02782
G1 X80.513 Y80.513 E.03473
G1 X80.513 Y79.487 E.03473
G1 X79.487 Y79.487 E.03473
G1 X79.845 Y79.845 E.01714
;WIDTH:0.351991
G1 X80.155 Y79.845 E.00797
G1 X80.155 Y80.155 E.00797
G1 X79.845 Y80.155 E.00797
G1 X79.845 Y80.049 E.00272
;LAYER_CHANGE
;Z:22.4
;HEIGHT:0.199999
G1 E-1 F1800
G1 Z22.4 F300
G92 E0
G1 X80.718 Y80.718 F3000
G1 E1 F1800
;TYPE:Perimeter
;WIDTH:0.449999
G1 F600
G1 X79.282 Y80.718 E.04861
G1 X79.282 Y79.282 E.04861
G1 X80.718 Y79.282 E.04861
G1 X80.718 Y80.658 E.04658
G1 X81.125 Y81.125 F3000
;TYPE:External perimeter
G1 F600
G1 X78.875 Y81.125 E.07616
G1 X78.875 Y78.875 E.07616
G1 X81.125 Y78.875 E.07616
G1 X81.125 Y81.065 E.07413
G1 X80.729 Y81.124 F3000
G1 X80.209 Y79.587
;TYPE:Solid infill
G1 F600
G1 X79.587 Y79.587 E.02105
G1 X79.587 Y80.413 E.02796
G1 X80.413 Y80.413 E.02796
G1 X80.413 Y79.587 E.02796
G1 X80.05 Y79.986 E.01826
;WIDTH:0.461066
G1 X80.014 Y79.95 E.00177
G1 X79.963 Y79.963 E.00183
G1 X79.95 Y80.014 E.00183
G1 X79.986 Y80.05 E.00177
G1 X80.037 Y80.037 E.00183
;LAYER_CHANGE
;Z:22.6
;HEIGHT:0.200001
G1 E-1 F1800
G1 Z22.6 F300
G92 E0
G1 X80.618 Y80.618 F3000
G1 E1 F1800
;TYPE:Perimeter
;WIDTH:0.449999
G1 F600
G1 X79.382 Y80.618 E.04184
G1 X79.382 Y79.382 E.04184
G1 X80.618 Y79.382 E.04184
G1 X80.618 Y80.558 E.03981
G1 X81.025 Y81.025 F3000
;TYPE:External perimeter
G1 F600
G1 X78.975 Y81.025 E.06939
G1 X78.975 Y78.975 E.06939
G1 X81.025 Y78.975 E.06939
G1 X81.025 Y80.965 E.06736
G1 X80.629 Y81.024 F3000
G1 X79.742 Y80.258
;TYPE:Solid infill
;WIDTH:0.559071
G1 F600
G1 X79.742 Y79.742 E.02215
G1 X80.258 Y79.742 E.02215
G1 X80.258 Y80.258 E.02215
G1 X79.945 Y80.258 E.01343
;LAYER_CHANGE
;Z:22.8
;HEIGHT:0.199999
G1 E-1 F1800
G1 Z22.8 F300
G92 E0
G1 X80.518 Y80.518 F3000
G1 E1 F1800
;TYPE:Perimeter
;WIDTH:0.449999
G1 F600
G1 X79.482 Y80.518 E.03507
G1 X79.482 Y79.482 E.03507
G1 X80.518 Y79.482 E.03507
G1 X80.518 Y80.458 E.03304
G1 X80.925 Y80.925 F3000
;TYPE:External perimeter
G1 F600
G1 X79.075 Y80.925 E.06262
G1 X79.075 Y79.075 E.06262
G1 X80.925 Y79.075 E.06262
G1 X80.925 Y80.865 E.06059
G1 X80.529 Y80.924 F3000
G1 X79.792 Y79.792
;TYPE:Solid infill
;WIDTH:0.45907
G1 F600
G1 X80.208 Y79.792 E.01439
G1 X80.208 Y80.208 E.01439
G1 X79.792 Y80.208 E.01439
G1 X79.792 Y79.995 E.00737
;LAYER_CHANGE
;Z:23
;HEIGHT:0.200001
G1 E-1 F1800
G1 Z23 F300
G92 E0
G1 X80.418 Y80.418 F3000
G1 E1 F1800
;TYPE:Perimeter
;WIDTH:0.449999
G1 F600
G1 X79.582 Y80.418 E.0283
G1 X79.582 Y79.582 E.0283
G1 X80.418 Y79.582 E.0283
G1 X80.418 Y80.358 E.02627
G1 X80.825 Y80.825 F3000
;TYPE:External perimeter
G1 F600
G1 X79.175 Y80.825 E.05585
G1 X79.175 Y79.175 E.05585
G1 X80.825 Y79.175 E.05585
G1 X80.825 Y80.765 E.05382
G1 X80.429 Y80.824 F3000
G1 X79.842 Y79.842
;TYPE:Solid infill
;WIDTH:0.35907
G1 F600
G1 X80.158 Y79.842 E.00831
G1 X80.158 Y80.158 E.00831
G1 X79.842 Y80.158 E.00831
G1 X79.842 Y80.045 E.00297
;LAYER_CHANGE
;Z:23.2
;HEIGHT:0.200001
G1 E-1 F1800
G1 Z23.2 F300
G92 E0
G1 X80.261 Y80.261 F3000
G1 E1 F1800
;TYPE:Perimeter
;WIDTH:0.56438
G1 F600
G1 X79.739 Y80.261 E.02263
G1 X79.739 Y79.739 E.02263
G1 X80.261 Y79.739 E.02263
G1 X80.261 Y80.201 E.02003
G1 X80.725 Y80.725 F3000
;TYPE:External perimeter
;WIDTH:0.449999
G1 F600
G1 X79.275 Y80.725 E.04908
G1 X79.275 Y79.275 E.04908
G1 X80.725 Y79.275 E.04908
G1 X80.725 Y80.665 E.04705
G1 X80.329 Y80.724 F3000
;LAYER_CHANGE
;Z:23.4
;HEIGHT:0.199999
G1 E-1 F1800
G1 Z23.4 F300
G92 E0
G1 X80.211 Y80.211 F3000
G1 E1 F1800
;TYPE:Perimeter
;WIDTH:0.464381
G1 F600
G1 X79.789 Y80.211 E.01479
G1 X79.789 Y79.789 E.01479
G1 X80.211 Y79.789 E.01479
G1 X80.211 Y80.151 E.01269
G1 X80.625 Y80.625 F3000
;TYPE:External perimeter
;WIDTH:0.449999
G1 F600
G1 X79.375 Y80.625 E.04231
G1 X79.375 Y79.375 E.04231
G1 X80.625 Y79.375 E.04231
G1 X80.625 Y80.565 E.04028
G1 X80.229 Y80.624 F3000
;LAYER_CHANGE
;Z:23.6
;HEIGHT:0.200001
G1 E-1 F1800
G1 Z23.6 F300
G92 E0
G1 X80.161 Y80.161 F3000
G1 E1 F1800
;TYPE:Perimeter
;WIDTH:0.36438
G1 F600
G1 X79.839 Y80.161 E.00861
G1 X79.839 Y79.839 E.00861
G1 X80.161 Y79.839 E.00861
G1 X80.161 Y80.101 E.007
G1 X80.525 Y80.525 F3000
;TYPE:External perimeter
;WIDTH:0.449999
G1 F600
G1 X79.475 Y80.525 E.03554
G1 X79.475 Y79.475 E.03554
G1 X80.525 Y79.475 E.03554
G1 X80.525 Y80.465 E.03351
G1 X80.129 Y80.524 F3000
;LAYER_CHANGE
;Z:23.8
;HEIGHT:0.199999
G1 E-1 F1800
G1 Z23.8 F300
G92 E0
G1 X80.055 Y80 F3000
G1 E1 F1800
;TYPE:Perimeter
;WIDTH:0.48584
G1 F600
G1 X80.028 Y80.048 E.00203
G1 X79.972 Y80.048 E.00206
G1 X79.945 Y80 E.00203
G1 X79.972 Y79.952 E.00203
G1 X80.028 Y79.952 E.00206
G1 X80.425 Y80.425 F3000
;TYPE:External perimeter
;WIDTH:0.449999
G1 F600
G1 X79.575 Y80.425 E.02877
G1 X79.575 Y79.575 E.02877
G1 X80.425 Y79.575 E.02877
G1 X80.425 Y80.365 E.02674
G1 X80.029 Y80.424 F3000
;LAYER_CHANGE
;Z:24
;HEIGHT:0.200001
G1 E-1 F1800
G1 Z24 F300
G92 E0
G1 X80.264 Y80.264 F3000
G1 E1 F1800
;WIDTH:0.57146
G1 F600
G1 X79.736 Y80.264 E.0232
G1 X79.736 Y79.736 E.0232
G1 X80.264 Y79.736 E.0232
G1 X80.264 Y80.204 E.02057
G1 X79.869 Y80.264 F3000
;LAYER_CHANGE
;Z:24.2
;HEIGHT:0.200001
G1 E-1 F1800
G1 Z24.2 F300
G92 E0
G1 X80.214 Y80.214 F3000
G1 E1 F1800
;WIDTH:0.471459
G1 F600
G1 X79.786 Y80.214 E.01525
G1 X79.786 Y79.786 E.01525
G1 X80.214 Y79.786 E.01525
G1 X80.214 Y80.154 E.01311
G1 X79.819 Y80.214 F3000
;LAYER_CHANGE
;Z:24.4
;HEIGHT:0.199999
G1 E-1 F1800
G1 Z24.4 F300
G92 E0
G1 X80.164 Y80.164 F3000
G1 E1 F1800
;WIDTH:0.37146
G1 F600
G1 X79.836 Y80.164 E.00896
G1 X79.836 Y79.836 E.00896
G1 X80.164 Y79.836 E.00896
G1 X80.164 Y80.104 E.00732
G1 X79.765 Y80.09 F3000
;LAYER_CHANGE
;Z:24.6
;HEIGHT:0.200001
G1 E-1 F1800
G1 Z24.6 F300
G92 E0
G1 X80.057 Y80 F3000
G1 E1 F1800
;WIDTH:0.499998
G1 F600
G1 X80.029 Y80.049 E.00214
G1 X79.971 Y80.049 E.0022
G1 X79.943 Y80 E.00214
G1 X79.971 Y79.951 E.00214
G1 X80.029 Y79.951 E.0022
;LAYER_CHANGE
;Z:24.8
;HEIGHT:0.199999
G1 E-1 F1800
G1 Z24.8 F300
G92 E0
G1 X80.043 Y80 F3000
G1 E1 F1800
;WIDTH:0.38292
G1 F600
G1 X80.021 Y80.037 E.00122
G1 X79.958 Y80 E.00207
G1 X80.021 Y79.963 E.00207
G1 E-1 F1800
M107
;TYPE:Custom
; Filament-specific end gcode 
;END gcode for filament
G1 E-2 F1800
G1 Z34.8 F300
G1 X80 Y150 F3000
M400
M104 S0
M140 S0
M107
; objects_info = {"objects":[]}
; filament used [mm] = 1016.20
; filament used [cm3] = 2.44
; total filament used [g] = 0.00
; total filament cost = 0.00
; total filament used for wipe tower [g] = 0.00
; estimated printing time (normal mode) = 26m 13s
; estimated printing time (silent mode) = 26m 25s
; estimated first layer printing time (normal mode) = 2m 16s
; estimated first layer printing time (silent mode) = 2m 16s

; prusaslicer_config = begin
; arc_fitting = disabled
; autoemit_temperature_commands = 1
; automatic_extrusion_widths = 0
; automatic_infill_combination = 0
; automatic_infill_combination_max_layer_height = 100%
; avoid_crossing_curled_overhangs = 0
; avoid_crossing_perimeters = 0
; avoid_crossing_perimeters_max_detour = 0
; bed_custom_model = 
; bed_custom_texture = 
; bed_shape = 0x0,160x0,160x160,0x160
; bed_temperature = 60
; bed_temperature_extruder = 0
; before_layer_gcode = 
; between_objects_gcode = 
; binary_gcode = 0
; bottom_fill_pattern = monotonic
; bottom_solid_layers = 3
; bottom_solid_min_thickness = 0
; bridge_acceleration = 0
; bridge_angle = 0
; bridge_fan_speed = 100
; bridge_flow_ratio = 1
; bridge_speed = 20
; brim_separation = 0
; brim_type = outer_only
; brim_width = 0
; chamber_minimal_temperature = 0
; chamber_temperature = 0
; color_change_gcode = M600
; colorprint_heights = 
; complete_objects = 0
; cooling = 1
; cooling_perimeter_transition_distance = 0
; cooling_slowdown_logic = uniform_cooling
; cooling_tube_length = 5
; cooling_tube_retraction = 91.5
; custom_parameters_filament = ""
; custom_parameters_print = 
; custom_parameters_printer = 
; default_acceleration = 0
; default_filament_profile = 
; default_print_profile = 
; deretract_speed = 0
; disable_fan_first_layers = 1
; dont_support_bridges = 1
; draft_shield = disabled
; duplicate_distance = 6
; elefant_foot_compensation = 0
; enable_dynamic_fan_speeds = 0
; enable_dynamic_overhang_speeds = 0
; end_filament_gcode = "; Filament-specific end gcode \n;END gcode for filament\n"
; end_gcode = G1 E-2 F1800\nG1 Z{min(max_layer_z + 10, max_print_height)} F300\nG1 X80 Y150 F3000\nM400\nM104 S0\nM140 S0\nM107
; ensure_vertical_shell_thickness = enabled
; external_perimeter_acceleration = 0
; external_perimeter_extrusion_width = 0
; external_perimeter_speed = 20
; external_perimeters_first = 0
; extra_loading_move = -2
; extra_perimeters = 1
; extra_perimeters_on_overhangs = 0
; extruder_clearance_height = 20
; extruder_clearance_radius = 20
; extruder_colour = ""
; extruder_offset = 0x0
; extrusion_axis = E
; extrusion_multiplier = 1
; extrusion_width = 0
; fan_always_on = 1
; fan_below_layer_time = 60
; filament_abrasive = 0
; filament_colour = #29B2B2
; filament_cooling_final_speed = 3.4
; filament_cooling_initial_speed = 2.2
; filament_cooling_moves = 4
; filament_cost = 0
; filament_density = 0
; filament_deretract_speed = nil
; filament_diameter = 1.75
; filament_flush_speed = 0
; filament_flush_volume = 0
; filament_infill_max_crossing_speed = 0
; filament_infill_max_speed = 0
; filament_load_time = 0
; filament_loading_speed = 28
; filament_loading_speed_start = 3
; filament_max_volumetric_speed = 5
; filament_minimal_purge_on_wipe_tower = 15
; filament_multitool_ramming = 0
; filament_multitool_ramming_flow = 10
; filament_multitool_ramming_volume = 10
; filament_notes = ""
; filament_purge_multiplier = 100%
; filament_ramming_parameters = "120 100 6.6 6.8 7.2 7.6 7.9 8.2 8.7 9.4 9.9 10.0| 0.05 6.6 0.45 6.8 0.95 7.8 1.45 8.3 1.95 9.7 2.45 10 2.95 7.6 3.45 7.6 3.95 7.6 4.45 7.6 4.95 7.6"
; filament_retract_before_travel = nil
; filament_retract_before_wipe = nil
; filament_retract_layer_change = nil
; filament_retract_length = nil
; filament_retract_length_toolchange = nil
; filament_retract_lift = nil
; filament_retract_lift_above = nil
; filament_retract_lift_below = nil
; filament_retract_restart_extra = nil
; filament_retract_restart_extra_toolchange = nil
; filament_retract_speed = nil
; filament_seam_gap_distance = nil
; filament_settings_id = "ESP32 Printer PLA"
; filament_shrinkage_compensation_xy = 0%
; filament_shrinkage_compensation_z = 0%
; filament_soluble = 0
; filament_spool_weight = 0
; filament_stamping_distance = 0
; filament_stamping_loading_speed = 20
; filament_toolchange_delay = 0
; filament_travel_lift_before_obstacle = nil
; filament_travel_max_lift = nil
; filament_travel_ramping_lift = nil
; filament_travel_slope = nil
; filament_type = PLA
; filament_unload_time = 0
; filament_unloading_speed = 90
; filament_unloading_speed_start = 100
; filament_vendor = (Unknown)
; filament_wipe = nil
; fill_angle = 45
; fill_density = 15%
; fill_pattern = stars
; first_layer_acceleration = 0
; first_layer_acceleration_over_raft = 0
; first_layer_bed_temperature = 60
; first_layer_extrusion_width = 200%
; first_layer_height = 0.2
; first_layer_infill_speed = 0
; first_layer_speed = 15
; first_layer_speed_over_raft = 30
; first_layer_temperature = 205
; full_fan_speed_layer = 0
; fuzzy_skin = none
; fuzzy_skin_point_dist = 0.8
; fuzzy_skin_thickness = 0.3
; gap_fill_enabled = 1
; gap_fill_speed = 20
; gcode_comments = 0
; gcode_flavor = marlin2
; gcode_label_objects = disabled
; gcode_resolution = 0.0125
; gcode_substitutions = 
; high_current_on_filament_swap = 0
; host_type = prusalink
; idle_temperature = nil
; infill_acceleration = 0
; infill_anchor = 600%
; infill_anchor_max = 50
; infill_every_layers = 1
; infill_extruder = 1
; infill_extrusion_width = 0
; infill_first = 0
; infill_overlap = 25%
; infill_speed = 30
; interface_shells = 0
; interlocking_beam = 0
; interlocking_beam_layer_count = 2
; interlocking_beam_width = 0.8
; interlocking_boundary_avoidance = 2
; interlocking_depth = 2
; interlocking_orientation = 22.5
; ironing = 0
; ironing_flowrate = 15%
; ironing_spacing = 0.1
; ironing_speed = 15
; ironing_type = top
; layer_gcode = G92 E0
; layer_height = 0.2
; machine_limits_usage = ignore
; machine_max_acceleration_e = 10000,5000
; machine_max_acceleration_extruding = 1500,1250
; machine_max_acceleration_retracting = 1500,1250
; machine_max_acceleration_travel = 1500,1250
; machine_max_acceleration_x = 9000,1000
; machine_max_acceleration_y = 9000,1000
; machine_max_acceleration_z = 500,200
; machine_max_feedrate_e = 120,120
; machine_max_feedrate_x = 500,200
; machine_max_feedrate_y = 500,200
; machine_max_feedrate_z = 12,12
; machine_max_jerk_e = 2.5,2.5
; machine_max_jerk_x = 10,10
; machine_max_jerk_y = 10,10
; machine_max_jerk_z = 0.2,0.4
; machine_max_junction_deviation = 0,0
; machine_min_extruding_rate = 0,0
; machine_min_travel_rate = 0,0
; max_fan_speed = 70
; max_layer_height = 0
; max_print_height = 160
; max_print_speed = 40
; max_volumetric_extrusion_rate_slope_negative = 0
; max_volumetric_extrusion_rate_slope_positive = 0
; max_volumetric_speed = 0
; min_bead_width = 85%
; min_fan_speed = 35
; min_feature_size = 25%
; min_layer_height = 0.07
; min_print_speed = 10
; min_skirt_length = 0
; mmu_segmented_region_interlocking_depth = 0
; mmu_segmented_region_max_width = 0
; multimaterial_purging = 140
; notes = 
; nozzle_diameter = 0.4
; nozzle_high_flow = 0
; only_one_perimeter_first_layer = 0
; only_retract_when_crossing_perimeters = 0
; ooze_prevention = 0
; output_filename_format = [input_filename_base].gcode
; over_bridge_speed = 0
; overhang_fan_speed_0 = 0
; overhang_fan_speed_1 = 0
; overhang_fan_speed_2 = 0
; overhang_fan_speed_3 = 0
; overhang_speed_0 = 15
; overhang_speed_1 = 15
; overhang_speed_2 = 20
; overhang_speed_3 = 25
; overhangs = 1
; parking_pos_retraction = 92
; pause_print_gcode = M601
; perimeter_acceleration = 0
; perimeter_extruder = 1
; perimeter_extrusion_width = 0
; perimeter_generator = arachne
; perimeter_speed = 25
; perimeters = 2
; physical_printer_settings_id = 
; post_process = 
; prefer_clockwise_movements = 0
; print_settings_id = ESP32 Printer - 0.20mm
; printer_model = 
; printer_notes = 
; printer_settings_id = ESP32 Printer
; printer_technology = FFF
; printer_variant = 
; printer_vendor = 
; raft_contact_distance = 0.1
; raft_expansion = 1.5
; raft_first_layer_density = 90%
; raft_first_layer_expansion = 3
; raft_layers = 0
; remaining_times = 0
; resolution = 0
; retract_before_travel = 2
; retract_before_wipe = 0%
; retract_layer_change = 1
; retract_length = 1
; retract_length_toolchange = 10
; retract_lift = 0
; retract_lift_above = 0
; retract_lift_below = 0
; retract_restart_extra = 0
; retract_restart_extra_toolchange = 0
; retract_speed = 30
; scarf_seam_entire_loop = 0
; scarf_seam_length = 20
; scarf_seam_max_segment_length = 1
; scarf_seam_on_inner_perimeters = 0
; scarf_seam_only_on_smooth = 1
; scarf_seam_placement = nowhere
; scarf_seam_start_height = 0%
; seam_gap_distance = 15%
; seam_position = aligned
; silent_mode = 1
; single_extruder_multi_material = 0
; single_extruder_multi_material_priming = 1
; skirt_distance = 3
; skirt_height = 1
; skirts = 1
; slice_closing_radius = 0.049
; slicing_mode = regular
; slowdown_below_layer_time = 10
; small_perimeter_speed = 15
; solid_infill_acceleration = 0
; solid_infill_below_area = 70
; solid_infill_every_layers = 0
; solid_infill_extruder = 1
; solid_infill_extrusion_width = 0
; solid_infill_speed = 25
; spiral_vase = 0
; staggered_inner_seams = 0
; standby_temperature_delta = -5
; start_filament_gcode = "; Filament gcode\n"
; start_gcode = G90\nM83\nM107\nG28\nM190 S[first_layer_bed_temperature]\nM109 S[first_layer_temperature]\nG1 Z5 F300\nG1 X40 Y10 F3000\nG1 Z0.3 F300\nG1 X120 Y10 E6 F900\nG1 Z1 F300
; support_material = 0
; support_material_angle = 0
; support_material_auto = 1
; support_material_bottom_contact_distance = 0
; support_material_bottom_interface_layers = -1
; support_material_buildplate_only = 0
; support_material_closing_radius = 2
; support_material_contact_distance = 0.2
; support_material_enforce_layers = 0
; support_material_extruder = 1
; support_material_extrusion_width = 0
; support_material_interface_contact_loops = 0
; support_material_interface_extruder = 1
; support_material_interface_layers = 3
; support_material_interface_pattern = rectilinear
; support_material_interface_spacing = 0
; support_material_interface_speed = 100%
; support_material_pattern = rectilinear
; support_material_spacing = 2.5
; support_material_speed = 25
; support_material_style = grid
; support_material_synchronize_layers = 0
; support_material_threshold = 0
; support_material_with_sheath = 1
; support_material_xy_spacing = 50%
; support_tree_angle = 40
; support_tree_angle_slow = 25
; support_tree_branch_diameter = 2
; support_tree_branch_diameter_angle = 5
; support_tree_branch_diameter_double_wall = 3
; support_tree_branch_distance = 1
; support_tree_tip_diameter = 0.8
; support_tree_top_rate = 15%
; temperature = 200
; template_custom_gcode = 
; thick_bridges = 1
; thin_walls = 1
; thumbnails = 
; thumbnails_format = PNG
; toolchange_gcode = 
; toolchange_ordering = optimized
; top_fill_pattern = monotonic
; top_infill_extrusion_width = 0
; top_one_perimeter_type = none
; top_solid_infill_acceleration = 0
; top_solid_infill_speed = 20
; top_solid_layers = 4
; top_solid_min_thickness = 0
; travel_acceleration = 0
; travel_lift_before_obstacle = 0
; travel_max_lift = 0
; travel_ramping_lift = 0
; travel_short_distance_acceleration = 0
; travel_slope = 0
; travel_speed = 50
; travel_speed_z = 5
; use_firmware_retraction = 0
; use_relative_e_distances = 1
; use_volumetric_e = 0
; variable_layer_height = 1
; wall_distribution_count = 1
; wall_transition_angle = 10
; wall_transition_filter_deviation = 25%
; wall_transition_length = 100%
; wipe = 0
; wipe_into_infill = 0
; wipe_into_objects = 0
; wipe_tower = 0
; wipe_tower_acceleration = 0
; wipe_tower_bridging = 10
; wipe_tower_brim_width = 2
; wipe_tower_cone_angle = 0
; wipe_tower_extra_flow = 100%
; wipe_tower_extra_spacing = 100%
; wipe_tower_extruder = 0
; wipe_tower_no_sparse_layers = 0
; wipe_tower_width = 60
; wiping_volumes_matrix = 0
; wiping_volumes_use_custom_matrix = 0
; xy_size_compensation = 0
; z_offset = 0
; prusaslicer_config = end
